build_id,pipeline_id,task_name,task_category,task_duration_seconds,queue_time_seconds,cache_hits,cache_misses,cache_hit_rate,agent_utilisation_percent,number_of_tasks,failed_tasks,parallelizable_tasks,build_duration_seconds,build_status,bottleneck_label,bottleneck_type,severity
BUILD-1000,PIPE-ml,dependency_install_step_3,dependency_install,89.49,69.34,3,126,0.0233,0.4918,12,0,3,461.12,SUCCESS,1,LOW_CACHE_EFFICIENCY,MEDIUM
BUILD-1000,PIPE-api,unit_test_step_1,unit_test,89.66,33.58,189,15,0.9265,0.7226,13,0,0,462.81,SUCCESS,0,NONE,NONE
BUILD-1001,PIPE-worker,compile_step_2,compile,76.59,109.97,76,4,0.95,0.1717,9,0,0,393.57,SUCCESS,0,NONE,NONE
BUILD-1001,PIPE-auth,dependency_install_step_4,dependency_install,41.93,588.96,142,20,0.8765,0.6337,5,1,4,718.26,FAILED,0,NONE,NONE
BUILD-1001,PIPE-api,build_step_4,build,191.73,57.72,143,7,0.9533,0.3651,7,0,0,546.44,SUCCESS,0,NONE,LOW
BUILD-1002,PIPE-ml,dependency_install_step_2,dependency_install,29.85,648.93,192,9,0.9552,0.3041,17,0,0,877.64,SUCCESS,0,NONE,NONE
BUILD-1002,PIPE-worker,compile_step_2,compile,88.1,119.84,130,8,0.942,0.5003,10,0,3,459.32,SUCCESS,0,NONE,NONE
BUILD-1002,PIPE-auth,unit_test_step_4,unit_test,46.79,34.21,106,6,0.9464,0.5555,5,0,3,152.34,SUCCESS,0,NONE,NONE
BUILD-1003,PIPE-worker,integration_test_step_4,integration_test,154.19,63.55,0,0,1.0,0.1916,12,0,0,727.29,SUCCESS,0,NONE,NONE
BUILD-1003,PIPE-core,security_scan_step_3,security_scan,43.02,164.78,0,0,1.0,0.4809,8,0,0,303.7,SUCCESS,0,NONE,NONE
BUILD-1003,PIPE-web,package_step_2,package,12.38,117.31,0,0,1.0,0.9607,14,0,0,232.19,SUCCESS,0,NONE,NONE
BUILD-1004,PIPE-api,unit_test_step_1,unit_test,92.58,60.38,78,13,0.8571,0.6311,17,0,6,636.49,SUCCESS,0,NONE,NONE
BUILD-1004,PIPE-core,security_scan_step_1,security_scan,240.04,10.45,0,0,1.0,0.7009,6,0,0,544.73,SUCCESS,0,NONE,NONE
BUILD-1004,PIPE-auth,unit_test_step_2,unit_test,115.53,88.92,101,24,0.808,0.5858,14,0,0,682.83,SUCCESS,0,NONE,NONE
BUILD-1005,PIPE-api,checkout_step_1,checkout,27.03,13.44,0,0,1.0,0.5181,7,1,0,116.69,FAILED,0,NONE,LOW
BUILD-1005,PIPE-core,build_step_3,build,221.17,607.21,174,8,0.956,0.4603,15,0,0,1787.42,SUCCESS,1,QUEUE_BOTTLENECK,CRITICAL
BUILD-1005,PIPE-worker,lint_step_2,lint,16.61,321.92,140,15,0.9032,0.7901,17,0,0,443.6,SUCCESS,1,QUEUE_BOTTLENECK,HIGH
BUILD-1006,PIPE-core,checkout_step_3,checkout,11.09,19.62,0,0,1.0,0.9373,7,0,4,66.9,SUCCESS,1,AGENT_UTILISATION,MEDIUM
BUILD-1006,PIPE-worker,compile_step_1,compile,190.94,62.66,190,5,0.9744,0.9524,12,0,0,890.49,SUCCESS,0,NONE,NONE
BUILD-1006,PIPE-api,unit_test_step_4,unit_test,146.08,37.92,65,7,0.9028,0.5476,10,0,0,571.47,SUCCESS,0,NONE,NONE
BUILD-1007,PIPE-ml,package_step_4,package,29.64,347.11,0,0,1.0,0.4249,4,0,0,413.7,SUCCESS,1,QUEUE_BOTTLENECK,HIGH
BUILD-1007,PIPE-core,checkout_step_4,checkout,10.48,99.2,0,0,1.0,0.5699,6,1,0,140.42,FAILED,0,NONE,NONE
BUILD-1007,PIPE-core,integration_test_step_2,integration_test,52.04,244.8,0,0,1.0,0.4161,13,0,0,519.2,SUCCESS,0,NONE,NONE
BUILD-1008,PIPE-auth,integration_test_step_3,integration_test,108.75,93.31,0,0,1.0,0.7393,15,0,4,721.57,SUCCESS,0,NONE,NONE
BUILD-1008,PIPE-core,checkout_step_1,checkout,22.67,704.9,0,0,1.0,0.7109,8,0,3,797.64,SUCCESS,0,NONE,NONE
BUILD-1008,PIPE-api,unit_test_step_3,unit_test,142.53,87.4,185,2,0.9893,0.3604,12,0,0,707.33,SUCCESS,0,NONE,NONE
BUILD-1009,PIPE-core,build_step_2,build,213.05,87.61,137,8,0.9448,0.723,17,0,0,1406.71,SUCCESS,0,NONE,NONE
BUILD-1009,PIPE-core,integration_test_step_3,integration_test,166.98,574.74,0,0,1.0,0.5448,6,0,0,944.63,SUCCESS,1,QUEUE_BOTTLENECK,HIGH
BUILD-1009,PIPE-auth,security_scan_step_1,security_scan,126.12,530.2,0,0,1.0,0.785,15,0,0,1244.35,SUCCESS,0,NONE,NONE
BUILD-1010,PIPE-api,unit_test_step_1,unit_test,104.3,105.53,60,30,0.6667,0.7441,14,0,0,655.51,SUCCESS,0,NONE,NONE
BUILD-1010,PIPE-worker,package_step_2,package,39.39,252.03,0,0,1.0,0.2627,6,0,0,369.5,SUCCESS,0,NONE,LOW
BUILD-1010,PIPE-ml,build_step_4,build,274.98,21.06,113,10,0.9187,0.7662,15,0,0,1492.3,SUCCESS,1,SLOW_TASK,MEDIUM
BUILD-1011,PIPE-api,dependency_install_step_4,dependency_install,122.08,28.5,108,9,0.9231,0.9385,7,0,4,376.7,SUCCESS,0,NONE,NONE
BUILD-1011,PIPE-auth,unit_test_step_3,unit_test,190.19,16.69,8,62,0.1143,0.2089,8,1,0,582.15,FAILED,1,LOW_CACHE_EFFICIENCY,MEDIUM
BUILD-1011,PIPE-web,security_scan_step_3,security_scan,245.87,40.51,0,0,1.0,0.3089,5,0,5,493.11,SUCCESS,1,SLOW_TASK,HIGH
BUILD-1012,PIPE-core,unit_test_step_2,unit_test,88.57,67.29,10,119,0.0775,0.4743,17,0,0,629.9,SUCCESS,1,LOW_CACHE_EFFICIENCY,MEDIUM
BUILD-1012,PIPE-ml,unit_test_step_4,unit_test,131.79,221.19,99,15,0.8684,0.4598,10,0,0,698.5,SUCCESS,0,NONE,NONE
BUILD-1012,PIPE-auth,lint_step_3,lint,45.33,87.56,198,21,0.9041,0.5934,11,0,0,289.77,SUCCESS,0,NONE,NONE
BUILD-1013,PIPE-ml,dependency_install_step_1,dependency_install,38.41,312.71,135,4,0.9712,0.4877,16,0,0,584.69,SUCCESS,1,QUEUE_BOTTLENECK,HIGH
BUILD-1013,PIPE-api,checkout_step_2,checkout,52.89,101.3,0,0,1.0,0.6578,16,1,6,430.0,FAILED,0,NONE,NONE
BUILD-1013,PIPE-ml,unit_test_step_4,unit_test,87.85,205.52,51,30,0.6296,0.5969,16,0,6,727.27,SUCCESS,0,NONE,NONE
BUILD-1014,PIPE-auth,compile_step_1,compile,189.04,111.32,185,19,0.9069,0.6576,16,0,0,1204.81,SUCCESS,0,NONE,NONE
BUILD-1014,PIPE-auth,unit_test_step_2,unit_test,192.93,20.03,116,26,0.8169,0.4515,14,0,0,1011.93,SUCCESS,0,NONE,NONE
BUILD-1014,PIPE-worker,checkout_step_3,checkout,29.77,290.5,0,0,1.0,0.5717,18,0,3,537.42,SUCCESS,0,NONE,NONE
BUILD-1015,PIPE-core,unit_test_step_3,unit_test,250.24,107.58,102,28,0.7846,0.1676,18,0,6,1721.26,SUCCESS,1,SLOW_TASK,HIGH
BUILD-1015,PIPE-worker,unit_test_step_3,unit_test,107.21,18.22,157,19,0.892,0.6776,12,0,0,526.8,SUCCESS,0,NONE,NONE
BUILD-1015,PIPE-worker,checkout_step_3,checkout,11.96,26.45,0,0,1.0,0.4339,15,0,6,129.16,SUCCESS,0,NONE,NONE
BUILD-1016,PIPE-worker,integration_test_step_1,integration_test,165.52,593.74,0,0,1.0,0.7778,17,0,3,1595.63,SUCCESS,1,QUEUE_BOTTLENECK,HIGH
BUILD-1016,PIPE-worker,compile_step_4,compile,205.52,31.12,157,10,0.9401,0.7042,11,1,0,840.87,FAILED,0,NONE,NONE
BUILD-1016,PIPE-web,compile_step_1,compile,299.61,119.26,57,9,0.8636,0.3752,4,0,0,596.45,SUCCESS,1,SLOW_TASK,MEDIUM
BUILD-1017,PIPE-core,integration_test_step_2,integration_test,263.53,185.44,0,0,1.0,0.5706,9,0,0,1037.33,SUCCESS,0,NONE,NONE
BUILD-1017,PIPE-api,package_step_1,package,61.45,129.98,0,0,1.0,0.3875,13,0,3,427.11,SUCCESS,0,NONE,LOW
BUILD-1017,PIPE-ml,lint_step_2,lint,31.32,718.6,80,27,0.7477,0.6429,16,1,0,920.12,FAILED,0,NONE,NONE
BUILD-1018,PIPE-core,unit_test_step_3,unit_test,116.8,556.56,175,5,0.9722,0.7387,9,0,0,944.59,SUCCESS,1,QUEUE_BOTTLENECK,HIGH
BUILD-1018,PIPE-worker,dependency_install_step_3,dependency_install,203.81,57.73,173,16,0.9153,0.4267,15,0,2,1160.89,SUCCESS,0,NONE,NONE
BUILD-1018,PIPE-worker,compile_step_4,compile,243.65,25.57,136,2,0.9855,0.8121,9,0,0,848.75,SUCCESS,1,SLOW_TASK,MEDIUM
BUILD-1019,PIPE-web,compile_step_3,compile,30.9,42.83,98,4,0.9608,0.598,10,0,0,207.68,SUCCESS,0,NONE,NONE
BUILD-1019,PIPE-worker,unit_test_step_1,unit_test,122.75,711.71,112,11,0.9106,0.2845,9,0,6,1116.79,SUCCESS,0,NONE,NONE
BUILD-1019,PIPE-ml,unit_test_step_3,unit_test,164.65,157.61,6,80,0.0698,0.9479,12,0,5,894.18,SUCCESS,1,LOW_CACHE_EFFICIENCY,CRITICAL
BUILD-1020,PIPE-web,security_scan_step_3,security_scan,88.24,22.03,0,0,1.0,0.5221,8,0,6,305.09,SUCCESS,0,NONE,NONE
BUILD-1020,PIPE-core,package_step_3,package,8.24,86.21,0,0,1.0,0.9131,17,0,4,186.21,SUCCESS,0,NONE,NONE
BUILD-1020,PIPE-worker,compile_step_1,compile,143.22,174.89,79,28,0.7383,0.9149,11,1,0,753.75,FAILED,0,NONE,LOW
BUILD-1021,PIPE-api,lint_step_3,lint,42.73,391.88,192,26,0.8807,0.8052,13,0,0,622.12,SUCCESS,1,QUEUE_BOTTLENECK,HIGH
BUILD-1021,PIPE-worker,build_step_3,build,72.86,56.59,128,20,0.8649,0.4146,13,0,0,414.01,SUCCESS,0,NONE,NONE
BUILD-1021,PIPE-web,security_scan_step_2,security_scan,42.89,35.27,0,0,1.0,0.6196,6,1,0,167.05,FAILED,0,NONE,NONE
BUILD-1022,PIPE-web,checkout_step_3,checkout,39.91,15.91,0,0,1.0,0.635,11,1,4,190.3,FAILED,0,NONE,NONE
BUILD-1022,PIPE-ml,integration_test_step_2,integration_test,51.53,64.98,0,0,1.0,0.3054,14,0,2,343.55,SUCCESS,0,NONE,NONE
BUILD-1022,PIPE-web,integration_test_step_3,integration_test,99.46,22.38,0,0,1.0,0.5642,8,0,0,352.64,SUCCESS,0,NONE,NONE
BUILD-1023,PIPE-core,integration_test_step_4,integration_test,81.8,182.28,0,0,1.0,0.7146,4,0,0,320.22,SUCCESS,0,NONE,NONE
BUILD-1023,PIPE-core,package_step_3,package,12.94,28.04,0,0,1.0,0.5393,6,0,0,77.16,SUCCESS,0,NONE,NONE
BUILD-1023,PIPE-auth,unit_test_step_4,unit_test,446.1,36.67,154,12,0.9277,0.2424,5,0,0,863.01,SUCCESS,0,NONE,NONE
BUILD-1024,PIPE-worker,lint_step_1,lint,36.73,44.5,132,5,0.9635,0.6522,10,0,6,191.05,SUCCESS,0,NONE,NONE
BUILD-1024,PIPE-core,dependency_install_step_3,dependency_install,89.02,19.79,163,26,0.8624,0.9736,8,0,5,293.12,SUCCESS,1,AGENT_UTILISATION,MEDIUM
BUILD-1024,PIPE-core,checkout_step_2,checkout,19.33,81.12,0,0,1.0,0.4026,4,0,0,159.93,SUCCESS,0,NONE,NONE
BUILD-1025,PIPE-worker,package_step_2,package,5.0,33.31,0,0,1.0,0.6557,12,0,0,86.59,SUCCESS,0,NONE,NONE
BUILD-1025,PIPE-worker,integration_test_step_4,integration_test,201.4,18.08,0,0,1.0,0.7379,15,0,5,1126.16,SUCCESS,0,NONE,NONE
BUILD-1025,PIPE-auth,compile_step_1,compile,175.59,111.01,200,20,0.9091,0.8051,11,0,0,803.54,SUCCESS,0,NONE,NONE
BUILD-1026,PIPE-auth,unit_test_step_3,unit_test,267.39,37.21,111,20,0.8473,0.6163,17,0,0,1649.93,SUCCESS,0,NONE,NONE
BUILD-1026,PIPE-worker,unit_test_step_2,unit_test,188.55,76.61,16,115,0.1221,0.6729,5,0,0,429.74,SUCCESS,0,NONE,NONE
BUILD-1026,PIPE-ml,dependency_install_step_2,dependency_install,72.83,496.73,117,12,0.907,0.5908,10,0,0,794.15,SUCCESS,0,NONE,NONE
BUILD-1027,PIPE-worker,package_step_4,package,27.18,176.24,0,0,1.0,0.9666,5,0,3,245.67,SUCCESS,1,AGENT_UTILISATION,MEDIUM
BUILD-1027,PIPE-ml,checkout_step_1,checkout,82.02,96.68,0,0,1.0,0.6723,5,0,0,299.53,SUCCESS,0,NONE,LOW
BUILD-1027,PIPE-core,compile_step_3,compile,384.74,13.66,155,20,0.8857,0.7143,6,0,0,878.01,SUCCESS,0,NONE,NONE
BUILD-1028,PIPE-api,unit_test_step_2,unit_test,55.25,49.12,0,0,0.9288,0.5455,18,0,0,434.62,SUCCESS,0,NONE,NONE
BUILD-1028,PIPE-worker,package_step_3,package,44.04,66.48,0,0,1.0,0.5598,8,0,0,249.65,SUCCESS,0,NONE,NONE
BUILD-1028,PIPE-core,compile_step_3,compile,389.59,100.1,125,2,0.9843,0.563,14,2,0,2025.74,FAILED,1,SLOW_TASK,MEDIUM
BUILD-1029,PIPE-ml,package_step_4,package,115.09,107.11,0,0,1.0,0.7998,16,0,3,791.8,SUCCESS,0,NONE,NONE
BUILD-1029,PIPE-ml,lint_step_2,lint,18.93,199.86,60,11,0.8451,0.4007,4,0,3,242.5,SUCCESS,0,NONE,NONE
BUILD-1029,PIPE-worker,dependency_install_step_2,dependency_install,88.87,11.79,143,18,0.8882,0.3655,8,0,0,280.31,SUCCESS,0,NONE,NONE
BUILD-1030,PIPE-web,lint_step_3,lint,16.16,75.26,69,6,0.92,0.4968,7,0,0,119.63,SUCCESS,0,NONE,NONE
BUILD-1030,PIPE-auth,unit_test_step_4,unit_test,283.72,426.66,166,13,0.9274,0.3803,14,0,0,1872.06,SUCCESS,1,QUEUE_BOTTLENECK,CRITICAL
BUILD-1030,PIPE-web,dependency_install_step_2,dependency_install,44.54,41.04,193,12,0.9415,0.557,7,0,0,190.01,SUCCESS,0,NONE,NONE
BUILD-1031,PIPE-ml,unit_test_step_2,unit_test,38.36,621.9,15,54,0.2174,0.9212,18,0,6,917.65,SUCCESS,1,QUEUE_BOTTLENECK,CRITICAL
BUILD-1031,PIPE-worker,integration_test_step_2,integration_test,209.2,45.99,0,0,1.0,0.5004,17,0,0,1317.33,SUCCESS,0,NONE,LOW
BUILD-1031,PIPE-web,dependency_install_step_4,dependency_install,72.84,58.48,75,23,0.7653,0.7364,18,0,3,561.69,SUCCESS,0,NONE,NONE
BUILD-1032,PIPE-worker,checkout_step_2,checkout,16.97,19.57,0,0,1.0,0.5648,4,1,2,88.25,FAILED,0,NONE,NONE
BUILD-1032,PIPE-api,checkout_step_2,checkout,5.0,13.13,0,0,1.0,0.4292,7,0,0,51.42,SUCCESS,0,NONE,LOW
BUILD-1032,PIPE-api,package_step_3,package,5.58,92.52,0,0,1.0,0.9338,17,1,3,166.21,FAILED,0,NONE,NONE
BUILD-1033,PIPE-core,dependency_install_step_1,dependency_install,207.03,609.02,79,25,0.7596,0.9272,11,0,6,1422.49,SUCCESS,1,QUEUE_BOTTLENECK,CRITICAL
BUILD-1033,PIPE-api,package_step_1,package,38.71,54.58,0,0,1.0,0.2415,14,0,0,262.64,SUCCESS,0,NONE,LOW
BUILD-1033,PIPE-worker,build_step_4,build,126.0,47.09,163,4,0.976,0.6425,9,0,6,471.24,SUCCESS,0,NONE,NONE
BUILD-1034,PIPE-web,unit_test_step_3,unit_test,38.06,172.03,75,27,0.7353,0.6559,17,0,0,437.87,SUCCESS,0,NONE,NONE
BUILD-1034,PIPE-worker,unit_test_step_2,unit_test,155.7,79.89,152,15,0.9102,0.6566,9,0,3,595.3,SUCCESS,0,NONE,NONE
BUILD-1034,PIPE-worker,checkout_step_1,checkout,44.44,594.43,0,0,1.0,0.9338,15,0,6,884.34,SUCCESS,1,QUEUE_BOTTLENECK,CRITICAL
BUILD-1035,PIPE-auth,compile_step_1,compile,219.85,34.98,158,29,0.8449,0.5211,4,0,4,363.2,SUCCESS,0,NONE,NONE
BUILD-1035,PIPE-api,integration_test_step_2,integration_test,143.15,93.86,0,0,1.0,0.4358,12,0,0,724.43,SUCCESS,0,NONE,NONE
BUILD-1035,PIPE-auth,package_step_1,package,45.85,27.24,0,0,1.0,0.5615,15,0,0,318.9,SUCCESS,0,NONE,NONE
BUILD-1036,PIPE-web,compile_step_2,compile,96.69,74.19,152,4,0.9744,0.9799,14,0,0,607.25,SUCCESS,1,AGENT_UTILISATION,MEDIUM
BUILD-1036,PIPE-worker,unit_test_step_3,unit_test,97.53,611.1,133,26,0.8365,0.701,13,0,6,1083.2,SUCCESS,0,NONE,LOW
BUILD-1036,PIPE-core,compile_step_4,compile,37.47,26.0,119,8,0.937,0.289,5,0,0,127.61,SUCCESS,0,NONE,NONE
BUILD-1037,PIPE-auth,security_scan_step_1,security_scan,54.96,27.13,0,0,1.0,0.4476,4,1,2,129.45,FAILED,0,NONE,NONE
BUILD-1037,PIPE-web,compile_step_1,compile,96.68,628.53,94,6,0.94,0.318,15,0,0,1158.03,SUCCESS,0,NONE,NONE
BUILD-1037,PIPE-worker,build_step_1,build,94.77,60.05,69,29,0.7041,0.7027,10,0,2,418.7,SUCCESS,0,NONE,NONE
BUILD-1038,PIPE-web,dependency_install_step_4,dependency_install,92.08,15.92,72,15,0.8276,0.7824,7,0,4,278.83,SUCCESS,0,NONE,NONE
BUILD-1038,PIPE-api,compile_step_2,compile,96.67,510.49,185,18,0.9113,0.427,16,0,0,1097.35,SUCCESS,1,QUEUE_BOTTLENECK,HIGH
BUILD-1038,PIPE-api,compile_step_2,compile,46.83,113.78,4,137,0.0284,0.4933,5,0,0,241.34,SUCCESS,1,LOW_CACHE_EFFICIENCY,MEDIUM
BUILD-1039,PIPE-auth,lint_step_4,lint,62.45,148.29,132,29,0.8199,0.65,9,0,4,367.24,SUCCESS,0,NONE,NONE
BUILD-1039,PIPE-auth,checkout_step_1,checkout,34.01,10.42,0,0,1.0,0.5601,4,0,0,84.73,SUCCESS,0,NONE,NONE
BUILD-1039,PIPE-core,integration_test_step_4,integration_test,178.39,17.35,0,0,1.0,0.6654,16,0,0,1059.8,SUCCESS,0,NONE,NONE
BUILD-1040,PIPE-api,compile_step_4,compile,140.46,33.27,165,5,0.9706,0.5679,17,0,0,911.95,SUCCESS,0,NONE,NONE
BUILD-1040,PIPE-api,security_scan_step_4,security_scan,83.44,75.26,0,0,1.0,0.597,9,0,4,320.2,SUCCESS,0,NONE,NONE
BUILD-1040,PIPE-core,lint_step_3,lint,17.93,492.33,12,76,0.1364,0.648,17,0,0,617.72,SUCCESS,1,QUEUE_BOTTLENECK,CRITICAL
BUILD-1041,PIPE-web,checkout_step_2,checkout,59.93,205.86,0,0,0.9288,0.6714,14,0,0,543.25,SUCCESS,0,NONE,NONE
BUILD-1041,PIPE-web,integration_test_step_3,integration_test,83.52,44.22,0,0,1.0,0.4711,17,0,0,585.49,SUCCESS,0,NONE,LOW
BUILD-1041,PIPE-ml,unit_test_step_3,unit_test,103.79,706.8,104,12,0.8966,0.5989,11,0,4,1159.41,SUCCESS,1,QUEUE_BOTTLENECK,HIGH
BUILD-1042,PIPE-core,unit_test_step_1,unit_test,246.79,12.15,83,21,0.7981,0.4779,6,0,0,550.69,SUCCESS,1,SLOW_TASK,MEDIUM
BUILD-1042,PIPE-api,security_scan_step_1,security_scan,72.5,24.55,0,0,1.0,0.4565,7,0,0,253.07,SUCCESS,0,NONE,NONE
BUILD-1042,PIPE-api,unit_test_step_3,unit_test,34.16,14.89,99,13,0.8839,0.809,13,0,5,216.59,SUCCESS,0,NONE,NONE
BUILD-1043,PIPE-worker,package_step_2,package,35.47,52.57,0,0,1.0,0.9184,8,1,0,177.78,FAILED,1,AGENT_UTILISATION,MEDIUM
BUILD-1043,PIPE-web,integration_test_step_1,integration_test,125.06,63.31,0,0,1.0,0.4324,5,0,3,300.7,SUCCESS,0,NONE,NONE
BUILD-1043,PIPE-core,package_step_2,package,19.94,86.01,0,0,1.0,0.4061,18,1,6,255.27,FAILED,0,NONE,NONE
BUILD-1044,PIPE-worker,package_step_3,package,32.59,91.38,0,0,1.0,0.3507,5,0,0,203.68,SUCCESS,0,NONE,NONE
BUILD-1044,PIPE-web,build_step_4,build,142.04,75.26,15,97,0.1339,0.67,18,1,3,998.03,FAILED,0,NONE,NONE
BUILD-1044,PIPE-ml,integration_test_step_4,integration_test,92.6,578.36,0,0,1.0,0.7604,8,0,0,897.48,SUCCESS,1,QUEUE_BOTTLENECK,HIGH
BUILD-1045,PIPE-auth,unit_test_step_1,unit_test,135.4,84.11,187,2,0.9894,0.7359,13,0,6,748.6,SUCCESS,0,NONE,NONE
BUILD-1045,PIPE-auth,unit_test_step_1,unit_test,72.72,295.61,184,19,0.9064,0.1857,12,0,0,655.34,SUCCESS,0,NONE,NONE
BUILD-1045,PIPE-web,compile_step_1,compile,197.13,68.33,7,133,0.05,0.53,5,0,2,460.52,SUCCESS,0,NONE,NONE
BUILD-1046,PIPE-web,lint_step_2,lint,19.77,28.46,172,22,0.8866,0.4007,6,1,0,111.66,FAILED,0,NONE,NONE
BUILD-1046,PIPE-web,dependency_install_step_2,dependency_install,27.03,29.41,129,18,0.8776,0.2646,17,0,0,248.88,SUCCESS,0,NONE,NONE
BUILD-1046,PIPE-web,build_step_1,build,110.93,22.09,81,27,0.75,0.2476,18,0,0,747.14,SUCCESS,0,NONE,NONE
BUILD-1047,PIPE-api,unit_test_step_4,unit_test,197.34,21.93,118,27,0.8138,0.9129,10,1,0,760.76,FAILED,0,NONE,NONE
BUILD-1047,PIPE-auth,compile_step_1,compile,323.9,639.35,128,16,0.8889,0.6124,10,0,4,1800.14,SUCCESS,1,QUEUE_BOTTLENECK,CRITICAL
BUILD-1047,PIPE-web,integration_test_step_1,integration_test,83.76,321.33,0,0,1.0,0.6649,9,0,2,623.0,SUCCESS,1,QUEUE_BOTTLENECK,HIGH
BUILD-1048,PIPE-api,build_step_4,build,152.98,518.97,20,86,0.1887,0.723,13,1,5,1243.89,FAILED,1,QUEUE_BOTTLENECK,CRITICAL
BUILD-1048,PIPE-web,unit_test_step_1,unit_test,178.28,237.74,151,12,0.9264,0.652,7,0,6,697.5,SUCCESS,0,NONE,NONE
BUILD-1048,PIPE-auth,dependency_install_step_3,dependency_install,89.44,84.73,19,76,0.2,0.7322,11,0,3,445.44,SUCCESS,0,NONE,NONE
BUILD-1049,PIPE-worker,package_step_3,package,34.75,25.79,0,0,1.0,0.2506,12,0,0,216.34,SUCCESS,0,NONE,NONE
BUILD-1049,PIPE-ml,integration_test_step_3,integration_test,151.54,109.13,0,0,0.9288,0.9554,7,0,0,528.63,SUCCESS,0,NONE,NONE
BUILD-1049,PIPE-auth,unit_test_step_2,unit_test,208.43,81.59,9,90,0.0909,0.5203,15,0,6,1227.65,SUCCESS,1,LOW_CACHE_EFFICIENCY,HIGH
BUILD-1050,PIPE-core,dependency_install_step_3,dependency_install,29.34,35.51,182,13,0.9333,0.9393,17,0,3,242.91,SUCCESS,0,NONE,NONE
BUILD-1050,PIPE-core,lint_step_2,lint,68.73,27.63,7,84,0.0769,0.4635,12,0,6,361.37,SUCCESS,0,NONE,NONE
BUILD-1050,PIPE-ml,compile_step_1,compile,346.22,139.36,18,59,0.2338,0.1118,13,0,0,1746.77,SUCCESS,1,LOW_CACHE_EFFICIENCY,CRITICAL
BUILD-1051,PIPE-auth,checkout_step_1,checkout,5.0,557.28,0,0,1.0,0.5426,16,0,0,601.1,SUCCESS,1,QUEUE_BOTTLENECK,HIGH
BUILD-1051,PIPE-worker,integration_test_step_1,integration_test,147.75,180.15,0,0,1.0,0.4906,8,0,5,621.67,SUCCESS,0,NONE,NONE
BUILD-1051,PIPE-core,security_scan_step_2,security_scan,80.11,34.24,0,0,1.0,0.5951,7,0,0,250.99,SUCCESS,0,NONE,NONE
BUILD-1052,PIPE-web,package_step_2,package,10.55,58.41,0,0,1.0,0.432,5,0,3,135.2,SUCCESS,0,NONE,NONE
BUILD-1052,PIPE-core,compile_step_4,compile,123.36,12.88,90,28,0.7627,0.5733,13,0,6,628.96,SUCCESS,0,NONE,NONE
BUILD-1052,PIPE-web,unit_test_step_1,unit_test,85.1,44.41,111,8,0.9328,0.4843,4,1,0,215.57,FAILED,0,NONE,NONE
BUILD-1053,PIPE-ml,security_scan_step_3,security_scan,68.85,73.56,0,0,1.0,0.8132,10,0,5,368.36,SUCCESS,0,NONE,NONE
BUILD-1053,PIPE-worker,checkout_step_2,checkout,22.57,76.76,0,0,1.0,0.4048,10,0,6,197.51,SUCCESS,0,NONE,NONE
BUILD-1053,PIPE-core,dependency_install_step_1,dependency_install,64.91,87.21,136,19,0.8774,0.6614,16,0,2,510.31,SUCCESS,0,NONE,LOW
BUILD-1054,PIPE-api,security_scan_step_4,security_scan,283.84,15.38,0,0,1.0,0.9169,18,0,0,1858.81,SUCCESS,1,SLOW_TASK,CRITICAL
BUILD-1054,PIPE-api,unit_test_step_3,unit_test,67.3,38.5,180,19,0.9045,0.6453,13,0,2,370.23,SUCCESS,0,NONE,NONE
BUILD-1054,PIPE-auth,compile_step_1,compile,135.75,59.49,198,20,0.9083,0.32,4,0,0,285.47,SUCCESS,0,NONE,NONE
BUILD-1055,PIPE-worker,dependency_install_step_2,dependency_install,69.35,377.75,78,8,0.907,0.9652,9,0,6,620.24,SUCCESS,1,QUEUE_BOTTLENECK,CRITICAL
BUILD-1055,PIPE-auth,build_step_1,build,76.26,101.73,193,12,0.9415,0.4237,11,0,6,420.89,SUCCESS,0,NONE,NONE
BUILD-1055,PIPE-web,security_scan_step_3,security_scan,56.3,180.13,0,0,1.0,0.4968,7,0,0,337.08,SUCCESS,0,NONE,NONE
BUILD-1056,PIPE-web,security_scan_step_4,security_scan,85.26,109.02,0,0,1.0,0.6758,18,0,6,703.32,SUCCESS,0,NONE,NONE
BUILD-1056,PIPE-worker,build_step_4,build,40.42,48.53,87,11,0.8878,0.958,15,1,0,298.94,FAILED,0,NONE,NONE
BUILD-1056,PIPE-ml,unit_test_step_2,unit_test,126.24,133.93,193,24,0.8894,0.6728,5,0,3,408.91,SUCCESS,0,NONE,NONE
BUILD-1057,PIPE-core,dependency_install_step_3,dependency_install,93.47,15.48,4,40,0.0909,0.5392,18,0,0,663.24,SUCCESS,0,NONE,NONE
BUILD-1057,PIPE-ml,dependency_install_step_3,dependency_install,125.71,138.74,72,22,0.766,0.3385,12,0,3,689.59,SUCCESS,0,NONE,NONE
BUILD-1057,PIPE-api,build_step_1,build,22.58,39.78,176,7,0.9617,0.5418,17,0,6,208.59,SUCCESS,0,NONE,NONE
BUILD-1058,PIPE-web,compile_step_4,compile,132.7,17.26,16,99,0.1391,0.2379,16,0,0,782.22,SUCCESS,0,NONE,NONE
BUILD-1058,PIPE-api,checkout_step_3,checkout,13.89,13.87,0,0,1.0,0.6155,16,0,0,109.46,SUCCESS,0,NONE,NONE
BUILD-1058,PIPE-worker,unit_test_step_1,unit_test,138.44,72.08,4,101,0.0381,0.4811,7,1,5,432.14,FAILED,1,LOW_CACHE_EFFICIENCY,MEDIUM
BUILD-1059,PIPE-web,package_step_3,package,22.59,39.8,0,0,1.0,0.5752,8,0,2,118.55,SUCCESS,0,NONE,NONE
BUILD-1059,PIPE-api,unit_test_step_3,unit_test,89.9,29.56,125,13,0.9058,0.1992,7,0,0,265.36,SUCCESS,0,NONE,NONE
BUILD-1059,PIPE-web,unit_test_step_4,unit_test,68.26,49.38,105,26,0.8015,0.5422,16,0,0,461.25,SUCCESS,0,NONE,NONE
BUILD-1060,PIPE-web,checkout_step_1,checkout,21.8,468.71,0,0,1.0,0.6597,12,0,6,610.68,SUCCESS,1,QUEUE_BOTTLENECK,HIGH
BUILD-1060,PIPE-worker,dependency_install_step_2,dependency_install,129.62,29.11,180,16,0.9184,0.2145,11,0,0,583.43,SUCCESS,0,NONE,NONE
BUILD-1060,PIPE-ml,lint_step_1,lint,59.63,57.49,105,20,0.84,0.922,10,0,0,314.38,SUCCESS,1,AGENT_UTILISATION,MEDIUM
BUILD-1061,PIPE-core,package_step_4,package,87.77,340.19,0,0,1.0,0.6588,16,0,0,862.44,SUCCESS,1,QUEUE_BOTTLENECK,HIGH
BUILD-1061,PIPE-worker,unit_test_step_4,unit_test,181.52,22.43,146,14,0.9125,0.9179,14,0,0,956.59,SUCCESS,1,AGENT_UTILISATION,MEDIUM
BUILD-1061,PIPE-core,dependency_install_step_4,dependency_install,36.23,15.57,107,28,0.7926,0.9874,4,0,0,94.59,SUCCESS,1,AGENT_UTILISATION,MEDIUM
BUILD-1062,PIPE-worker,unit_test_step_2,unit_test,174.98,24.97,120,8,0.9375,0.5206,15,0,0,982.48,SUCCESS,0,NONE,NONE
BUILD-1062,PIPE-core,compile_step_1,compile,89.86,554.78,19,126,0.131,0.5471,4,0,4,701.35,SUCCESS,1,QUEUE_BOTTLENECK,CRITICAL
BUILD-1062,PIPE-api,lint_step_1,lint,37.41,459.45,109,28,0.7956,0.3054,13,0,0,655.5,SUCCESS,0,NONE,NONE
BUILD-1063,PIPE-web,build_step_2,build,114.07,77.47,192,20,0.9057,0.4728,18,0,0,852.46,SUCCESS,0,NONE,LOW
BUILD-1063,PIPE-web,package_step_4,package,44.98,129.93,0,0,1.0,0.3668,10,0,6,326.89,SUCCESS,0,NONE,NONE
BUILD-1063,PIPE-api,compile_step_2,compile,157.03,25.61,193,15,0.9279,0.4053,12,0,4,726.7,SUCCESS,0,NONE,NONE
BUILD-1064,PIPE-worker,build_step_1,build,38.49,85.89,63,10,0.863,0.403,13,0,6,296.79,SUCCESS,0,NONE,NONE
BUILD-1064,PIPE-auth,dependency_install_step_2,dependency_install,56.2,24.83,53,8,0.8689,0.3564,15,0,0,350.87,SUCCESS,0,NONE,NONE
BUILD-1064,PIPE-auth,security_scan_step_4,security_scan,141.61,103.03,0,0,1.0,0.7474,16,0,0,927.6,SUCCESS,0,NONE,NONE
BUILD-1065,PIPE-web,unit_test_step_4,unit_test,73.41,146.03,170,26,0.8673,0.6043,18,0,3,663.39,SUCCESS,0,NONE,NONE
BUILD-1065,PIPE-core,compile_step_4,compile,44.83,87.32,7,88,0.0737,0.8086,7,0,0,216.34,SUCCESS,1,LOW_CACHE_EFFICIENCY,MEDIUM
BUILD-1065,PIPE-web,lint_step_4,lint,15.76,14.36,175,16,0.9162,0.5705,16,0,0,148.06,SUCCESS,0,NONE,NONE
BUILD-1066,PIPE-auth,package_step_1,package,14.75,54.83,0,0,1.0,0.6416,5,0,0,127.49,SUCCESS,0,NONE,NONE
BUILD-1066,PIPE-ml,compile_step_2,compile,134.35,366.19,145,3,0.9797,0.7538,14,0,0,1066.43,SUCCESS,1,QUEUE_BOTTLENECK,HIGH
BUILD-1066,PIPE-core,checkout_step_4,checkout,28.86,569.01,0,0,1.0,0.6268,8,0,0,682.09,SUCCESS,0,NONE,NONE
BUILD-1067,PIPE-worker,lint_step_2,lint,82.13,455.33,4,70,0.0541,0.7284,12,0,0,828.72,SUCCESS,1,QUEUE_BOTTLENECK,CRITICAL
BUILD-1067,PIPE-core,unit_test_step_4,unit_test,215.34,23.38,107,11,0.9068,0.677,17,0,0,1323.28,SUCCESS,0,NONE,LOW
BUILD-1067,PIPE-worker,unit_test_step_4,unit_test,124.72,607.75,5,50,0.0909,0.657,10,0,0,1093.08,SUCCESS,1,QUEUE_BOTTLENECK,CRITICAL
BUILD-1068,PIPE-core,build_step_1,build,153.51,13.82,195,17,0.9198,0.667,18,1,0,1007.16,FAILED,0,NONE,NONE
BUILD-1068,PIPE-auth,integration_test_step_2,integration_test,203.46,107.45,0,0,1.0,0.5189,7,0,0,661.72,SUCCESS,0,NONE,NONE
BUILD-1068,PIPE-core,compile_step_2,compile,135.27,75.26,188,12,0.94,0.3952,15,0,0,765.26,SUCCESS,0,NONE,NONE
BUILD-1069,PIPE-web,checkout_step_4,checkout,5.31,268.64,0,0,1.0,0.9305,13,0,4,337.24,SUCCESS,0,NONE,LOW
BUILD-1069,PIPE-web,lint_step_4,lint,31.13,242.42,146,15,0.9068,0.4859,13,0,0,409.2,SUCCESS,0,NONE,NONE
BUILD-1069,PIPE-ml,checkout_step_3,checkout,39.37,522.21,0,0,1.0,0.4373,14,0,2,761.98,SUCCESS,1,QUEUE_BOTTLENECK,HIGH
BUILD-1070,PIPE-core,package_step_4,package,12.15,53.09,0,0,1.0,0.6087,6,0,0,122.9,SUCCESS,0,NONE,NONE
BUILD-1070,PIPE-core,checkout_step_3,checkout,13.61,116.73,0,0,1.0,0.633,16,0,5,222.81,SUCCESS,0,NONE,NONE
BUILD-1070,PIPE-ml,build_step_2,build,136.73,146.65,12,61,0.1644,0.9804,8,0,4,583.67,SUCCESS,1,LOW_CACHE_EFFICIENCY,HIGH
BUILD-1071,PIPE-worker,compile_step_1,compile,109.75,106.1,176,21,0.8934,0.3518,11,0,0,567.88,SUCCESS,0,NONE,NONE
BUILD-1071,PIPE-auth,unit_test_step_3,unit_test,69.24,122.23,84,11,0.8842,0.5272,15,0,0,536.42,SUCCESS,0,NONE,NONE
BUILD-1071,PIPE-web,security_scan_step_4,security_scan,317.01,42.77,0,0,1.0,0.768,9,0,2,1092.05,SUCCESS,1,SLOW_TASK,MEDIUM
BUILD-1072,PIPE-auth,dependency_install_step_2,dependency_install,109.21,31.07,168,24,0.875,0.538,16,0,0,697.88,SUCCESS,0,NONE,NONE
BUILD-1072,PIPE-worker,security_scan_step_2,security_scan,62.61,72.09,0,0,1.0,0.5623,14,0,5,437.4,SUCCESS,0,NONE,NONE
BUILD-1072,PIPE-worker,integration_test_step_4,integration_test,146.49,75.45,0,0,1.0,0.5613,9,0,0,552.46,SUCCESS,0,NONE,NONE
BUILD-1073,PIPE-core,lint_step_3,lint,55.76,674.46,194,22,0.8981,0.7963,10,0,0,921.48,SUCCESS,1,QUEUE_BOTTLENECK,HIGH
BUILD-1073,PIPE-core,checkout_step_3,checkout,78.89,51.41,0,0,1.0,0.8151,12,0,5,435.02,SUCCESS,0,NONE,NONE
BUILD-1073,PIPE-ml,integration_test_step_2,integration_test,68.02,123.66,0,0,1.0,0.9181,5,0,3,268.49,SUCCESS,0,NONE,NONE
BUILD-1074,PIPE-web,unit_test_step_2,unit_test,100.78,99.8,74,16,0.8222,0.6554,11,0,0,524.01,SUCCESS,0,NONE,NONE
BUILD-1074,PIPE-web,integration_test_step_2,integration_test,129.39,83.29,0,0,1.0,0.6156,12,0,0,680.24,SUCCESS,0,NONE,NONE
BUILD-1074,PIPE-api,lint_step_2,lint,38.17,76.93,0,0,0.9288,0.7534,18,0,3,333.89,SUCCESS,0,NONE,NONE
BUILD-1075,PIPE-ml,lint_step_1,lint,50.68,143.22,187,7,0.9639,0.3084,7,0,0,323.21,SUCCESS,0,NONE,NONE
BUILD-1075,PIPE-ml,compile_step_4,compile,178.89,48.51,139,13,0.9145,0.6862,13,0,0,921.42,SUCCESS,0,NONE,NONE
BUILD-1075,PIPE-auth,checkout_step_2,checkout,21.54,97.54,0,0,1.0,0.3464,5,0,0,191.22,SUCCESS,0,NONE,NONE
BUILD-1076,PIPE-api,integration_test_step_4,integration_test,186.87,223.96,0,0,1.0,0.5012,15,0,3,1259.3,SUCCESS,0,NONE,NONE
BUILD-1076,PIPE-api,dependency_install_step_4,dependency_install,81.17,16.6,52,17,0.7536,0.9294,17,0,0,515.12,SUCCESS,0,NONE,NONE
BUILD-1076,PIPE-worker,unit_test_step_4,unit_test,34.29,32.93,0,141,0.0,0.3968,8,1,4,152.28,FAILED,1,LOW_CACHE_EFFICIENCY,MEDIUM
BUILD-1077,PIPE-api,lint_step_4,lint,23.03,12.29,3,74,0.039,0.6209,17,0,0,191.27,SUCCESS,0,NONE,NONE
BUILD-1077,PIPE-worker,integration_test_step_4,integration_test,146.49,669.78,0,0,1.0,0.8613,16,0,4,1524.68,SUCCESS,1,QUEUE_BOTTLENECK,HIGH
BUILD-1077,PIPE-web,build_step_1,build,165.73,48.08,110,8,0.9322,0.537,13,0,0,827.84,SUCCESS,0,NONE,NONE
BUILD-1078,PIPE-auth,dependency_install_step_2,dependency_install,31.01,53.47,195,13,0.9375,0.5299,13,0,0,232.35,SUCCESS,0,NONE,NONE
BUILD-1078,PIPE-web,package_step_1,package,14.78,455.17,0,0,1.0,0.5903,10,0,0,549.39,SUCCESS,0,NONE,NONE
BUILD-1078,PIPE-api,compile_step_3,compile,77.24,10.36,150,17,0.8982,0.9106,14,0,0,413.69,SUCCESS,0,NONE,NONE
BUILD-1079,PIPE-core,unit_test_step_3,unit_test,220.6,56.72,166,17,0.9071,0.4963,4,0,3,408.33,SUCCESS,1,SLOW_TASK,HIGH
BUILD-1079,PIPE-ml,security_scan_step_3,security_scan,98.05,144.76,0,0,1.0,0.5017,10,0,4,521.92,SUCCESS,0,NONE,NONE
BUILD-1079,PIPE-web,compile_step_2,compile,192.5,70.86,137,30,0.8204,0.5858,4,1,0,358.04,FAILED,0,NONE,NONE
BUILD-1080,PIPE-core,dependency_install_step_2,dependency_install,165.35,41.48,13,65,0.1667,0.7255,18,0,4,1131.99,SUCCESS,1,LOW_CACHE_EFFICIENCY,HIGH
BUILD-1080,PIPE-core,integration_test_step_3,integration_test,166.71,586.65,0,0,1.0,0.5362,14,0,3,1459.63,SUCCESS,1,QUEUE_BOTTLENECK,HIGH
BUILD-1080,PIPE-worker,integration_test_step_1,integration_test,207.35,355.03,0,0,1.0,0.5648,6,0,2,805.99,SUCCESS,0,NONE,NONE
BUILD-1081,PIPE-core,package_step_4,package,5.0,65.96,0,0,1.0,0.4462,7,0,4,126.02,SUCCESS,0,NONE,NONE
BUILD-1081,PIPE-web,dependency_install_step_2,dependency_install,117.9,46.53,67,18,0.7882,0.6995,13,0,0,618.06,SUCCESS,0,NONE,NONE
BUILD-1081,PIPE-api,build_step_4,build,167.08,171.49,3,57,0.05,0.499,13,0,3,973.75,SUCCESS,0,NONE,NONE
BUILD-1082,PIPE-ml,checkout_step_3,checkout,50.8,21.87,0,0,1.0,0.7466,17,0,6,368.19,SUCCESS,0,NONE,NONE
BUILD-1082,PIPE-ml,unit_test_step_1,unit_test,50.37,44.26,111,17,0.8672,0.5494,7,0,0,192.47,SUCCESS,0,NONE,NONE
BUILD-1082,PIPE-web,build_step_2,build,126.57,19.85,157,13,0.9235,0.5706,6,0,0,317.94,SUCCESS,0,NONE,LOW
BUILD-1083,PIPE-core,checkout_step_2,checkout,9.19,618.83,0,0,1.0,0.9467,16,0,0,698.31,SUCCESS,1,QUEUE_BOTTLENECK,CRITICAL
BUILD-1083,PIPE-worker,unit_test_step_4,unit_test,120.13,555.22,89,10,0.899,0.9761,5,0,0,824.73,SUCCESS,1,QUEUE_BOTTLENECK,CRITICAL
BUILD-1083,PIPE-auth,compile_step_1,compile,50.33,60.67,111,3,0.9737,0.2066,18,0,0,430.26,SUCCESS,0,NONE,NONE
BUILD-1084,PIPE-ml,integration_test_step_2,integration_test,36.85,75.26,0,0,1.0,0.6567,15,1,0,619.33,FAILED,0,NONE,NONE
BUILD-1084,PIPE-auth,lint_step_3,lint,48.62,489.28,8,133,0.0567,0.342,16,0,6,804.61,SUCCESS,1,QUEUE_BOTTLENECK,CRITICAL
BUILD-1084,PIPE-core,compile_step_1,compile,219.69,42.68,64,17,0.7901,0.6127,6,0,6,562.41,SUCCESS,0,NONE,NONE
BUILD-1085,PIPE-core,compile_step_1,compile,162.3,666.04,112,3,0.9739,0.6227,10,0,0,1261.5,SUCCESS,1,QUEUE_BOTTLENECK,HIGH
BUILD-1085,PIPE-core,integration_test_step_4,integration_test,60.19,52.93,0,0,1.0,0.4471,18,0,4,456.27,SUCCESS,0,NONE,NONE
BUILD-1085,PIPE-ml,build_step_2,build,244.24,54.06,61,14,0.8133,0.9562,11,0,2,1048.33,SUCCESS,1,SLOW_TASK,CRITICAL
BUILD-1086,PIPE-auth,unit_test_step_3,unit_test,148.1,104.0,127,25,0.8355,0.5873,11,0,0,727.61,SUCCESS,0,NONE,NONE
BUILD-1086,PIPE-ml,build_step_2,build,115.11,330.92,56,9,0.8615,0.4092,14,0,0,951.65,SUCCESS,1,QUEUE_BOTTLENECK,HIGH
BUILD-1086,PIPE-core,lint_step_4,lint,18.21,93.37,76,8,0.9048,0.4005,7,0,0,189.18,SUCCESS,0,NONE,NONE
BUILD-1087,PIPE-web,checkout_step_2,checkout,13.96,10.58,0,0,1.0,0.3792,15,0,0,136.41,SUCCESS,0,NONE,NONE
BUILD-1087,PIPE-auth,dependency_install_step_4,dependency_install,86.0,624.1,161,23,0.875,0.5746,7,0,0,853.79,SUCCESS,0,NONE,NONE
BUILD-1087,PIPE-ml,compile_step_4,compile,126.73,43.98,6,57,0.0952,0.5936,13,0,4,678.25,SUCCESS,0,NONE,NONE
BUILD-1088,PIPE-auth,compile_step_2,compile,143.17,55.14,80,4,0.9524,0.5003,14,0,0,789.8,SUCCESS,0,NONE,NONE
BUILD-1088,PIPE-web,dependency_install_step_2,dependency_install,36.78,115.76,62,23,0.7294,0.4401,17,0,5,371.04,SUCCESS,0,NONE,NONE
BUILD-1088,PIPE-auth,compile_step_4,compile,61.91,555.45,81,2,0.9759,0.9386,16,0,0,946.3,SUCCESS,1,QUEUE_BOTTLENECK,CRITICAL
BUILD-1089,PIPE-web,security_scan_step_1,security_scan,134.02,73.72,0,0,1.0,0.6261,17,1,0,923.15,FAILED,0,NONE,NONE
BUILD-1089,PIPE-ml,unit_test_step_2,unit_test,251.32,364.29,134,5,0.964,0.972,11,1,0,1359.09,FAILED,1,QUEUE_BOTTLENECK,CRITICAL
BUILD-1089,PIPE-worker,lint_step_4,lint,24.46,74.55,159,7,0.9578,0.4671,18,0,0,246.47,SUCCESS,0,NONE,LOW
BUILD-1090,PIPE-auth,integration_test_step_3,integration_test,74.43,16.99,0,0,1.0,0.4891,11,1,3,354.05,FAILED,0,NONE,NONE
BUILD-1090,PIPE-ml,build_step_2,build,202.65,40.79,54,14,0.7941,0.3255,9,0,6,725.81,SUCCESS,0,NONE,NONE
BUILD-1090,PIPE-worker,compile_step_1,compile,230.28,103.04,8,47,0.1455,0.527,11,0,0,1039.8,SUCCESS,1,LOW_CACHE_EFFICIENCY,CRITICAL
BUILD-1091,PIPE-api,dependency_install_step_2,dependency_install,71.37,214.22,64,26,0.7111,0.178,7,0,3,420.67,SUCCESS,0,NONE,NONE
BUILD-1091,PIPE-auth,compile_step_3,compile,118.68,45.02,11,112,0.0894,0.5395,13,0,0,621.27,SUCCESS,0,NONE,NONE
BUILD-1091,PIPE-auth,compile_step_4,compile,154.39,557.22,19,68,0.2184,0.9336,11,1,0,1172.77,FAILED,1,QUEUE_BOTTLENECK,CRITICAL
BUILD-1092,PIPE-api,lint_step_3,lint,44.2,77.29,132,3,0.9778,0.9416,13,0,6,325.49,SUCCESS,0,NONE,NONE
BUILD-1092,PIPE-core,unit_test_step_4,unit_test,116.41,39.8,132,6,0.9565,0.3065,15,0,0,683.01,SUCCESS,0,NONE,NONE
BUILD-1092,PIPE-api,security_scan_step_3,security_scan,60.76,43.67,0,0,1.0,0.6586,6,0,3,229.62,SUCCESS,0,NONE,NONE
BUILD-1093,PIPE-ml,package_step_4,package,29.43,106.67,0,0,1.0,0.3824,13,1,0,256.34,FAILED,0,NONE,NONE
BUILD-1093,PIPE-auth,compile_step_1,compile,172.22,30.06,2,70,0.0278,0.3803,9,0,4,587.61,SUCCESS,1,LOW_CACHE_EFFICIENCY,HIGH
BUILD-1093,PIPE-worker,checkout_step_2,checkout,6.9,132.05,0,0,1.0,0.9119,8,0,5,206.81,SUCCESS,1,AGENT_UTILISATION,MEDIUM
BUILD-1094,PIPE-ml,unit_test_step_2,unit_test,181.22,42.99,146,13,0.9182,0.5208,5,0,0,396.91,SUCCESS,0,NONE,NONE
BUILD-1094,PIPE-api,dependency_install_step_1,dependency_install,169.44,215.73,0,80,0.0,0.5155,5,1,5,543.71,FAILED,1,LOW_CACHE_EFFICIENCY,HIGH
BUILD-1094,PIPE-api,security_scan_step_1,security_scan,81.21,73.31,0,0,1.0,0.4236,18,0,0,628.55,SUCCESS,0,NONE,NONE
BUILD-1095,PIPE-worker,dependency_install_step_1,dependency_install,29.69,37.52,154,24,0.8652,0.4582,18,0,3,271.41,SUCCESS,0,NONE,LOW
BUILD-1095,PIPE-worker,integration_test_step_4,integration_test,115.9,524.81,0,0,1.0,0.7488,10,0,0,957.82,SUCCESS,1,QUEUE_BOTTLENECK,HIGH
BUILD-1095,PIPE-worker,dependency_install_step_1,dependency_install,146.42,46.86,70,17,0.8046,0.3976,8,0,0,515.99,SUCCESS,0,NONE,NONE
BUILD-1096,PIPE-ml,integration_test_step_2,integration_test,154.96,220.25,0,0,1.0,0.5061,6,0,0,587.38,SUCCESS,0,NONE,NONE
BUILD-1096,PIPE-web,integration_test_step_2,integration_test,85.15,23.71,0,0,1.0,0.5833,5,0,3,209.18,SUCCESS,0,NONE,NONE
BUILD-1096,PIPE-worker,lint_step_4,lint,44.79,81.4,171,20,0.8953,0.7155,11,0,0,269.39,SUCCESS,0,NONE,LOW
BUILD-1097,PIPE-auth,build_step_2,build,173.26,656.94,94,7,0.9307,0.4546,16,0,5,1663.84,SUCCESS,1,QUEUE_BOTTLENECK,HIGH
BUILD-1097,PIPE-api,package_step_2,package,32.16,42.97,0,0,1.0,0.6195,18,0,6,303.37,SUCCESS,0,NONE,NONE
BUILD-1097,PIPE-web,build_step_4,build,208.39,28.79,19,115,0.1418,0.2123,10,0,0,781.78,SUCCESS,0,NONE,NONE
BUILD-1098,PIPE-core,build_step_1,build,130.53,12.38,138,30,0.8214,0.5883,10,0,0,510.41,SUCCESS,0,NONE,NONE
BUILD-1098,PIPE-worker,dependency_install_step_4,dependency_install,17.5,619.89,134,24,0.8481,0.6289,15,0,4,766.93,SUCCESS,1,QUEUE_BOTTLENECK,HIGH
BUILD-1098,PIPE-web,compile_step_4,compile,103.04,54.74,108,6,0.9474,0.7413,15,0,5,649.18,SUCCESS,0,NONE,NONE
BUILD-1099,PIPE-core,dependency_install_step_2,dependency_install,74.19,127.44,174,26,0.87,0.7623,9,0,4,382.96,SUCCESS,0,NONE,NONE
BUILD-1099,PIPE-worker,dependency_install_step_1,dependency_install,123.44,481.47,101,28,0.7829,0.913,4,0,0,675.04,SUCCESS,1,QUEUE_BOTTLENECK,CRITICAL
BUILD-1099,PIPE-web,unit_test_step_4,unit_test,17.89,244.96,81,23,0.7788,0.9281,9,0,0,330.0,SUCCESS,0,NONE,NONE
BUILD-1100,PIPE-auth,compile_step_2,compile,84.39,94.95,73,11,0.869,0.9873,4,0,0,238.19,SUCCESS,1,AGENT_UTILISATION,MEDIUM
BUILD-1100,PIPE-api,integration_test_step_2,integration_test,194.51,45.7,0,0,1.0,0.5883,4,0,0,341.19,SUCCESS,0,NONE,NONE
BUILD-1100,PIPE-api,integration_test_step_1,integration_test,109.59,282.37,0,0,1.0,0.318,8,0,5,607.75,SUCCESS,0,NONE,NONE
BUILD-1101,PIPE-worker,compile_step_4,compile,155.76,108.61,151,20,0.883,0.9567,12,0,0,820.65,SUCCESS,0,NONE,NONE
BUILD-1101,PIPE-auth,integration_test_step_3,integration_test,191.91,102.49,0,0,1.0,0.6693,9,0,0,763.99,SUCCESS,0,NONE,NONE
BUILD-1101,PIPE-ml,package_step_3,package,46.43,50.26,0,0,1.0,0.506,7,0,0,191.35,SUCCESS,0,NONE,NONE
BUILD-1102,PIPE-ml,compile_step_2,compile,168.03,36.58,125,10,0.9259,0.5383,10,0,0,662.02,SUCCESS,0,NONE,NONE
BUILD-1102,PIPE-api,compile_step_2,compile,104.1,96.19,171,23,0.8814,0.5184,8,0,0,434.34,SUCCESS,0,NONE,NONE
BUILD-1102,PIPE-core,unit_test_step_3,unit_test,161.88,89.32,96,23,0.8067,0.4122,14,0,0,920.25,SUCCESS,0,NONE,NONE
BUILD-1103,PIPE-web,unit_test_step_3,unit_test,159.06,114.61,1,150,0.0066,0.1816,13,0,0,860.41,SUCCESS,0,NONE,NONE
BUILD-1103,PIPE-ml,unit_test_step_3,unit_test,67.42,82.6,88,6,0.9362,0.3748,9,0,0,347.45,SUCCESS,0,NONE,NONE
BUILD-1103,PIPE-web,build_step_2,build,138.19,32.05,95,12,0.8879,0.6171,4,0,0,273.49,SUCCESS,0,NONE,NONE
BUILD-1104,PIPE-api,unit_test_step_1,unit_test,116.18,423.59,159,14,0.9191,0.7541,11,0,4,902.71,SUCCESS,1,QUEUE_BOTTLENECK,HIGH
BUILD-1104,PIPE-core,build_step_2,build,164.99,567.4,7,68,0.0933,0.6831,9,0,0,1114.62,SUCCESS,1,QUEUE_BOTTLENECK,CRITICAL
BUILD-1104,PIPE-web,dependency_install_step_1,dependency_install,66.46,239.41,183,21,0.8971,0.2932,10,0,5,506.04,SUCCESS,0,NONE,NONE
BUILD-1105,PIPE-api,dependency_install_step_4,dependency_install,27.32,390.21,83,8,0.9121,0.458,13,0,0,573.1,SUCCESS,0,NONE,NONE
BUILD-1105,PIPE-worker,build_step_3,build,85.79,206.6,62,23,0.7294,0.9338,17,1,0,736.19,FAILED,0,NONE,NONE
BUILD-1105,PIPE-worker,dependency_install_step_3,dependency_install,170.44,30.23,20,41,0.3279,0.5373,14,0,0,894.47,SUCCESS,1,LOW_CACHE_EFFICIENCY,MEDIUM
BUILD-1106,PIPE-ml,dependency_install_step_1,dependency_install,98.46,200.61,122,5,0.9606,0.2896,11,0,6,621.12,SUCCESS,0,NONE,NONE
BUILD-1106,PIPE-web,security_scan_step_3,security_scan,214.59,311.39,0,0,1.0,0.6848,18,0,2,1696.26,SUCCESS,0,NONE,LOW
BUILD-1106,PIPE-core,build_step_4,build,104.2,710.46,16,49,0.2462,0.588,5,0,0,941.49,SUCCESS,1,QUEUE_BOTTLENECK,CRITICAL
BUILD-1107,PIPE-web,compile_step_1,compile,119.72,485.28,1,149,0.0067,0.6202,16,0,2,1199.41,SUCCESS,1,QUEUE_BOTTLENECK,CRITICAL
BUILD-1107,PIPE-core,build_step_2,build,190.42,24.45,118,30,0.7973,0.5351,9,0,5,650.41,SUCCESS,0,NONE,NONE
BUILD-1107,PIPE-worker,security_scan_step_4,security_scan,115.13,70.66,0,0,1.0,0.4074,16,0,0,772.36,SUCCESS,0,NONE,NONE
BUILD-1108,PIPE-api,dependency_install_step_4,dependency_install,20.7,98.28,96,21,0.8205,0.66,9,0,0,219.92,SUCCESS,0,NONE,NONE
BUILD-1108,PIPE-api,unit_test_step_4,unit_test,219.42,457.91,61,4,0.9385,0.6257,9,1,0,1192.44,FAILED,1,QUEUE_BOTTLENECK,HIGH
BUILD-1108,PIPE-auth,lint_step_2,lint,44.78,47.98,136,18,0.8831,0.4943,15,0,0,299.06,SUCCESS,0,NONE,NONE
BUILD-1109,PIPE-ml,security_scan_step_4,security_scan,121.88,508.8,0,0,1.0,0.27,18,0,0,1321.13,SUCCESS,1,QUEUE_BOTTLENECK,HIGH
BUILD-1109,PIPE-api,unit_test_step_4,unit_test,83.13,14.75,69,26,0.7263,0.3913,7,0,0,264.25,SUCCESS,0,NONE,NONE
BUILD-1109,PIPE-worker,unit_test_step_2,unit_test,104.52,408.73,196,16,0.9245,0.9512,11,0,0,850.23,SUCCESS,1,QUEUE_BOTTLENECK,CRITICAL
BUILD-1110,PIPE-ml,checkout_step_4,checkout,6.9,111.22,0,0,1.0,0.545,4,0,0,178.23,SUCCESS,0,NONE,NONE
BUILD-1110,PIPE-auth,integration_test_step_4,integration_test,218.59,24.01,0,0,1.0,0.1931,4,0,4,378.71,SUCCESS,0,NONE,NONE
BUILD-1110,PIPE-ml,integration_test_step_4,integration_test,336.69,584.56,0,0,1.0,0.5536,7,1,4,1431.89,FAILED,1,QUEUE_BOTTLENECK,CRITICAL
BUILD-1111,PIPE-auth,unit_test_step_1,unit_test,134.82,339.68,4,145,0.0268,0.7552,15,0,2,1072.49,SUCCESS,1,QUEUE_BOTTLENECK,CRITICAL
BUILD-1111,PIPE-worker,dependency_install_step_2,dependency_install,241.84,13.87,13,45,0.2241,0.6756,17,0,0,1495.55,SUCCESS,1,LOW_CACHE_EFFICIENCY,CRITICAL
BUILD-1111,PIPE-worker,integration_test_step_2,integration_test,28.48,60.6,0,0,1.0,0.9657,15,1,0,256.72,FAILED,1,AGENT_UTILISATION,MEDIUM
BUILD-1112,PIPE-auth,unit_test_step_2,unit_test,126.7,142.88,4,53,0.0702,0.5271,13,0,0,739.64,SUCCESS,0,NONE,NONE
BUILD-1112,PIPE-auth,build_step_2,build,77.19,25.01,125,16,0.8865,0.513,6,0,0,220.98,SUCCESS,0,NONE,NONE
BUILD-1112,PIPE-ml,integration_test_step_3,integration_test,123.44,74.35,0,0,1.0,0.4164,14,0,0,731.17,SUCCESS,0,NONE,NONE
BUILD-1113,PIPE-ml,dependency_install_step_2,dependency_install,62.68,111.93,132,24,0.8462,0.9461,9,0,0,332.63,SUCCESS,1,AGENT_UTILISATION,MEDIUM
BUILD-1113,PIPE-ml,unit_test_step_3,unit_test,77.83,115.77,53,18,0.7465,0.9821,10,0,3,412.33,SUCCESS,0,NONE,NONE
BUILD-1113,PIPE-ml,compile_step_1,compile,194.01,14.48,188,3,0.9843,0.2705,11,0,0,795.92,SUCCESS,0,NONE,NONE
BUILD-1114,PIPE-ml,integration_test_step_4,integration_test,64.39,40.29,0,0,1.0,0.5446,16,0,5,445.43,SUCCESS,0,NONE,NONE
BUILD-1114,PIPE-ml,compile_step_1,compile,177.14,307.21,163,28,0.8534,0.3702,14,0,0,1224.69,SUCCESS,1,QUEUE_BOTTLENECK,HIGH
BUILD-1114,PIPE-auth,security_scan_step_2,security_scan,254.67,115.6,0,0,1.0,0.5355,8,0,3,877.08,SUCCESS,1,SLOW_TASK,HIGH
BUILD-1115,PIPE-ml,unit_test_step_4,unit_test,97.68,616.24,117,6,0.9512,0.4206,17,0,0,1252.45,SUCCESS,1,QUEUE_BOTTLENECK,HIGH
BUILD-1115,PIPE-api,checkout_step_3,checkout,81.28,51.75,0,0,1.0,0.7343,14,0,0,475.89,SUCCESS,0,NONE,NONE
BUILD-1115,PIPE-web,checkout_step_3,checkout,18.49,55.98,0,0,1.0,0.3403,12,1,0,185.62,FAILED,0,NONE,NONE
BUILD-1116,PIPE-auth,unit_test_step_3,unit_test,223.07,86.62,10,82,0.1087,0.5814,7,0,0,660.27,SUCCESS,1,LOW_CACHE_EFFICIENCY,CRITICAL
BUILD-1116,PIPE-auth,lint_step_1,lint,38.44,552.05,111,30,0.7872,0.313,18,0,0,843.46,SUCCESS,1,QUEUE_BOTTLENECK,HIGH
BUILD-1116,PIPE-web,unit_test_step_1,unit_test,70.39,12.06,122,2,0.9839,0.6329,17,0,0,475.89,SUCCESS,0,NONE,NONE
BUILD-1117,PIPE-web,build_step_2,build,179.44,35.58,3,61,0.0469,0.5707,16,2,3,1058.47,FAILED,1,LOW_CACHE_EFFICIENCY,HIGH
BUILD-1117,PIPE-ml,unit_test_step_1,unit_test,228.62,136.89,161,22,0.8798,0.5909,5,0,0,568.19,SUCCESS,0,NONE,NONE
BUILD-1117,PIPE-core,checkout_step_2,checkout,32.04,79.05,0,0,1.0,0.5306,13,0,5,277.5,SUCCESS,0,NONE,NONE
BUILD-1118,PIPE-worker,compile_step_4,compile,214.36,139.89,66,26,0.7174,0.6932,4,0,0,474.9,SUCCESS,0,NONE,NONE
BUILD-1118,PIPE-ml,compile_step_1,compile,80.93,69.05,147,14,0.913,0.6967,4,0,3,206.88,SUCCESS,0,NONE,NONE
BUILD-1118,PIPE-auth,compile_step_2,compile,218.83,68.46,145,2,0.9864,0.3881,12,0,0,1019.34,SUCCESS,0,NONE,NONE
BUILD-1119,PIPE-auth,package_step_3,package,85.52,77.99,0,0,1.0,0.4925,15,0,0,550.04,SUCCESS,0,NONE,NONE
BUILD-1119,PIPE-api,dependency_install_step_3,dependency_install,48.97,128.06,18,149,0.1078,0.9236,16,0,0,418.15,SUCCESS,1,LOW_CACHE_EFFICIENCY,HIGH
BUILD-1119,PIPE-auth,checkout_step_1,checkout,36.56,128.37,0,0,1.0,0.6573,13,0,3,327.8,SUCCESS,0,NONE,NONE
BUILD-1120,PIPE-auth,checkout_step_2,checkout,29.97,175.24,0,0,1.0,0.6652,13,0,6,328.03,SUCCESS,0,NONE,NONE
BUILD-1120,PIPE-web,package_step_2,package,12.4,670.6,0,0,1.0,0.6758,7,0,4,755.85,SUCCESS,1,QUEUE_BOTTLENECK,HIGH
BUILD-1120,PIPE-api,security_scan_step_3,security_scan,172.46,115.48,0,0,1.0,0.4105,9,0,6,711.86,SUCCESS,0,NONE,LOW
BUILD-1121,PIPE-web,build_step_2,build,116.49,250.68,20,49,0.2899,0.5137,18,1,0,1009.05,FAILED,0,NONE,LOW
BUILD-1121,PIPE-auth,integration_test_step_2,integration_test,114.5,16.92,0,0,1.0,0.6097,12,0,0,527.5,SUCCESS,0,NONE,NONE
BUILD-1121,PIPE-worker,compile_step_3,compile,71.62,411.43,73,14,0.8391,0.5142,4,0,0,563.1,SUCCESS,1,QUEUE_BOTTLENECK,HIGH
BUILD-1122,PIPE-auth,security_scan_step_2,security_scan,92.14,20.94,0,0,1.0,0.7152,13,0,0,491.35,SUCCESS,0,NONE,NONE
BUILD-1122,PIPE-web,checkout_step_4,checkout,29.86,20.11,0,0,1.0,0.425,7,1,4,128.95,FAILED,0,NONE,NONE
BUILD-1122,PIPE-worker,build_step_1,build,199.98,45.25,183,22,0.8927,0.4122,17,0,0,1285.1,SUCCESS,0,NONE,NONE
BUILD-1123,PIPE-worker,unit_test_step_1,unit_test,99.42,129.16,107,18,0.856,0.6522,17,0,0,757.73,SUCCESS,0,NONE,NONE
BUILD-1123,PIPE-auth,build_step_4,build,124.85,652.87,20,75,0.2105,0.7136,6,0,0,950.48,SUCCESS,1,QUEUE_BOTTLENECK,CRITICAL
BUILD-1123,PIPE-ml,compile_step_3,compile,98.13,206.63,172,17,0.9101,0.3726,6,0,3,456.72,SUCCESS,0,NONE,NONE
BUILD-1124,PIPE-api,dependency_install_step_1,dependency_install,78.95,80.44,5,73,0.0641,0.5418,12,0,0,436.87,SUCCESS,0,NONE,LOW
BUILD-1124,PIPE-ml,security_scan_step_3,security_scan,155.5,180.23,0,0,1.0,0.6458,13,0,5,938.65,SUCCESS,0,NONE,NONE
BUILD-1124,PIPE-auth,lint_step_2,lint,13.52,131.23,92,25,0.7863,0.4523,18,0,5,241.23,SUCCESS,0,NONE,NONE
BUILD-1125,PIPE-core,dependency_install_step_4,dependency_install,50.34,10.04,95,17,0.8482,0.5334,13,1,0,260.93,FAILED,0,NONE,NONE
BUILD-1125,PIPE-core,checkout_step_2,checkout,5.0,53.28,0,0,1.0,0.5646,4,0,0,96.34,SUCCESS,0,NONE,NONE
BUILD-1125,PIPE-web,build_step_4,build,267.22,53.42,147,13,0.9187,0.589,15,0,0,1479.01,SUCCESS,1,SLOW_TASK,MEDIUM
BUILD-1126,PIPE-worker,dependency_install_step_4,dependency_install,71.44,166.96,71,11,0.8659,0.3426,12,0,0,506.81,SUCCESS,0,NONE,NONE
BUILD-1126,PIPE-auth,unit_test_step_1,unit_test,232.68,11.64,10,92,0.098,0.5935,6,0,6,527.92,SUCCESS,1,LOW_CACHE_EFFICIENCY,CRITICAL
BUILD-1126,PIPE-worker,integration_test_step_3,integration_test,99.29,42.35,0,0,1.0,0.3647,7,0,0,331.09,SUCCESS,0,NONE,NONE
BUILD-1127,PIPE-auth,unit_test_step_3,unit_test,187.24,14.45,151,25,0.858,0.9115,17,0,3,1180.74,SUCCESS,1,AGENT_UTILISATION,HIGH
BUILD-1127,PIPE-core,dependency_install_step_4,dependency_install,158.98,37.51,63,7,0.9,0.5453,14,1,3,843.46,FAILED,0,NONE,NONE
BUILD-1127,PIPE-auth,unit_test_step_1,unit_test,275.48,132.5,59,25,0.7024,0.5982,10,0,0,1124.35,SUCCESS,1,SLOW_TASK,MEDIUM
BUILD-1128,PIPE-auth,checkout_step_2,checkout,49.53,310.05,0,0,1.0,0.705,7,0,0,458.15,SUCCESS,1,QUEUE_BOTTLENECK,HIGH
BUILD-1128,PIPE-api,checkout_step_2,checkout,49.69,23.36,0,0,1.0,0.6408,9,2,4,214.99,FAILED,0,NONE,NONE
BUILD-1128,PIPE-web,security_scan_step_4,security_scan,35.03,80.49,0,0,1.0,0.4858,15,0,0,316.18,SUCCESS,0,NONE,NONE
BUILD-1129,PIPE-auth,build_step_3,build,74.66,150.35,107,21,0.8359,0.7159,11,0,5,465.01,SUCCESS,0,NONE,NONE
BUILD-1129,PIPE-auth,checkout_step_3,checkout,16.48,46.53,0,0,1.0,0.9765,12,0,0,136.14,SUCCESS,0,NONE,NONE
BUILD-1129,PIPE-ml,unit_test_step_4,unit_test,143.7,54.13,136,26,0.8395,0.8059,11,0,0,627.62,SUCCESS,0,NONE,NONE
BUILD-1130,PIPE-worker,integration_test_step_2,integration_test,203.24,95.83,0,0,1.0,0.3484,9,0,0,769.01,SUCCESS,0,NONE,NONE
BUILD-1130,PIPE-web,compile_step_1,compile,162.22,65.9,137,4,0.9716,0.4248,6,0,0,451.2,SUCCESS,0,NONE,NONE
BUILD-1130,PIPE-ml,security_scan_step_2,security_scan,62.76,64.55,0,0,1.0,0.5587,15,0,3,411.31,SUCCESS,0,NONE,NONE
BUILD-1131,PIPE-web,dependency_install_step_1,dependency_install,70.89,399.01,15,118,0.1128,0.9591,17,0,0,847.18,SUCCESS,1,QUEUE_BOTTLENECK,CRITICAL
BUILD-1131,PIPE-auth,compile_step_3,compile,39.51,121.71,180,10,0.9474,0.7717,16,0,0,372.73,SUCCESS,0,NONE,NONE
BUILD-1131,PIPE-auth,checkout_step_3,checkout,5.61,26.25,0,0,1.0,0.1511,6,0,0,73.69,SUCCESS,0,NONE,NONE
BUILD-1132,PIPE-core,checkout_step_2,checkout,33.83,186.43,0,0,1.0,0.9647,9,0,0,331.92,SUCCESS,0,NONE,NONE
BUILD-1132,PIPE-worker,package_step_3,package,24.48,21.43,0,0,1.0,0.4753,7,0,5,99.49,SUCCESS,0,NONE,NONE
BUILD-1132,PIPE-api,integration_test_step_2,integration_test,69.75,191.25,0,0,1.0,0.5474,16,0,3,614.99,SUCCESS,0,NONE,NONE
BUILD-1133,PIPE-ml,dependency_install_step_1,dependency_install,84.49,459.99,182,19,0.9055,0.621,16,0,0,978.55,SUCCESS,0,NONE,LOW
BUILD-1133,PIPE-core,security_scan_step_1,security_scan,83.63,75.26,0,0,1.0,0.7131,17,0,4,560.71,SUCCESS,0,NONE,NONE
BUILD-1133,PIPE-auth,build_step_3,build,129.29,216.24,139,29,0.8274,0.3174,13,0,0,837.65,SUCCESS,0,NONE,NONE
BUILD-1134,PIPE-web,compile_step_4,compile,142.38,46.36,70,14,0.8333,0.7118,11,0,4,633.84,SUCCESS,0,NONE,NONE
BUILD-1134,PIPE-auth,integration_test_step_1,integration_test,110.85,684.75,0,0,1.0,0.6555,9,0,5,1062.81,SUCCESS,1,QUEUE_BOTTLENECK,HIGH
BUILD-1134,PIPE-web,build_step_3,build,40.98,30.63,165,15,0.9167,0.4508,17,1,0,319.66,FAILED,0,NONE,NONE
BUILD-1135,PIPE-ml,security_scan_step_1,security_scan,248.65,311.53,0,0,1.0,0.3116,5,1,0,767.08,FAILED,1,QUEUE_BOTTLENECK,CRITICAL
BUILD-1135,PIPE-auth,checkout_step_4,checkout,7.39,61.39,0,0,1.0,0.6385,5,0,0,123.4,SUCCESS,0,NONE,NONE
BUILD-1135,PIPE-web,compile_step_3,compile,79.84,80.45,16,147,0.0982,0.5812,4,0,3,244.8,SUCCESS,0,NONE,NONE
BUILD-1136,PIPE-auth,build_step_4,build,164.15,479.15,0,0,0.9288,0.4909,11,0,0,1127.42,SUCCESS,0,NONE,NONE
BUILD-1136,PIPE-ml,unit_test_step_3,unit_test,114.12,33.78,72,16,0.8182,0.3781,10,0,3,460.59,SUCCESS,0,NONE,NONE
BUILD-1136,PIPE-worker,unit_test_step_4,unit_test,205.5,40.52,52,26,0.6667,0.4596,8,0,0,667.17,SUCCESS,0,NONE,NONE
BUILD-1137,PIPE-auth,unit_test_step_2,unit_test,82.44,691.12,149,28,0.8418,0.6484,8,1,0,940.71,FAILED,1,QUEUE_BOTTLENECK,HIGH
BUILD-1137,PIPE-auth,lint_step_3,lint,12.79,54.09,118,15,0.8872,0.3776,5,0,0,98.73,SUCCESS,0,NONE,NONE
BUILD-1137,PIPE-web,security_scan_step_4,security_scan,144.52,20.86,0,0,1.0,0.9219,4,0,0,250.26,SUCCESS,0,NONE,NONE
BUILD-1138,PIPE-api,security_scan_step_1,security_scan,31.81,13.79,0,0,1.0,0.5858,11,0,0,180.13,SUCCESS,0,NONE,NONE
BUILD-1138,PIPE-web,unit_test_step_1,unit_test,104.88,32.93,87,3,0.9667,0.6872,10,1,0,452.18,FAILED,0,NONE,NONE
BUILD-1138,PIPE-web,lint_step_1,lint,36.54,369.87,113,14,0.8898,0.3063,11,0,2,529.2,SUCCESS,1,QUEUE_BOTTLENECK,HIGH
BUILD-1139,PIPE-auth,security_scan_step_2,security_scan,222.05,140.69,0,0,1.0,0.7533,8,0,0,796.67,SUCCESS,1,SLOW_TASK,MEDIUM
BUILD-1139,PIPE-ml,build_step_1,build,38.98,24.63,100,13,0.885,0.5097,17,0,5,306.64,SUCCESS,0,NONE,NONE
BUILD-1139,PIPE-api,lint_step_1,lint,13.43,140.43,60,20,0.75,0.3848,11,0,0,234.28,SUCCESS,0,NONE,NONE
BUILD-1140,PIPE-worker,checkout_step_3,checkout,77.81,30.99,0,0,1.0,0.37,14,1,3,455.4,FAILED,0,NONE,NONE
BUILD-1140,PIPE-core,dependency_install_step_2,dependency_install,101.66,19.12,138,27,0.8364,0.6064,15,0,3,583.19,SUCCESS,0,NONE,NONE
BUILD-1140,PIPE-core,unit_test_step_4,unit_test,123.91,50.7,175,8,0.9563,0.2337,12,0,6,599.44,SUCCESS,0,NONE,NONE
BUILD-1141,PIPE-auth,dependency_install_step_2,dependency_install,68.47,153.7,188,13,0.9353,0.4875,16,0,2,556.18,SUCCESS,0,NONE,NONE
BUILD-1141,PIPE-web,lint_step_2,lint,51.62,43.92,17,144,0.1056,0.6759,12,0,4,307.13,SUCCESS,0,NONE,NONE
BUILD-1141,PIPE-ml,compile_step_1,compile,138.82,83.99,4,62,0.0606,0.4976,7,0,5,448.9,SUCCESS,1,LOW_CACHE_EFFICIENCY,MEDIUM
BUILD-1142,PIPE-ml,unit_test_step_3,unit_test,258.88,311.74,68,2,0.9714,0.3064,7,0,0,976.42,SUCCESS,1,QUEUE_BOTTLENECK,CRITICAL
BUILD-1142,PIPE-worker,lint_step_1,lint,30.98,94.85,156,28,0.8478,0.4643,15,1,0,288.54,FAILED,0,NONE,NONE
BUILD-1142,PIPE-ml,checkout_step_3,checkout,27.69,539.78,0,0,1.0,0.4353,12,0,0,698.4,SUCCESS,0,NONE,NONE
BUILD-1143,PIPE-auth,integration_test_step_2,integration_test,88.85,34.58,0,0,1.0,0.5043,15,0,5,560.84,SUCCESS,0,NONE,NONE
BUILD-1143,PIPE-worker,build_step_2,build,152.35,33.72,179,12,0.9372,0.772,12,0,4,694.58,SUCCESS,0,NONE,NONE
BUILD-1143,PIPE-web,build_step_4,build,151.49,86.85,132,21,0.8627,0.549,12,0,0,770.97,SUCCESS,0,NONE,NONE
BUILD-1144,PIPE-worker,unit_test_step_4,unit_test,161.43,423.08,9,116,0.072,0.9454,6,0,3,804.85,SUCCESS,1,QUEUE_BOTTLENECK,CRITICAL
BUILD-1144,PIPE-api,build_step_1,build,158.32,225.14,120,19,0.8633,0.6649,13,0,4,964.37,SUCCESS,0,NONE,NONE
BUILD-1144,PIPE-web,unit_test_step_2,unit_test,367.91,76.01,73,20,0.7849,0.7056,18,0,5,2436.46,SUCCESS,1,SLOW_TASK,HIGH
BUILD-1145,PIPE-api,unit_test_step_1,unit_test,172.08,76.58,197,14,0.9336,0.9473,4,0,0,341.04,SUCCESS,0,NONE,NONE
BUILD-1145,PIPE-core,build_step_2,build,290.3,167.49,52,22,0.7027,0.2881,10,1,0,1232.57,FAILED,0,NONE,NONE
BUILD-1145,PIPE-auth,dependency_install_step_2,dependency_install,25.61,409.11,150,16,0.9036,0.6875,13,0,5,543.43,SUCCESS,1,QUEUE_BOTTLENECK,HIGH
BUILD-1146,PIPE-api,dependency_install_step_1,dependency_install,9.03,79.76,190,14,0.9314,0.6566,10,0,3,145.03,SUCCESS,0,NONE,NONE
BUILD-1146,PIPE-api,unit_test_step_2,unit_test,62.6,77.91,184,9,0.9534,0.4983,8,0,0,289.67,SUCCESS,0,NONE,LOW
BUILD-1146,PIPE-ml,unit_test_step_3,unit_test,303.76,36.82,56,26,0.6829,0.6413,9,0,3,1018.06,SUCCESS,1,SLOW_TASK,HIGH
BUILD-1147,PIPE-worker,checkout_step_2,checkout,13.99,143.58,0,0,1.0,0.2235,16,0,0,240.49,SUCCESS,0,NONE,NONE
BUILD-1147,PIPE-auth,build_step_3,build,137.88,427.98,78,11,0.8764,0.5437,4,0,4,639.64,SUCCESS,1,QUEUE_BOTTLENECK,HIGH
BUILD-1147,PIPE-auth,lint_step_4,lint,31.66,52.11,54,14,0.7941,0.5964,14,0,3,264.58,SUCCESS,0,NONE,NONE
BUILD-1148,PIPE-auth,compile_step_4,compile,22.44,188.61,12,124,0.0882,0.305,17,0,4,338.12,SUCCESS,0,NONE,NONE
BUILD-1148,PIPE-ml,unit_test_step_4,unit_test,196.77,47.67,130,17,0.8844,0.2404,12,0,0,929.71,SUCCESS,0,NONE,NONE
BUILD-1148,PIPE-ml,checkout_step_2,checkout,16.05,13.22,0,0,1.0,0.5356,11,0,4,126.0,SUCCESS,0,NONE,NONE
BUILD-1149,PIPE-web,compile_step_3,compile,143.14,109.73,149,30,0.8324,0.2026,4,0,3,352.36,SUCCESS,0,NONE,NONE
BUILD-1149,PIPE-ml,dependency_install_step_4,dependency_install,23.36,23.28,108,15,0.878,0.6356,6,0,0,97.54,SUCCESS,0,NONE,NONE
BUILD-1149,PIPE-api,dependency_install_step_2,dependency_install,75.94,21.59,0,0,0.9288,0.9248,15,0,3,444.38,SUCCESS,0,NONE,NONE
BUILD-1150,PIPE-auth,build_step_3,build,119.44,517.36,80,7,0.9195,0.2674,18,0,5,1307.59,SUCCESS,1,QUEUE_BOTTLENECK,HIGH
BUILD-1150,PIPE-worker,compile_step_3,compile,302.11,536.52,4,63,0.0597,0.9868,13,0,0,1928.31,SUCCESS,1,QUEUE_BOTTLENECK,CRITICAL
BUILD-1150,PIPE-auth,compile_step_1,compile,57.98,13.03,172,6,0.9663,0.5191,13,0,5,297.39,SUCCESS,0,NONE,NONE
BUILD-1151,PIPE-api,dependency_install_step_2,dependency_install,70.43,715.64,53,10,0.8413,0.5592,7,0,0,928.16,SUCCESS,1,QUEUE_BOTTLENECK,HIGH
BUILD-1151,PIPE-core,dependency_install_step_4,dependency_install,147.45,53.72,133,29,0.821,0.5096,7,0,0,434.4,SUCCESS,0,NONE,NONE
BUILD-1151,PIPE-ml,compile_step_1,compile,165.43,34.63,60,30,0.6667,0.4438,12,0,5,780.32,SUCCESS,0,NONE,NONE
BUILD-1152,PIPE-ml,package_step_2,package,84.32,176.18,0,0,1.0,0.5686,8,0,4,471.94,SUCCESS,0,NONE,NONE
BUILD-1152,PIPE-core,security_scan_step_2,security_scan,96.18,26.54,0,0,1.0,0.6126,5,0,0,245.82,SUCCESS,0,NONE,NONE
BUILD-1152,PIPE-ml,integration_test_step_4,integration_test,73.95,66.13,0,0,1.0,0.5298,6,0,0,267.57,SUCCESS,0,NONE,NONE
BUILD-1153,PIPE-core,compile_step_2,compile,69.15,43.5,3,130,0.0226,0.558,9,0,0,294.14,SUCCESS,0,NONE,NONE
BUILD-1153,PIPE-auth,package_step_4,package,8.46,52.98,0,0,1.0,0.9435,6,0,0,101.85,SUCCESS,1,AGENT_UTILISATION,MEDIUM
BUILD-1153,PIPE-api,dependency_install_step_2,dependency_install,186.38,500.77,157,11,0.9345,0.5602,16,0,3,1560.63,SUCCESS,1,QUEUE_BOTTLENECK,HIGH
BUILD-1154,PIPE-api,checkout_step_3,checkout,14.76,413.38,0,0,1.0,0.4105,11,2,0,512.66,FAILED,0,NONE,NONE
BUILD-1154,PIPE-auth,integration_test_step_4,integration_test,124.13,45.31,0,0,1.0,0.9579,13,1,0,648.22,FAILED,0,NONE,NONE
BUILD-1154,PIPE-ml,integration_test_step_2,integration_test,124.38,314.94,0,0,1.0,0.9568,14,0,6,981.77,SUCCESS,1,QUEUE_BOTTLENECK,CRITICAL
BUILD-1155,PIPE-auth,compile_step_1,compile,59.47,564.66,95,7,0.9314,0.1731,13,0,0,859.08,SUCCESS,1,QUEUE_BOTTLENECK,HIGH
BUILD-1155,PIPE-auth,dependency_install_step_4,dependency_install,73.51,118.0,0,0,0.9288,0.7208,9,0,5,372.69,SUCCESS,0,NONE,NONE
BUILD-1155,PIPE-core,compile_step_2,compile,90.13,432.16,0,0,0.9288,0.5873,7,0,6,671.65,SUCCESS,0,NONE,NONE
BUILD-1156,PIPE-worker,security_scan_step_3,security_scan,127.05,43.24,0,0,0.9288,0.5377,8,0,3,414.89,SUCCESS,0,NONE,NONE
BUILD-1156,PIPE-worker,unit_test_step_4,unit_test,47.85,83.87,19,69,0.2159,0.3136,7,1,2,226.5,FAILED,0,NONE,NONE
BUILD-1156,PIPE-api,lint_step_4,lint,34.79,19.66,193,27,0.8773,0.4087,4,0,2,117.48,SUCCESS,0,NONE,NONE
BUILD-1157,PIPE-auth,integration_test_step_1,integration_test,220.35,392.02,0,0,1.0,0.5318,10,0,3,1213.43,SUCCESS,1,QUEUE_BOTTLENECK,CRITICAL
BUILD-1157,PIPE-api,compile_step_3,compile,212.76,42.51,171,27,0.8636,0.9205,6,0,0,534.53,SUCCESS,0,NONE,NONE
BUILD-1157,PIPE-web,unit_test_step_4,unit_test,280.81,55.64,16,78,0.1702,0.7166,14,0,4,1457.06,SUCCESS,1,LOW_CACHE_EFFICIENCY,CRITICAL
BUILD-1158,PIPE-web,checkout_step_2,checkout,14.64,109.43,0,0,1.0,0.9827,10,0,0,192.33,SUCCESS,0,NONE,NONE
BUILD-1158,PIPE-auth,dependency_install_step_3,dependency_install,77.51,23.12,58,10,0.8529,0.4718,11,0,0,358.41,SUCCESS,0,NONE,NONE
BUILD-1158,PIPE-auth,compile_step_1,compile,100.25,117.55,6,51,0.1053,0.4127,4,0,3,307.31,SUCCESS,1,LOW_CACHE_EFFICIENCY,MEDIUM
BUILD-1159,PIPE-worker,security_scan_step_3,security_scan,68.98,84.58,0,0,1.0,0.9365,17,0,0,532.54,SUCCESS,0,NONE,NONE
BUILD-1159,PIPE-api,security_scan_step_4,security_scan,367.07,34.31,0,0,1.0,0.5428,5,1,0,706.48,FAILED,1,SLOW_TASK,MEDIUM
BUILD-1159,PIPE-ml,build_step_1,build,187.63,199.42,76,18,0.8085,0.6698,15,0,3,1232.87,SUCCESS,0,NONE,NONE
BUILD-1160,PIPE-api,compile_step_3,compile,191.52,22.02,119,6,0.952,0.569,5,1,0,389.43,FAILED,0,NONE,NONE
BUILD-1160,PIPE-api,integration_test_step_3,integration_test,104.34,23.63,0,0,1.0,0.3559,16,0,6,660.23,SUCCESS,0,NONE,NONE
BUILD-1160,PIPE-auth,unit_test_step_2,unit_test,196.31,653.12,62,5,0.9254,0.5402,5,0,0,1044.3,SUCCESS,1,QUEUE_BOTTLENECK,HIGH
BUILD-1161,PIPE-auth,integration_test_step_4,integration_test,71.42,13.14,0,0,1.0,0.5265,17,0,0,464.28,SUCCESS,0,NONE,LOW
BUILD-1161,PIPE-worker,integration_test_step_1,integration_test,149.85,42.46,0,0,1.0,0.5807,11,0,0,649.87,SUCCESS,0,NONE,NONE
BUILD-1161,PIPE-worker,compile_step_2,compile,202.43,514.79,116,13,0.8992,0.3996,15,0,0,1595.85,SUCCESS,1,QUEUE_BOTTLENECK,HIGH
BUILD-1162,PIPE-web,unit_test_step_1,unit_test,290.69,480.21,15,99,0.1316,0.3988,8,0,2,1328.0,SUCCESS,1,QUEUE_BOTTLENECK,CRITICAL
BUILD-1162,PIPE-worker,lint_step_1,lint,19.87,56.75,127,19,0.8699,0.7992,13,0,0,203.59,SUCCESS,0,NONE,NONE
BUILD-1162,PIPE-worker,checkout_step_2,checkout,22.04,45.26,0,0,1.0,0.3945,16,0,3,216.27,SUCCESS,0,NONE,NONE
BUILD-1163,PIPE-ml,checkout_step_4,checkout,42.25,517.64,0,0,1.0,0.6143,9,0,5,670.7,SUCCESS,1,QUEUE_BOTTLENECK,HIGH
BUILD-1163,PIPE-core,integration_test_step_4,integration_test,97.37,48.18,0,0,1.0,0.3371,4,0,0,199.94,SUCCESS,0,NONE,NONE
BUILD-1163,PIPE-ml,lint_step_2,lint,31.77,28.58,124,14,0.8986,0.5049,11,0,6,166.21,SUCCESS,0,NONE,NONE
BUILD-1164,PIPE-ml,compile_step_4,compile,54.71,36.75,72,20,0.7826,0.9762,12,0,4,281.56,SUCCESS,0,NONE,NONE
BUILD-1164,PIPE-core,checkout_step_3,checkout,9.54,333.3,0,0,1.0,0.7064,4,0,3,378.62,SUCCESS,1,QUEUE_BOTTLENECK,HIGH
BUILD-1164,PIPE-ml,unit_test_step_4,unit_test,28.92,209.3,5,100,0.0476,0.9148,12,0,0,359.16,SUCCESS,1,LOW_CACHE_EFFICIENCY,HIGH
BUILD-1165,PIPE-api,compile_step_2,compile,70.37,630.01,0,58,0.0,0.5249,11,0,3,956.86,SUCCESS,1,QUEUE_BOTTLENECK,CRITICAL
BUILD-1165,PIPE-ml,lint_step_4,lint,35.62,15.27,158,21,0.8827,0.4168,12,0,3,218.3,SUCCESS,0,NONE,NONE
BUILD-1165,PIPE-auth,checkout_step_4,checkout,25.15,187.46,0,0,1.0,0.5915,12,0,0,325.06,SUCCESS,0,NONE,LOW
BUILD-1166,PIPE-core,integration_test_step_3,integration_test,205.34,591.87,0,0,1.0,0.2499,15,0,0,1718.18,SUCCESS,0,NONE,NONE
BUILD-1166,PIPE-web,unit_test_step_1,unit_test,68.28,15.95,112,17,0.8682,0.6465,14,0,0,408.53,SUCCESS,0,NONE,NONE
BUILD-1166,PIPE-web,integration_test_step_3,integration_test,117.36,22.83,0,0,1.0,0.9414,11,0,0,532.32,SUCCESS,0,NONE,NONE
BUILD-1167,PIPE-web,compile_step_1,compile,157.32,268.5,127,25,0.8355,0.5707,8,1,0,732.64,FAILED,0,NONE,NONE
BUILD-1167,PIPE-core,integration_test_step_3,integration_test,230.79,36.5,0,0,1.0,0.7537,8,0,4,724.55,SUCCESS,1,SLOW_TASK,HIGH
BUILD-1167,PIPE-web,dependency_install_step_3,dependency_install,47.33,24.24,78,21,0.7879,0.5452,13,0,3,285.92,SUCCESS,0,NONE,NONE
BUILD-1168,PIPE-ml,compile_step_2,compile,216.2,51.15,137,4,0.9716,0.5329,13,0,0,1051.0,SUCCESS,0,NONE,NONE
BUILD-1168,PIPE-worker,compile_step_4,compile,67.39,71.17,18,133,0.1192,0.7242,4,0,2,193.92,SUCCESS,0,NONE,NONE
BUILD-1168,PIPE-worker,compile_step_2,compile,127.86,33.9,171,10,0.9448,0.9841,17,0,0,816.94,SUCCESS,0,NONE,NONE
BUILD-1169,PIPE-web,package_step_1,package,31.71,534.91,0,0,1.0,0.7292,9,0,0,664.55,SUCCESS,1,QUEUE_BOTTLENECK,HIGH
BUILD-1169,PIPE-web,compile_step_3,compile,239.29,207.46,199,14,0.9343,0.356,14,0,0,1406.55,SUCCESS,1,SLOW_TASK,MEDIUM
BUILD-1169,PIPE-api,unit_test_step_2,unit_test,45.89,173.53,0,146,0.0,0.9439,10,0,3,364.54,SUCCESS,1,LOW_CACHE_EFFICIENCY,HIGH
BUILD-1170,PIPE-ml,compile_step_2,compile,124.09,450.93,64,21,0.7529,0.4281,17,0,2,1219.65,SUCCESS,1,QUEUE_BOTTLENECK,HIGH
BUILD-1170,PIPE-core,build_step_2,build,221.97,112.67,194,27,0.8778,0.3612,18,0,2,1564.11,SUCCESS,1,SLOW_TASK,MEDIUM
BUILD-1170,PIPE-ml,unit_test_step_3,unit_test,91.06,82.81,132,10,0.9296,0.6259,5,0,2,265.55,SUCCESS,0,NONE,NONE
BUILD-1171,PIPE-web,dependency_install_step_1,dependency_install,79.02,32.44,150,7,0.9554,0.8121,5,0,2,217.91,SUCCESS,0,NONE,NONE
BUILD-1171,PIPE-ml,compile_step_1,compile,122.56,677.65,114,26,0.8143,0.7162,18,0,2,1470.33,SUCCESS,1,QUEUE_BOTTLENECK,HIGH
BUILD-1171,PIPE-ml,unit_test_step_2,unit_test,188.15,62.0,197,2,0.9899,0.3205,16,0,0,1165.28,SUCCESS,0,NONE,NONE
BUILD-1172,PIPE-core,integration_test_step_1,integration_test,130.99,77.95,0,0,1.0,0.4651,16,0,0,844.21,SUCCESS,0,NONE,NONE
BUILD-1172,PIPE-ml,compile_step_1,compile,223.28,142.44,73,13,0.8488,0.4665,9,0,0,880.14,SUCCESS,1,SLOW_TASK,MEDIUM
BUILD-1172,PIPE-ml,dependency_install_step_1,dependency_install,90.51,75.57,126,24,0.84,0.3679,5,0,5,278.97,SUCCESS,0,NONE,NONE
BUILD-1173,PIPE-api,checkout_step_1,checkout,38.22,183.01,0,0,1.0,0.6127,11,0,0,369.12,SUCCESS,0,NONE,NONE
BUILD-1173,PIPE-worker,package_step_1,package,87.85,462.59,0,0,1.0,0.9594,16,0,6,1013.19,SUCCESS,1,QUEUE_BOTTLENECK,CRITICAL
BUILD-1173,PIPE-worker,package_step_2,package,32.54,68.23,0,0,1.0,0.4329,5,1,2,162.22,FAILED,0,NONE,NONE
BUILD-1174,PIPE-auth,checkout_step_2,checkout,5.0,386.99,0,0,1.0,0.372,18,0,0,445.94,SUCCESS,0,NONE,NONE
BUILD-1174,PIPE-auth,checkout_step_1,checkout,42.55,513.48,0,0,1.0,0.7396,13,0,5,737.22,SUCCESS,1,QUEUE_BOTTLENECK,HIGH
BUILD-1174,PIPE-web,dependency_install_step_2,dependency_install,82.26,15.8,104,26,0.8,0.9878,6,0,5,226.86,SUCCESS,0,NONE,NONE
BUILD-1175,PIPE-web,integration_test_step_4,integration_test,173.7,46.44,0,0,1.0,0.4091,6,0,0,460.8,SUCCESS,0,NONE,NONE
BUILD-1175,PIPE-core,build_step_1,build,88.24,320.13,2,130,0.0152,0.6732,18,0,0,892.84,SUCCESS,1,QUEUE_BOTTLENECK,CRITICAL
BUILD-1175,PIPE-worker,security_scan_step_2,security_scan,42.84,442.96,0,0,1.0,0.5053,11,0,0,657.39,SUCCESS,1,QUEUE_BOTTLENECK,HIGH
BUILD-1176,PIPE-core,integration_test_step_4,integration_test,213.63,31.82,0,0,1.0,0.9605,17,0,3,1338.42,SUCCESS,1,AGENT_UTILISATION,HIGH
BUILD-1176,PIPE-api,dependency_install_step_1,dependency_install,60.13,34.88,188,18,0.9126,0.6295,16,0,2,397.85,SUCCESS,0,NONE,NONE
BUILD-1176,PIPE-ml,build_step_4,build,102.48,57.0,1,46,0.0213,0.4818,8,0,0,389.68,SUCCESS,0,NONE,NONE
BUILD-1177,PIPE-worker,checkout_step_1,checkout,41.42,66.65,0,0,0.9288,0.3279,16,1,0,354.07,FAILED,0,NONE,LOW
BUILD-1177,PIPE-api,security_scan_step_3,security_scan,144.96,24.65,0,0,1.0,0.5256,18,0,2,961.18,SUCCESS,0,NONE,NONE
BUILD-1177,PIPE-worker,build_step_4,build,270.38,72.32,18,102,0.15,0.9132,10,0,0,1048.33,SUCCESS,1,LOW_CACHE_EFFICIENCY,CRITICAL
BUILD-1178,PIPE-worker,unit_test_step_4,unit_test,119.35,25.25,119,8,0.937,0.5575,4,0,3,232.78,SUCCESS,0,NONE,NONE
BUILD-1178,PIPE-api,lint_step_2,lint,20.9,15.9,93,20,0.823,0.6158,17,0,0,161.27,SUCCESS,0,NONE,NONE
BUILD-1178,PIPE-api,integration_test_step_4,integration_test,158.76,190.93,0,0,1.0,0.6101,15,0,3,1081.24,SUCCESS,0,NONE,NONE
BUILD-1179,PIPE-auth,package_step_1,package,15.23,14.28,0,0,1.0,0.941,11,0,5,100.64,SUCCESS,1,AGENT_UTILISATION,MEDIUM
BUILD-1179,PIPE-worker,lint_step_1,lint,46.39,40.78,192,26,0.8807,0.9741,15,0,3,318.88,SUCCESS,0,NONE,NONE
BUILD-1179,PIPE-core,checkout_step_3,checkout,29.76,395.79,0,0,1.0,0.7295,13,0,0,566.2,SUCCESS,0,NONE,NONE
BUILD-1180,PIPE-ml,unit_test_step_3,unit_test,187.9,33.18,50,29,0.6329,0.397,10,0,5,708.41,SUCCESS,0,NONE,NONE
BUILD-1180,PIPE-ml,package_step_2,package,29.24,69.2,0,0,1.0,0.9632,18,0,0,287.28,SUCCESS,0,NONE,NONE
BUILD-1180,PIPE-web,build_step_1,build,274.41,10.48,60,13,0.8219,0.5044,14,0,0,1414.15,SUCCESS,1,SLOW_TASK,MEDIUM
BUILD-1181,PIPE-api,dependency_install_step_3,dependency_install,96.34,139.86,15,134,0.1007,0.7324,13,0,0,596.95,SUCCESS,0,NONE,NONE
BUILD-1181,PIPE-web,compile_step_3,compile,219.73,61.86,63,4,0.9403,0.6598,11,0,6,947.92,SUCCESS,0,NONE,NONE
BUILD-1181,PIPE-auth,build_step_4,build,136.01,136.81,66,8,0.8919,0.511,11,0,2,710.55,SUCCESS,0,NONE,NONE
BUILD-1182,PIPE-web,dependency_install_step_2,dependency_install,58.16,36.3,183,22,0.8927,0.9852,10,0,4,270.3,SUCCESS,0,NONE,NONE
BUILD-1182,PIPE-ml,integration_test_step_3,integration_test,149.8,154.15,0,0,1.0,0.9468,16,0,0,1039.97,SUCCESS,0,NONE,NONE
BUILD-1182,PIPE-web,integration_test_step_3,integration_test,93.77,23.24,0,0,1.0,0.4421,12,0,3,451.35,SUCCESS,0,NONE,NONE
BUILD-1183,PIPE-web,dependency_install_step_3,dependency_install,115.75,52.13,123,26,0.8255,0.6565,6,0,3,337.88,SUCCESS,0,NONE,NONE
BUILD-1183,PIPE-web,dependency_install_step_2,dependency_install,93.63,217.42,89,7,0.9271,0.703,4,0,3,381.73,SUCCESS,0,NONE,NONE
BUILD-1183,PIPE-auth,security_scan_step_3,security_scan,131.31,47.64,0,0,1.0,0.9508,11,0,2,579.83,SUCCESS,0,NONE,NONE
BUILD-1184,PIPE-worker,lint_step_4,lint,20.33,230.87,17,104,0.1405,0.4711,15,0,0,352.88,SUCCESS,0,NONE,NONE
BUILD-1184,PIPE-auth,security_scan_step_4,security_scan,165.88,29.36,0,0,1.0,0.946,11,0,0,714.18,SUCCESS,0,NONE,NONE
BUILD-1184,PIPE-worker,integration_test_step_2,integration_test,36.77,43.82,0,0,1.0,0.9235,4,0,0,154.28,SUCCESS,0,NONE,NONE
BUILD-1185,PIPE-web,dependency_install_step_1,dependency_install,132.17,26.76,72,18,0.8,0.6572,11,0,0,578.12,SUCCESS,0,NONE,NONE
BUILD-1185,PIPE-web,unit_test_step_4,unit_test,88.02,41.55,122,13,0.9037,0.7208,11,0,0,431.16,SUCCESS,0,NONE,NONE
BUILD-1185,PIPE-worker,lint_step_3,lint,46.56,403.89,158,25,0.8634,0.7407,6,0,4,545.84,SUCCESS,0,NONE,NONE
BUILD-1186,PIPE-auth,package_step_1,package,38.29,65.04,0,0,1.0,0.6191,10,0,0,230.8,SUCCESS,0,NONE,NONE
BUILD-1186,PIPE-auth,unit_test_step_2,unit_test,73.4,141.16,124,19,0.8671,0.65,17,0,6,607.33,SUCCESS,0,NONE,NONE
BUILD-1186,PIPE-api,checkout_step_1,checkout,30.63,610.64,0,0,1.0,0.5212,14,0,0,790.16,SUCCESS,0,NONE,NONE
BUILD-1187,PIPE-worker,dependency_install_step_2,dependency_install,30.98,475.61,176,4,0.9778,0.2415,9,0,0,592.18,SUCCESS,1,QUEUE_BOTTLENECK,HIGH
BUILD-1187,PIPE-ml,security_scan_step_1,security_scan,89.41,97.46,0,0,1.0,0.5791,4,0,3,243.65,SUCCESS,0,NONE,NONE
BUILD-1187,PIPE-ml,dependency_install_step_2,dependency_install,43.06,531.09,141,3,0.9792,0.5467,12,0,3,745.44,SUCCESS,0,NONE,NONE
BUILD-1188,PIPE-auth,lint_step_3,lint,10.48,42.23,127,10,0.927,0.7395,15,0,3,147.25,SUCCESS,0,NONE,LOW
BUILD-1188,PIPE-auth,compile_step_4,compile,135.27,85.55,91,5,0.9479,0.5341,12,0,0,687.1,SUCCESS,0,NONE,NONE
BUILD-1188,PIPE-auth,build_step_1,build,228.72,33.57,79,28,0.7383,0.9749,4,0,3,382.0,SUCCESS,1,SLOW_TASK,CRITICAL
BUILD-1189,PIPE-auth,unit_test_step_3,unit_test,290.23,714.76,80,9,0.8989,0.928,15,0,3,2283.27,TIMED_OUT,1,QUEUE_BOTTLENECK,CRITICAL
BUILD-1189,PIPE-worker,security_scan_step_1,security_scan,184.44,617.0,0,0,1.0,0.5883,16,0,6,1690.93,SUCCESS,1,QUEUE_BOTTLENECK,HIGH
BUILD-1189,PIPE-auth,checkout_step_1,checkout,28.44,57.54,0,0,1.0,0.9141,8,0,0,162.65,SUCCESS,1,AGENT_UTILISATION,MEDIUM
BUILD-1190,PIPE-auth,dependency_install_step_2,dependency_install,11.1,55.59,73,6,0.9241,0.5653,8,0,6,143.42,SUCCESS,0,NONE,NONE
BUILD-1190,PIPE-auth,compile_step_1,compile,157.37,626.99,53,18,0.7465,0.66,7,0,0,1065.09,SUCCESS,1,QUEUE_BOTTLENECK,HIGH
BUILD-1190,PIPE-core,package_step_1,package,81.04,58.9,0,0,1.0,0.7085,17,0,0,569.26,SUCCESS,0,NONE,NONE
BUILD-1191,PIPE-core,dependency_install_step_3,dependency_install,27.72,113.01,181,9,0.9526,0.5467,16,0,3,288.04,SUCCESS,0,NONE,NONE
BUILD-1191,PIPE-web,security_scan_step_1,security_scan,197.88,564.81,0,0,1.0,0.6541,10,0,5,1289.72,SUCCESS,1,QUEUE_BOTTLENECK,HIGH
BUILD-1191,PIPE-api,integration_test_step_3,integration_test,137.33,90.54,0,0,1.0,0.7063,17,1,0,938.0,FAILED,0,NONE,NONE
BUILD-1192,PIPE-ml,unit_test_step_1,unit_test,150.91,87.54,76,14,0.8444,0.4637,14,0,6,847.77,SUCCESS,0,NONE,NONE
BUILD-1192,PIPE-ml,build_step_2,build,120.13,455.35,136,8,0.9444,0.6661,10,0,0,910.02,SUCCESS,1,QUEUE_BOTTLENECK,HIGH
BUILD-1192,PIPE-web,lint_step_3,lint,43.26,34.28,152,13,0.9212,0.5815,13,0,0,276.83,SUCCESS,0,NONE,NONE
BUILD-1193,PIPE-worker,dependency_install_step_3,dependency_install,137.69,34.66,84,2,0.9767,0.92,4,0,2,271.92,SUCCESS,1,AGENT_UTILISATION,MEDIUM
BUILD-1193,PIPE-worker,integration_test_step_3,integration_test,134.1,674.7,0,0,1.0,0.5972,5,0,0,961.33,SUCCESS,1,QUEUE_BOTTLENECK,HIGH
BUILD-1193,PIPE-worker,lint_step_2,lint,17.01,146.28,179,10,0.9471,0.5536,16,0,0,297.54,SUCCESS,0,NONE,LOW
BUILD-1194,PIPE-worker,build_step_1,build,168.99,130.65,146,16,0.9012,0.5402,4,0,0,416.29,SUCCESS,0,NONE,NONE
BUILD-1194,PIPE-api,unit_test_step_2,unit_test,55.91,23.24,78,20,0.7959,0.4445,14,0,0,314.4,SUCCESS,0,NONE,NONE
BUILD-1194,PIPE-api,unit_test_step_4,unit_test,240.02,37.96,146,21,0.8743,0.4835,16,0,2,1430.45,SUCCESS,1,SLOW_TASK,MEDIUM
BUILD-1195,PIPE-api,lint_step_3,lint,9.61,18.76,137,14,0.9073,0.9204,9,0,3,94.46,SUCCESS,0,NONE,NONE
BUILD-1195,PIPE-ml,compile_step_1,compile,65.81,118.93,9,54,0.1429,0.4429,4,0,0,263.61,SUCCESS,1,LOW_CACHE_EFFICIENCY,MEDIUM
BUILD-1195,PIPE-worker,integration_test_step_4,integration_test,96.59,34.51,0,0,1.0,0.6069,13,1,6,521.04,FAILED,0,NONE,NONE
BUILD-1196,PIPE-auth,checkout_step_4,checkout,16.02,684.66,0,0,1.0,0.4135,9,0,0,791.15,SUCCESS,0,NONE,NONE
BUILD-1196,PIPE-web,unit_test_step_4,unit_test,156.95,21.08,69,28,0.7113,0.2762,7,0,0,440.77,SUCCESS,0,NONE,NONE
BUILD-1196,PIPE-api,integration_test_step_1,integration_test,143.69,32.7,0,0,1.0,0.7406,13,0,0,713.45,SUCCESS,0,NONE,NONE
BUILD-1197,PIPE-api,compile_step_1,compile,180.39,234.4,126,15,0.8936,0.5513,9,0,0,826.1,SUCCESS,0,NONE,NONE
BUILD-1197,PIPE-auth,dependency_install_step_1,dependency_install,42.83,17.19,97,20,0.8291,0.5665,14,0,0,271.01,SUCCESS,0,NONE,NONE
BUILD-1197,PIPE-auth,lint_step_4,lint,16.69,60.09,65,18,0.7831,0.5296,11,0,0,141.1,SUCCESS,0,NONE,NONE
BUILD-1198,PIPE-worker,unit_test_step_1,unit_test,209.28,126.1,118,28,0.8082,0.4682,6,0,2,624.69,SUCCESS,0,NONE,NONE
BUILD-1198,PIPE-core,compile_step_3,compile,184.8,108.63,161,15,0.9148,0.3051,4,0,3,402.05,SUCCESS,0,NONE,NONE
BUILD-1198,PIPE-api,integration_test_step_1,integration_test,219.03,193.69,0,0,1.0,0.4047,4,1,0,518.36,FAILED,0,NONE,NONE
BUILD-1199,PIPE-web,build_step_4,build,157.86,92.99,73,14,0.8391,0.3546,15,0,0,973.79,SUCCESS,0,NONE,NONE
BUILD-1199,PIPE-core,unit_test_step_3,unit_test,183.24,68.92,19,55,0.2568,0.4699,9,0,3,673.06,SUCCESS,1,LOW_CACHE_EFFICIENCY,HIGH
BUILD-1199,PIPE-worker,dependency_install_step_1,dependency_install,68.49,513.69,162,15,0.9153,0.457,13,1,0,847.69,FAILED,0,NONE,NONE
BUILD-1200,PIPE-core,compile_step_4,compile,109.31,120.02,121,30,0.8013,0.4831,6,0,0,392.91,SUCCESS,0,NONE,LOW
BUILD-1200,PIPE-auth,checkout_step_1,checkout,19.66,121.77,0,0,1.0,0.5265,7,0,0,211.07,SUCCESS,0,NONE,NONE
BUILD-1200,PIPE-ml,dependency_install_step_2,dependency_install,106.13,48.38,150,10,0.9375,0.537,18,0,3,760.68,SUCCESS,0,NONE,NONE
BUILD-1201,PIPE-ml,compile_step_4,compile,91.6,372.65,70,28,0.7143,0.6742,11,0,0,767.1,SUCCESS,1,QUEUE_BOTTLENECK,HIGH
BUILD-1201,PIPE-ml,unit_test_step_1,unit_test,205.8,74.63,179,4,0.9781,0.4422,13,0,2,1065.33,SUCCESS,0,NONE,NONE
BUILD-1201,PIPE-ml,integration_test_step_4,integration_test,84.72,35.07,0,0,1.0,0.9505,10,0,0,353.9,SUCCESS,0,NONE,NONE
BUILD-1202,PIPE-api,unit_test_step_2,unit_test,215.7,20.1,131,16,0.8912,0.2039,15,0,0,1186.55,SUCCESS,0,NONE,NONE
BUILD-1202,PIPE-web,dependency_install_step_4,dependency_install,174.91,27.24,146,28,0.8391,0.4351,7,1,6,499.03,FAILED,0,NONE,NONE
BUILD-1202,PIPE-ml,compile_step_1,compile,226.8,141.14,5,46,0.098,0.276,10,0,0,978.15,SUCCESS,1,LOW_CACHE_EFFICIENCY,CRITICAL
BUILD-1203,PIPE-api,package_step_1,package,76.45,509.33,0,0,1.0,0.7192,16,0,0,967.54,SUCCESS,1,QUEUE_BOTTLENECK,HIGH
BUILD-1203,PIPE-core,compile_step_2,compile,131.41,60.89,118,11,0.9147,0.6975,10,0,0,555.93,SUCCESS,0,NONE,NONE
BUILD-1203,PIPE-web,security_scan_step_2,security_scan,76.03,43.89,0,0,1.0,0.6843,6,1,0,222.34,FAILED,0,NONE,NONE
BUILD-1204,PIPE-worker,build_step_3,build,177.2,229.48,71,2,0.9726,0.5188,17,0,0,1333.78,SUCCESS,0,NONE,NONE
BUILD-1204,PIPE-ml,unit_test_step_3,unit_test,215.3,75.26,63,12,0.84,0.5285,11,0,0,1191.08,SUCCESS,0,NONE,NONE
BUILD-1204,PIPE-auth,security_scan_step_1,security_scan,70.49,402.24,0,0,1.0,0.6137,10,0,6,694.57,SUCCESS,0,NONE,LOW
BUILD-1205,PIPE-api,compile_step_4,compile,109.61,111.47,83,4,0.954,0.5549,12,0,3,603.42,SUCCESS,0,NONE,NONE
BUILD-1205,PIPE-web,lint_step_4,lint,40.25,201.12,117,18,0.8667,0.611,18,0,0,510.54,SUCCESS,0,NONE,NONE
BUILD-1205,PIPE-auth,build_step_4,build,164.06,639.12,7,63,0.1,0.978,8,0,5,1126.5,SUCCESS,1,QUEUE_BOTTLENECK,CRITICAL
BUILD-1206,PIPE-core,unit_test_step_4,unit_test,135.88,77.34,4,55,0.0678,0.3167,7,0,6,462.27,SUCCESS,0,NONE,NONE
BUILD-1206,PIPE-auth,build_step_2,build,130.1,54.92,184,26,0.8762,0.5035,10,0,0,547.11,SUCCESS,0,NONE,LOW
BUILD-1206,PIPE-web,checkout_step_1,checkout,33.73,143.82,0,0,1.0,0.5376,5,0,5,229.24,SUCCESS,0,NONE,NONE
BUILD-1207,PIPE-web,integration_test_step_1,integration_test,167.31,55.3,0,0,1.0,0.9464,13,0,0,865.47,SUCCESS,0,NONE,NONE
BUILD-1207,PIPE-auth,dependency_install_step_1,dependency_install,71.32,16.09,64,25,0.7191,0.9434,13,0,5,393.99,SUCCESS,0,NONE,LOW
BUILD-1207,PIPE-api,dependency_install_step_4,dependency_install,55.13,18.97,89,5,0.9468,0.464,16,0,6,378.2,SUCCESS,0,NONE,NONE
BUILD-1208,PIPE-ml,checkout_step_3,checkout,40.11,91.29,0,0,1.0,0.5285,18,0,0,366.22,SUCCESS,0,NONE,LOW
BUILD-1208,PIPE-worker,lint_step_2,lint,50.7,55.86,60,18,0.7692,0.6169,11,0,0,290.16,SUCCESS,0,NONE,NONE
BUILD-1208,PIPE-auth,integration_test_step_1,integration_test,219.99,51.5,0,0,1.0,0.4699,18,0,0,1467.44,SUCCESS,0,NONE,NONE
BUILD-1209,PIPE-web,build_step_4,build,415.71,112.68,2,45,0.0426,0.6067,12,0,0,1916.38,SUCCESS,1,LOW_CACHE_EFFICIENCY,CRITICAL
BUILD-1209,PIPE-auth,lint_step_3,lint,11.49,33.85,16,42,0.2759,0.9128,14,0,0,119.69,SUCCESS,1,LOW_CACHE_EFFICIENCY,HIGH
BUILD-1209,PIPE-core,checkout_step_3,checkout,94.0,48.54,0,0,1.0,0.8117,16,0,3,610.54,SUCCESS,0,NONE,NONE
BUILD-1210,PIPE-core,lint_step_3,lint,13.25,11.39,17,42,0.2881,0.9435,5,1,0,84.49,FAILED,1,LOW_CACHE_EFFICIENCY,HIGH
BUILD-1210,PIPE-worker,security_scan_step_4,security_scan,184.62,98.06,0,0,1.0,0.3374,13,0,0,968.94,SUCCESS,0,NONE,NONE
BUILD-1210,PIPE-web,checkout_step_2,checkout,10.86,357.55,0,0,1.0,0.9243,4,0,3,409.94,SUCCESS,1,QUEUE_BOTTLENECK,CRITICAL
BUILD-1211,PIPE-ml,dependency_install_step_2,dependency_install,99.9,30.43,187,8,0.959,0.9662,16,0,3,634.52,SUCCESS,0,NONE,NONE
BUILD-1211,PIPE-ml,security_scan_step_4,security_scan,94.29,10.26,0,0,1.0,0.4864,13,0,0,467.78,SUCCESS,0,NONE,NONE
BUILD-1211,PIPE-web,checkout_step_4,checkout,16.98,101.77,0,0,1.0,0.4787,15,0,0,234.6,SUCCESS,0,NONE,LOW
BUILD-1212,PIPE-worker,unit_test_step_4,unit_test,115.86,17.46,0,94,0.0,0.7236,12,1,0,541.0,FAILED,1,LOW_CACHE_EFFICIENCY,MEDIUM
BUILD-1212,PIPE-worker,build_step_1,build,167.31,60.51,138,16,0.8961,0.644,4,0,0,316.71,SUCCESS,0,NONE,NONE
BUILD-1212,PIPE-auth,dependency_install_step_3,dependency_install,28.87,29.1,169,6,0.9657,0.4193,15,0,0,202.07,SUCCESS,0,NONE,NONE
BUILD-1213,PIPE-ml,unit_test_step_4,unit_test,137.42,127.69,103,11,0.9035,0.2404,5,0,5,392.07,SUCCESS,0,NONE,NONE
BUILD-1213,PIPE-worker,package_step_4,package,45.88,18.04,0,0,1.0,0.4174,4,0,4,103.83,SUCCESS,0,NONE,NONE
BUILD-1213,PIPE-auth,checkout_step_1,checkout,49.6,190.2,0,0,1.0,0.9654,7,0,4,333.73,SUCCESS,1,AGENT_UTILISATION,MEDIUM
BUILD-1214,PIPE-web,lint_step_3,lint,39.36,14.89,181,21,0.896,0.3979,15,1,0,240.6,FAILED,0,NONE,NONE
BUILD-1214,PIPE-core,package_step_1,package,10.07,54.6,0,0,1.0,0.9199,5,0,4,105.27,SUCCESS,0,NONE,NONE
BUILD-1214,PIPE-web,security_scan_step_4,security_scan,232.56,20.83,0,0,1.0,0.9393,14,0,3,1192.17,SUCCESS,1,SLOW_TASK,CRITICAL
BUILD-1215,PIPE-worker,package_step_1,package,33.13,23.73,0,0,1.0,0.4574,9,0,5,187.46,SUCCESS,0,NONE,NONE
BUILD-1215,PIPE-ml,compile_step_4,compile,96.64,167.49,13,92,0.1238,0.7049,18,0,0,820.31,SUCCESS,0,NONE,NONE
BUILD-1215,PIPE-core,unit_test_step_1,unit_test,201.22,174.0,67,4,0.9437,0.3966,10,0,2,920.57,SUCCESS,0,NONE,NONE
BUILD-1216,PIPE-ml,dependency_install_step_1,dependency_install,86.83,15.85,183,11,0.9433,0.5525,18,0,4,595.89,SUCCESS,0,NONE,NONE
BUILD-1216,PIPE-core,lint_step_2,lint,93.79,127.63,102,30,0.7727,0.6274,16,0,5,672.24,SUCCESS,0,NONE,NONE
BUILD-1216,PIPE-web,checkout_step_3,checkout,49.27,181.36,0,0,1.0,0.1887,18,0,2,518.27,SUCCESS,0,NONE,NONE
BUILD-1217,PIPE-web,unit_test_step_2,unit_test,214.41,648.15,188,20,0.9038,0.4017,17,0,0,1964.49,SUCCESS,1,QUEUE_BOTTLENECK,HIGH
BUILD-1217,PIPE-core,security_scan_step_3,security_scan,106.19,49.12,0,0,1.0,0.5835,5,1,0,289.02,FAILED,0,NONE,NONE
BUILD-1217,PIPE-web,integration_test_step_1,integration_test,104.81,93.81,0,0,1.0,0.656,16,0,0,730.75,SUCCESS,0,NONE,NONE
BUILD-1218,PIPE-ml,unit_test_step_2,unit_test,67.59,39.76,196,23,0.895,0.9521,10,0,6,327.72,SUCCESS,0,NONE,NONE
BUILD-1218,PIPE-web,unit_test_step_2,unit_test,156.47,30.41,70,4,0.9459,0.9322,18,0,6,1073.17,SUCCESS,0,NONE,NONE
BUILD-1218,PIPE-auth,unit_test_step_4,unit_test,171.28,11.93,158,16,0.908,0.3976,11,0,6,690.02,SUCCESS,0,NONE,NONE
BUILD-1219,PIPE-ml,unit_test_step_1,unit_test,73.91,12.49,58,25,0.6988,0.1796,12,0,0,371.43,SUCCESS,0,NONE,NONE
BUILD-1219,PIPE-core,unit_test_step_3,unit_test,98.83,423.81,11,79,0.1222,0.3405,8,0,6,734.33,SUCCESS,1,QUEUE_BOTTLENECK,CRITICAL
BUILD-1219,PIPE-worker,checkout_step_3,checkout,21.79,68.95,0,0,1.0,0.5042,17,2,0,239.22,FAILED,0,NONE,LOW
BUILD-1220,PIPE-core,unit_test_step_3,unit_test,334.73,14.36,146,17,0.8957,0.3659,17,0,0,2047.2,SUCCESS,0,NONE,NONE
BUILD-1220,PIPE-worker,security_scan_step_2,security_scan,90.47,125.25,0,0,1.0,0.2635,16,0,5,656.3,SUCCESS,0,NONE,NONE
BUILD-1220,PIPE-core,package_step_4,package,46.84,11.84,0,0,1.0,0.7291,17,0,0,338.96,SUCCESS,0,NONE,NONE
BUILD-1221,PIPE-web,integration_test_step_1,integration_test,40.36,44.7,0,0,0.9288,0.97,13,0,0,274.54,SUCCESS,0,NONE,NONE
BUILD-1221,PIPE-worker,unit_test_step_1,unit_test,125.1,660.63,96,2,0.9796,0.5729,7,0,0,984.81,SUCCESS,1,QUEUE_BOTTLENECK,HIGH
BUILD-1221,PIPE-worker,checkout_step_3,checkout,42.26,56.65,0,0,1.0,0.9853,17,0,2,325.25,SUCCESS,1,AGENT_UTILISATION,MEDIUM
BUILD-1222,PIPE-auth,compile_step_3,compile,103.96,387.65,188,7,0.9641,0.4741,6,0,5,643.7,SUCCESS,1,QUEUE_BOTTLENECK,HIGH
BUILD-1222,PIPE-ml,dependency_install_step_3,dependency_install,78.62,29.77,126,14,0.9,0.9449,6,0,2,216.93,SUCCESS,0,NONE,LOW
BUILD-1222,PIPE-api,lint_step_2,lint,5.36,194.27,148,5,0.9673,0.425,9,0,0,251.03,SUCCESS,0,NONE,NONE
BUILD-1223,PIPE-api,build_step_1,build,143.76,93.41,75,9,0.8929,0.6056,14,0,2,834.62,SUCCESS,0,NONE,NONE
BUILD-1223,PIPE-auth,dependency_install_step_2,dependency_install,38.31,384.41,112,19,0.855,0.3996,18,0,0,668.46,SUCCESS,1,QUEUE_BOTTLENECK,HIGH
BUILD-1223,PIPE-auth,compile_step_2,compile,121.57,415.07,173,10,0.9454,0.5587,17,0,0,1155.9,SUCCESS,0,NONE,NONE
BUILD-1224,PIPE-auth,compile_step_2,compile,132.95,104.51,126,4,0.9692,0.5831,5,0,0,384.3,SUCCESS,0,NONE,NONE
BUILD-1224,PIPE-api,integration_test_step_3,integration_test,193.1,58.82,0,0,1.0,0.6918,14,0,0,1020.46,SUCCESS,0,NONE,NONE
BUILD-1224,PIPE-web,compile_step_4,compile,55.35,41.45,84,22,0.7925,0.7411,13,0,0,326.78,SUCCESS,0,NONE,NONE
BUILD-1225,PIPE-ml,security_scan_step_4,security_scan,63.47,26.3,0,0,0.9288,0.3923,14,0,0,352.75,SUCCESS,0,NONE,NONE
BUILD-1225,PIPE-worker,security_scan_step_3,security_scan,127.33,84.71,0,0,0.9288,0.5281,13,0,0,717.1,SUCCESS,0,NONE,NONE
BUILD-1225,PIPE-core,dependency_install_step_3,dependency_install,43.34,112.23,106,25,0.8092,0.925,8,0,6,251.58,SUCCESS,0,NONE,NONE
BUILD-1226,PIPE-ml,compile_step_4,compile,213.1,62.57,15,130,0.1034,0.749,7,1,0,626.98,FAILED,1,LOW_CACHE_EFFICIENCY,MEDIUM
BUILD-1226,PIPE-ml,unit_test_step_3,unit_test,92.61,30.33,191,8,0.9598,0.4396,13,0,6,473.21,SUCCESS,0,NONE,NONE
BUILD-1226,PIPE-core,dependency_install_step_2,dependency_install,88.24,67.27,120,8,0.9375,0.2892,4,0,0,180.61,SUCCESS,0,NONE,NONE
BUILD-1227,PIPE-auth,build_step_1,build,66.61,65.92,63,29,0.6848,0.6319,10,0,6,331.45,SUCCESS,0,NONE,NONE
BUILD-1227,PIPE-web,unit_test_step_1,unit_test,31.12,15.31,121,15,0.8897,0.5617,9,1,2,153.94,FAILED,0,NONE,NONE
BUILD-1227,PIPE-core,package_step_2,package,29.37,44.33,0,0,1.0,0.4733,5,0,2,131.16,SUCCESS,0,NONE,NONE
BUILD-1228,PIPE-core,checkout_step_4,checkout,5.59,99.85,0,0,1.0,0.521,14,0,5,168.41,SUCCESS,0,NONE,NONE
BUILD-1228,PIPE-web,lint_step_3,lint,44.68,116.97,68,26,0.7234,0.4097,11,0,0,346.13,SUCCESS,0,NONE,LOW
BUILD-1228,PIPE-core,build_step_4,build,103.69,28.51,66,27,0.7097,0.9129,18,0,0,701.34,SUCCESS,0,NONE,NONE
BUILD-1229,PIPE-core,security_scan_step_1,security_scan,173.66,55.28,0,0,1.0,0.4335,5,0,0,398.52,SUCCESS,0,NONE,NONE
BUILD-1229,PIPE-auth,checkout_step_4,checkout,33.95,86.73,0,0,1.0,0.6445,13,0,0,286.16,SUCCESS,0,NONE,NONE
BUILD-1229,PIPE-worker,unit_test_step_2,unit_test,156.64,681.35,2,115,0.0171,0.4263,7,0,0,1115.85,SUCCESS,1,QUEUE_BOTTLENECK,CRITICAL
BUILD-1230,PIPE-web,unit_test_step_4,unit_test,125.72,44.36,1,47,0.0208,0.9819,13,0,0,671.72,SUCCESS,1,LOW_CACHE_EFFICIENCY,HIGH
BUILD-1230,PIPE-web,integration_test_step_2,integration_test,159.3,75.26,0,0,1.0,0.4995,9,0,0,1192.07,SUCCESS,0,NONE,NONE
BUILD-1230,PIPE-api,checkout_step_1,checkout,18.01,65.2,0,0,1.0,0.3815,7,0,3,158.38,SUCCESS,0,NONE,NONE
BUILD-1231,PIPE-ml,security_scan_step_4,security_scan,69.34,19.08,0,0,1.0,0.7027,13,0,4,355.5,SUCCESS,0,NONE,NONE
BUILD-1231,PIPE-worker,build_step_1,build,204.76,62.67,107,24,0.8168,0.6776,13,0,0,1023.25,SUCCESS,0,NONE,NONE
BUILD-1231,PIPE-ml,unit_test_step_4,unit_test,56.37,14.91,142,2,0.9861,0.9732,4,0,4,118.63,SUCCESS,1,AGENT_UTILISATION,MEDIUM
BUILD-1232,PIPE-auth,build_step_3,build,172.86,612.47,6,76,0.0732,0.2572,18,0,0,1742.19,SUCCESS,1,QUEUE_BOTTLENECK,CRITICAL
BUILD-1232,PIPE-api,dependency_install_step_1,dependency_install,147.93,495.63,75,2,0.974,0.6533,6,0,3,831.73,SUCCESS,1,QUEUE_BOTTLENECK,HIGH
BUILD-1232,PIPE-web,unit_test_step_3,unit_test,170.3,44.86,184,27,0.872,0.6407,18,0,3,1167.5,SUCCESS,1,PARALLELISATION_OPPORTUNITY,MEDIUM
BUILD-1233,PIPE-api,dependency_install_step_4,dependency_install,19.97,36.75,159,22,0.8785,0.3674,4,0,0,95.21,SUCCESS,0,NONE,NONE
BUILD-1233,PIPE-api,compile_step_1,compile,63.61,10.25,82,29,0.7387,0.62,13,0,5,345.24,SUCCESS,0,NONE,NONE
BUILD-1233,PIPE-auth,checkout_step_4,checkout,13.78,33.59,0,0,1.0,0.6736,12,0,4,119.37,SUCCESS,0,NONE,NONE
BUILD-1234,PIPE-worker,security_scan_step_4,security_scan,87.0,31.82,0,0,1.0,0.4103,14,0,3,501.74,SUCCESS,0,NONE,NONE
BUILD-1234,PIPE-worker,build_step_4,build,63.37,96.76,146,20,0.8795,0.5725,17,0,2,510.5,SUCCESS,0,NONE,NONE
BUILD-1234,PIPE-auth,compile_step_1,compile,130.63,145.03,159,16,0.9086,0.4255,10,0,2,635.17,SUCCESS,0,NONE,NONE
BUILD-1235,PIPE-api,compile_step_1,compile,36.75,221.9,16,105,0.1322,0.508,5,0,2,306.19,SUCCESS,0,NONE,NONE
BUILD-1235,PIPE-auth,dependency_install_step_2,dependency_install,18.76,114.51,120,8,0.9375,0.3151,6,0,0,203.74,SUCCESS,0,NONE,NONE
BUILD-1235,PIPE-core,lint_step_3,lint,64.6,27.46,153,14,0.9162,0.5939,16,0,0,434.64,SUCCESS,0,NONE,NONE
BUILD-1236,PIPE-api,build_step_2,build,180.07,56.57,171,9,0.95,0.3725,16,0,0,1123.52,SUCCESS,0,NONE,NONE
BUILD-1236,PIPE-core,compile_step_2,compile,58.21,14.84,156,8,0.9512,0.1796,17,0,0,417.12,SUCCESS,0,NONE,NONE
BUILD-1236,PIPE-ml,checkout_step_3,checkout,14.69,215.7,0,0,1.0,0.7879,14,0,0,310.77,SUCCESS,0,NONE,NONE
BUILD-1237,PIPE-auth,checkout_step_1,checkout,36.84,15.63,0,0,1.0,0.4443,9,0,0,155.35,SUCCESS,0,NONE,NONE
BUILD-1237,PIPE-worker,package_step_2,package,38.17,104.75,0,0,1.0,0.9265,10,0,0,267.82,SUCCESS,0,NONE,NONE
BUILD-1237,PIPE-web,checkout_step_1,checkout,40.71,25.07,0,0,1.0,0.532,17,0,2,322.83,SUCCESS,0,NONE,NONE
BUILD-1238,PIPE-worker,compile_step_2,compile,116.8,157.27,166,3,0.9822,0.7689,4,0,2,337.49,SUCCESS,0,NONE,NONE
BUILD-1238,PIPE-api,unit_test_step_4,unit_test,54.26,27.07,102,6,0.9444,0.6258,8,0,0,238.0,SUCCESS,0,NONE,NONE
BUILD-1238,PIPE-web,integration_test_step_4,integration_test,88.47,22.33,0,0,1.0,0.9403,6,0,0,264.1,SUCCESS,0,NONE,NONE
BUILD-1239,PIPE-web,build_step_4,build,57.46,13.23,73,11,0.869,0.4955,18,0,0,408.36,SUCCESS,0,NONE,NONE
BUILD-1239,PIPE-auth,lint_step_2,lint,60.89,35.12,19,133,0.125,0.747,10,0,0,284.62,SUCCESS,0,NONE,NONE
BUILD-1239,PIPE-core,compile_step_2,compile,216.14,34.12,124,23,0.8435,0.4056,15,0,0,1209.34,SUCCESS,0,NONE,NONE
BUILD-1240,PIPE-auth,dependency_install_step_3,dependency_install,88.24,671.24,10,92,0.098,0.6025,8,0,5,810.38,SUCCESS,1,QUEUE_BOTTLENECK,CRITICAL
BUILD-1240,PIPE-worker,compile_step_4,compile,98.65,83.52,52,10,0.8387,0.9662,18,0,0,763.03,SUCCESS,1,AGENT_UTILISATION,MEDIUM
BUILD-1240,PIPE-worker,checkout_step_2,checkout,42.38,33.01,0,0,1.0,0.7821,11,0,2,238.25,SUCCESS,0,NONE,NONE
BUILD-1241,PIPE-api,compile_step_4,compile,89.43,485.96,52,23,0.6933,0.5496,11,0,6,854.0,SUCCESS,1,QUEUE_BOTTLENECK,HIGH
BUILD-1241,PIPE-api,unit_test_step_1,unit_test,131.12,130.16,76,14,0.8444,0.7184,11,1,5,651.37,FAILED,0,NONE,NONE
BUILD-1241,PIPE-api,unit_test_step_2,unit_test,116.84,66.35,0,41,0.0,0.575,7,0,0,369.35,SUCCESS,1,LOW_CACHE_EFFICIENCY,MEDIUM
BUILD-1242,PIPE-core,lint_step_2,lint,17.75,38.07,16,53,0.2319,0.8339,9,0,6,118.35,SUCCESS,1,LOW_CACHE_EFFICIENCY,MEDIUM
BUILD-1242,PIPE-worker,build_step_1,build,91.4,23.82,10,62,0.1389,0.9503,14,0,0,525.63,SUCCESS,1,LOW_CACHE_EFFICIENCY,HIGH
BUILD-1242,PIPE-core,integration_test_step_3,integration_test,119.0,99.5,0,0,1.0,0.6384,5,0,0,349.92,SUCCESS,0,NONE,NONE
BUILD-1243,PIPE-core,security_scan_step_2,security_scan,119.39,41.44,0,0,1.0,0.9222,9,0,0,462.52,SUCCESS,0,NONE,NONE
BUILD-1243,PIPE-ml,dependency_install_step_2,dependency_install,16.36,48.36,131,29,0.8187,0.3958,5,0,0,121.85,SUCCESS,0,NONE,NONE
BUILD-1243,PIPE-ml,lint_step_1,lint,60.54,20.61,81,11,0.8804,0.4451,10,0,4,256.73,SUCCESS,0,NONE,NONE
BUILD-1244,PIPE-api,dependency_install_step_2,dependency_install,63.42,182.73,163,25,0.867,0.2665,6,0,0,373.36,SUCCESS,0,NONE,NONE
BUILD-1244,PIPE-worker,integration_test_step_3,integration_test,331.46,19.13,0,0,1.0,0.5667,15,0,0,1782.53,SUCCESS,0,NONE,NONE
BUILD-1244,PIPE-ml,package_step_2,package,10.42,15.03,0,0,1.0,0.261,9,0,5,87.9,SUCCESS,0,NONE,LOW
BUILD-1245,PIPE-api,checkout_step_2,checkout,12.01,46.85,0,0,1.0,0.9487,6,0,0,116.24,SUCCESS,1,AGENT_UTILISATION,MEDIUM
BUILD-1245,PIPE-api,unit_test_step_4,unit_test,46.34,16.2,100,9,0.9174,0.7148,13,0,3,268.71,SUCCESS,0,NONE,NONE
BUILD-1245,PIPE-worker,checkout_step_3,checkout,33.8,24.62,0,0,1.0,0.7059,11,0,3,171.02,SUCCESS,0,NONE,NONE
BUILD-1246,PIPE-worker,checkout_step_4,checkout,35.65,92.82,0,0,1.0,0.9835,18,0,3,350.78,SUCCESS,0,NONE,NONE
BUILD-1246,PIPE-worker,compile_step_3,compile,133.55,116.05,68,12,0.85,0.9153,11,0,6,676.38,SUCCESS,0,NONE,NONE
BUILD-1246,PIPE-web,unit_test_step_4,unit_test,197.98,59.64,145,14,0.9119,0.623,14,0,0,1057.26,SUCCESS,0,NONE,NONE
BUILD-1247,PIPE-core,unit_test_step_2,unit_test,156.53,50.16,115,26,0.8156,0.5316,15,0,0,925.95,SUCCESS,0,NONE,NONE
BUILD-1247,PIPE-core,integration_test_step_4,integration_test,264.89,199.45,0,0,1.0,0.7237,4,0,0,617.69,SUCCESS,1,SLOW_TASK,MEDIUM
BUILD-1247,PIPE-core,security_scan_step_2,security_scan,71.19,72.52,0,0,1.0,0.6489,14,0,0,459.68,SUCCESS,0,NONE,NONE
BUILD-1248,PIPE-api,checkout_step_1,checkout,5.0,95.08,0,0,1.0,0.3371,10,0,3,129.92,SUCCESS,0,NONE,NONE
BUILD-1248,PIPE-api,lint_step_3,lint,22.55,75.26,186,23,0.89,0.6763,13,0,0,149.95,SUCCESS,0,NONE,NONE
BUILD-1248,PIPE-core,dependency_install_step_3,dependency_install,76.65,25.37,103,25,0.8047,0.604,8,1,5,289.7,FAILED,0,NONE,LOW
BUILD-1249,PIPE-core,lint_step_4,lint,5.0,70.39,160,7,0.9581,0.5271,6,0,2,132.46,SUCCESS,0,NONE,NONE
BUILD-1249,PIPE-api,dependency_install_step_1,dependency_install,27.91,185.16,99,10,0.9083,0.6763,17,0,0,371.29,SUCCESS,0,NONE,NONE
BUILD-1249,PIPE-api,checkout_step_1,checkout,15.59,112.9,0,0,1.0,0.4247,9,1,5,183.64,FAILED,0,NONE,NONE
BUILD-1250,PIPE-core,checkout_step_3,checkout,55.5,190.43,0,0,1.0,0.983,13,0,2,500.53,SUCCESS,1,AGENT_UTILISATION,MEDIUM
BUILD-1250,PIPE-worker,integration_test_step_3,integration_test,91.79,156.55,0,0,1.0,0.5132,9,0,0,480.6,SUCCESS,0,NONE,NONE
BUILD-1250,PIPE-web,lint_step_3,lint,26.15,51.69,64,13,0.8312,0.4252,16,0,0,250.0,SUCCESS,0,NONE,NONE
BUILD-1251,PIPE-api,checkout_step_1,checkout,5.0,81.78,0,0,1.0,0.5221,15,0,0,164.18,SUCCESS,0,NONE,NONE
BUILD-1251,PIPE-worker,unit_test_step_2,unit_test,161.52,534.22,132,2,0.9851,0.73,17,1,0,1540.41,FAILED,1,QUEUE_BOTTLENECK,HIGH
BUILD-1251,PIPE-web,security_scan_step_2,security_scan,97.98,35.14,0,0,1.0,0.5206,13,0,0,509.51,SUCCESS,0,NONE,NONE
BUILD-1252,PIPE-worker,package_step_1,package,19.07,64.91,0,0,1.0,0.3285,7,0,0,139.39,SUCCESS,0,NONE,NONE
BUILD-1252,PIPE-ml,unit_test_step_2,unit_test,141.62,54.12,17,99,0.1466,0.6978,11,0,0,620.16,SUCCESS,0,NONE,NONE
BUILD-1252,PIPE-api,lint_step_1,lint,16.33,321.84,57,7,0.8906,0.7078,9,0,4,411.98,SUCCESS,0,NONE,NONE
BUILD-1253,PIPE-ml,dependency_install_step_2,dependency_install,20.61,305.24,175,4,0.9777,0.5941,9,0,0,396.23,SUCCESS,0,NONE,NONE
BUILD-1253,PIPE-ml,compile_step_4,compile,427.3,14.58,161,27,0.8564,0.5601,8,0,6,1251.83,SUCCESS,1,SLOW_TASK,HIGH
BUILD-1253,PIPE-api,lint_step_1,lint,18.72,57.5,10,88,0.102,0.4847,4,0,3,128.15,SUCCESS,1,LOW_CACHE_EFFICIENCY,MEDIUM
BUILD-1254,PIPE-worker,compile_step_3,compile,131.81,86.94,82,18,0.82,0.8756,13,0,0,722.86,SUCCESS,0,NONE,NONE
BUILD-1254,PIPE-api,lint_step_3,lint,27.8,12.8,166,6,0.9651,0.7768,6,0,0,130.5,SUCCESS,0,NONE,LOW
BUILD-1254,PIPE-web,compile_step_1,compile,180.81,60.56,196,17,0.9202,0.3972,7,0,4,544.61,SUCCESS,0,NONE,NONE
BUILD-1255,PIPE-ml,dependency_install_step_2,dependency_install,151.73,70.24,5,149,0.0325,0.1782,10,0,0,635.69,SUCCESS,1,LOW_CACHE_EFFICIENCY,MEDIUM
BUILD-1255,PIPE-api,package_step_4,package,38.47,16.47,0,0,1.0,0.7799,9,0,0,176.8,SUCCESS,0,NONE,NONE
BUILD-1255,PIPE-ml,build_step_4,build,120.48,676.44,198,29,0.8722,0.3161,17,0,0,1434.05,SUCCESS,0,NONE,NONE
BUILD-1256,PIPE-worker,security_scan_step_3,security_scan,51.54,81.99,0,0,1.0,0.2017,16,0,6,422.75,SUCCESS,0,NONE,NONE
BUILD-1256,PIPE-api,unit_test_step_4,unit_test,68.25,23.04,1,52,0.0189,0.6265,11,0,0,318.37,SUCCESS,0,NONE,NONE
BUILD-1256,PIPE-auth,unit_test_step_2,unit_test,19.82,16.89,58,5,0.9206,0.7717,11,0,5,128.9,SUCCESS,0,NONE,NONE
BUILD-1257,PIPE-ml,integration_test_step_4,integration_test,88.59,157.59,0,0,1.0,0.5619,8,0,2,449.41,SUCCESS,0,NONE,LOW
BUILD-1257,PIPE-worker,integration_test_step_2,integration_test,235.7,536.33,0,0,1.0,0.7573,13,0,6,1643.44,SUCCESS,1,QUEUE_BOTTLENECK,CRITICAL
BUILD-1257,PIPE-api,unit_test_step_4,unit_test,47.07,453.09,10,48,0.1724,0.2108,17,0,0,769.73,SUCCESS,1,QUEUE_BOTTLENECK,CRITICAL
BUILD-1258,PIPE-core,unit_test_step_4,unit_test,111.07,459.98,187,24,0.8863,0.6857,14,0,0,1034.26,SUCCESS,1,QUEUE_BOTTLENECK,HIGH
BUILD-1258,PIPE-core,dependency_install_step_2,dependency_install,126.12,511.32,130,5,0.963,0.9634,13,0,0,1100.74,SUCCESS,1,QUEUE_BOTTLENECK,CRITICAL
BUILD-1258,PIPE-core,checkout_step_1,checkout,51.66,19.67,0,0,1.0,0.4602,12,0,0,287.98,SUCCESS,0,NONE,NONE
BUILD-1259,PIPE-core,package_step_3,package,20.72,64.78,0,0,1.0,0.489,13,0,0,198.49,SUCCESS,0,NONE,NONE
BUILD-1259,PIPE-auth,unit_test_step_2,unit_test,138.63,44.85,61,9,0.8714,0.9362,6,0,0,378.27,SUCCESS,0,NONE,NONE
BUILD-1259,PIPE-api,integration_test_step_3,integration_test,145.6,423.38,0,0,1.0,0.4214,5,0,0,725.97,SUCCESS,0,NONE,NONE
BUILD-1260,PIPE-worker,checkout_step_3,checkout,57.08,61.56,0,0,1.0,0.3861,6,0,0,206.53,SUCCESS,0,NONE,NONE
BUILD-1260,PIPE-ml,integration_test_step_3,integration_test,237.01,111.15,0,0,1.0,0.7532,12,0,5,1124.35,SUCCESS,1,SLOW_TASK,HIGH
BUILD-1260,PIPE-worker,checkout_step_2,checkout,27.74,324.37,0,0,1.0,0.9724,5,0,2,399.28,SUCCESS,1,QUEUE_BOTTLENECK,CRITICAL
BUILD-1261,PIPE-web,build_step_3,build,167.3,474.7,120,2,0.9836,0.963,7,0,0,920.5,SUCCESS,1,QUEUE_BOTTLENECK,CRITICAL
BUILD-1261,PIPE-api,unit_test_step_3,unit_test,77.19,56.09,74,18,0.8043,0.6555,13,0,0,427.41,SUCCESS,0,NONE,NONE
BUILD-1261,PIPE-api,compile_step_4,compile,128.5,174.07,186,19,0.9073,0.6267,17,0,6,987.23,SUCCESS,0,NONE,NONE
BUILD-1262,PIPE-ml,dependency_install_step_4,dependency_install,168.75,89.46,144,24,0.8571,0.593,14,0,4,950.12,SUCCESS,0,NONE,NONE
BUILD-1262,PIPE-auth,compile_step_4,compile,139.75,23.86,108,11,0.9076,0.6369,5,0,2,327.98,SUCCESS,0,NONE,NONE
BUILD-1262,PIPE-core,security_scan_step_1,security_scan,60.57,680.17,0,0,1.0,0.9356,15,0,0,1043.32,SUCCESS,1,QUEUE_BOTTLENECK,CRITICAL
BUILD-1263,PIPE-core,package_step_4,package,35.2,25.42,0,0,1.0,0.6133,6,0,0,128.76,SUCCESS,0,NONE,NONE
BUILD-1263,PIPE-ml,dependency_install_step_1,dependency_install,126.64,21.12,51,24,0.68,0.2982,12,0,0,587.83,SUCCESS,0,NONE,NONE
BUILD-1263,PIPE-auth,security_scan_step_1,security_scan,139.28,70.08,0,0,1.0,0.5966,14,0,0,770.09,SUCCESS,0,NONE,NONE
BUILD-1264,PIPE-web,lint_step_3,lint,24.17,47.49,147,7,0.9545,0.4328,5,0,0,113.79,SUCCESS,0,NONE,NONE
BUILD-1264,PIPE-core,compile_step_4,compile,195.26,20.37,20,112,0.1515,0.267,18,0,0,1297.74,SUCCESS,1,LOW_CACHE_EFFICIENCY,MEDIUM
BUILD-1264,PIPE-core,build_step_4,build,110.54,320.92,14,82,0.1458,0.7083,5,1,0,541.85,FAILED,1,QUEUE_BOTTLENECK,CRITICAL
BUILD-1265,PIPE-api,unit_test_step_1,unit_test,252.16,447.07,71,18,0.7978,0.5286,6,0,4,1014.9,SUCCESS,1,QUEUE_BOTTLENECK,CRITICAL
BUILD-1265,PIPE-api,unit_test_step_3,unit_test,270.75,14.97,96,19,0.8348,0.5849,5,0,3,525.49,SUCCESS,1,SLOW_TASK,HIGH
BUILD-1265,PIPE-web,lint_step_1,lint,28.65,34.28,100,5,0.9524,0.5566,4,0,2,131.51,SUCCESS,0,NONE,NONE
BUILD-1266,PIPE-api,package_step_3,package,12.07,447.75,0,0,1.0,0.8045,11,0,5,510.62,SUCCESS,1,QUEUE_BOTTLENECK,HIGH
BUILD-1266,PIPE-auth,security_scan_step_4,security_scan,273.57,653.93,0,0,1.0,0.7324,16,1,6,2204.18,FAILED,1,QUEUE_BOTTLENECK,CRITICAL
BUILD-1266,PIPE-core,lint_step_2,lint,22.47,534.93,159,21,0.8833,0.6362,10,0,5,652.98,SUCCESS,0,NONE,NONE
BUILD-1267,PIPE-api,security_scan_step_2,security_scan,54.07,118.0,0,0,1.0,0.4665,17,0,0,484.65,SUCCESS,0,NONE,NONE
BUILD-1267,PIPE-worker,security_scan_step_1,security_scan,133.73,96.56,0,0,0.9288,0.2378,6,0,0,425.77,SUCCESS,0,NONE,NONE
BUILD-1267,PIPE-core,dependency_install_step_1,dependency_install,122.65,85.73,4,94,0.0408,0.9203,7,0,4,420.36,SUCCESS,1,LOW_CACHE_EFFICIENCY,HIGH
BUILD-1268,PIPE-ml,integration_test_step_2,integration_test,194.68,148.75,0,0,1.0,0.3861,4,0,3,453.92,SUCCESS,0,NONE,NONE
BUILD-1268,PIPE-web,security_scan_step_2,security_scan,204.25,31.58,0,0,1.0,0.9402,4,1,0,337.16,FAILED,1,AGENT_UTILISATION,MEDIUM
BUILD-1268,PIPE-web,dependency_install_step_4,dependency_install,66.43,28.61,160,7,0.9581,0.5871,11,0,2,322.69,SUCCESS,0,NONE,NONE
BUILD-1269,PIPE-api,compile_step_3,compile,98.54,10.85,145,9,0.9416,0.5558,7,0,6,293.44,SUCCESS,0,NONE,NONE
BUILD-1269,PIPE-auth,package_step_2,package,30.33,78.66,0,0,1.0,0.5735,5,1,0,191.12,FAILED,0,NONE,NONE
BUILD-1269,PIPE-ml,unit_test_step_2,unit_test,103.69,92.62,4,64,0.0588,0.4139,15,0,0,654.54,SUCCESS,0,NONE,NONE
BUILD-1270,PIPE-web,build_step_4,build,76.12,57.16,13,48,0.2131,0.454,12,0,6,410.4,SUCCESS,0,NONE,NONE
BUILD-1270,PIPE-api,compile_step_1,compile,280.56,197.47,151,17,0.8988,0.8124,17,0,6,1900.41,SUCCESS,1,SLOW_TASK,HIGH
BUILD-1270,PIPE-worker,integration_test_step_4,integration_test,108.83,49.53,0,0,1.0,0.5906,6,1,0,318.65,FAILED,0,NONE,NONE
BUILD-1271,PIPE-core,build_step_4,build,121.64,121.73,116,11,0.9134,0.6038,8,0,2,477.94,SUCCESS,0,NONE,NONE
BUILD-1271,PIPE-web,checkout_step_2,checkout,9.41,32.79,0,0,1.0,0.2043,6,0,0,73.69,SUCCESS,0,NONE,NONE
BUILD-1271,PIPE-api,unit_test_step_1,unit_test,214.28,24.0,144,12,0.9231,0.9377,15,0,6,1180.07,SUCCESS,1,AGENT_UTILISATION,HIGH
BUILD-1272,PIPE-web,compile_step_1,compile,205.3,78.94,11,68,0.1392,0.7894,8,0,0,689.36,SUCCESS,1,LOW_CACHE_EFFICIENCY,MEDIUM
BUILD-1272,PIPE-auth,dependency_install_step_4,dependency_install,70.72,122.43,191,8,0.9598,0.6693,7,0,0,317.47,SUCCESS,0,NONE,NONE
BUILD-1272,PIPE-worker,dependency_install_step_2,dependency_install,65.75,53.85,87,30,0.7436,0.4971,11,0,0,361.81,SUCCESS,0,NONE,NONE
BUILD-1273,PIPE-worker,package_step_2,package,33.43,115.64,0,0,1.0,0.9135,6,0,0,245.49,SUCCESS,0,NONE,NONE
BUILD-1273,PIPE-api,checkout_step_2,checkout,18.6,54.05,0,0,1.0,0.4032,10,0,0,134.26,SUCCESS,0,NONE,NONE
BUILD-1273,PIPE-auth,checkout_step_4,checkout,8.99,352.21,0,0,1.0,0.7853,16,0,2,421.14,SUCCESS,0,NONE,NONE
BUILD-1274,PIPE-ml,integration_test_step_1,integration_test,165.51,105.32,0,0,1.0,0.9577,15,0,3,1004.42,SUCCESS,1,AGENT_UTILISATION,HIGH
BUILD-1274,PIPE-worker,lint_step_4,lint,18.69,67.21,172,6,0.9663,0.7898,12,0,2,201.26,SUCCESS,0,NONE,NONE
BUILD-1274,PIPE-web,dependency_install_step_4,dependency_install,27.58,564.35,56,9,0.8615,0.5526,6,0,0,640.11,SUCCESS,0,NONE,NONE
BUILD-1275,PIPE-ml,build_step_1,build,137.92,59.05,107,5,0.9554,0.5785,8,0,2,499.78,SUCCESS,0,NONE,NONE
BUILD-1275,PIPE-auth,dependency_install_step_4,dependency_install,49.39,69.28,158,6,0.9634,0.5931,14,0,2,354.96,SUCCESS,0,NONE,NONE
BUILD-1275,PIPE-worker,security_scan_step_3,security_scan,124.22,102.08,0,0,1.0,0.5168,5,0,0,365.44,SUCCESS,0,NONE,NONE
BUILD-1276,PIPE-api,compile_step_4,compile,53.39,109.6,172,28,0.86,0.9463,13,0,4,403.17,SUCCESS,0,NONE,NONE
BUILD-1276,PIPE-api,lint_step_3,lint,49.42,30.81,155,21,0.8807,0.504,9,0,0,221.97,SUCCESS,0,NONE,NONE
BUILD-1276,PIPE-auth,unit_test_step_4,unit_test,225.09,176.3,148,4,0.9737,0.2089,10,0,0,1010.32,SUCCESS,1,SLOW_TASK,MEDIUM
BUILD-1277,PIPE-api,security_scan_step_2,security_scan,71.0,83.47,0,0,1.0,0.3542,17,1,0,561.15,FAILED,0,NONE,NONE
BUILD-1277,PIPE-core,checkout_step_3,checkout,24.85,44.35,0,0,1.0,0.683,16,0,6,222.11,SUCCESS,0,NONE,NONE
BUILD-1277,PIPE-worker,compile_step_2,compile,219.27,406.94,4,88,0.0435,0.5906,15,0,0,1611.59,SUCCESS,1,QUEUE_BOTTLENECK,CRITICAL
BUILD-1278,PIPE-ml,integration_test_step_4,integration_test,123.48,30.3,0,0,1.0,0.4456,4,0,2,257.33,SUCCESS,0,NONE,NONE
BUILD-1278,PIPE-worker,dependency_install_step_2,dependency_install,96.63,36.65,16,129,0.1103,0.7357,11,0,0,435.25,SUCCESS,0,NONE,NONE
BUILD-1278,PIPE-web,dependency_install_step_1,dependency_install,55.15,64.96,5,104,0.0459,0.5057,10,0,0,310.48,SUCCESS,1,LOW_CACHE_EFFICIENCY,MEDIUM
BUILD-1279,PIPE-auth,security_scan_step_3,security_scan,42.78,40.01,0,0,1.0,0.3033,15,0,2,284.35,SUCCESS,0,NONE,NONE
BUILD-1279,PIPE-api,lint_step_4,lint,58.69,95.03,5,145,0.0333,0.3953,12,0,0,380.48,SUCCESS,0,NONE,NONE
BUILD-1279,PIPE-ml,integration_test_step_4,integration_test,53.34,643.73,0,0,1.0,0.3346,14,0,4,954.76,SUCCESS,0,NONE,NONE
BUILD-1280,PIPE-web,checkout_step_3,checkout,24.93,580.3,0,0,1.0,0.9427,7,0,6,669.0,SUCCESS,1,QUEUE_BOTTLENECK,CRITICAL
BUILD-1280,PIPE-api,integration_test_step_1,integration_test,193.44,59.05,0,0,1.0,0.9332,13,0,0,982.5,SUCCESS,0,NONE,LOW
BUILD-1280,PIPE-web,checkout_step_3,checkout,12.32,305.1,0,0,1.0,0.4384,8,0,5,398.29,SUCCESS,1,QUEUE_BOTTLENECK,HIGH
BUILD-1281,PIPE-ml,compile_step_2,compile,70.83,42.8,13,134,0.0884,0.4818,12,0,0,386.94,SUCCESS,0,NONE,NONE
BUILD-1281,PIPE-auth,build_step_1,build,254.84,11.46,14,50,0.2188,0.6195,5,0,3,496.47,SUCCESS,1,LOW_CACHE_EFFICIENCY,CRITICAL
BUILD-1281,PIPE-ml,dependency_install_step_3,dependency_install,33.92,43.45,9,86,0.0947,0.6545,10,1,0,193.51,FAILED,0,NONE,NONE
BUILD-1282,PIPE-api,dependency_install_step_1,dependency_install,51.63,24.08,177,5,0.9725,0.5309,6,0,0,176.22,SUCCESS,0,NONE,NONE
BUILD-1282,PIPE-core,unit_test_step_4,unit_test,78.77,12.68,91,4,0.9579,0.5727,9,0,0,292.22,SUCCESS,0,NONE,NONE
BUILD-1282,PIPE-worker,package_step_4,package,48.89,25.1,0,0,1.0,0.9402,5,0,4,139.91,SUCCESS,0,NONE,NONE
BUILD-1283,PIPE-auth,build_step_2,build,207.33,14.43,130,13,0.9091,0.9253,10,0,0,773.42,SUCCESS,0,NONE,NONE
BUILD-1283,PIPE-auth,package_step_1,package,38.49,29.14,0,0,1.0,0.5067,17,0,5,273.87,SUCCESS,0,NONE,NONE
BUILD-1283,PIPE-worker,build_step_2,build,207.08,63.78,73,13,0.8488,0.5526,14,0,3,1102.14,SUCCESS,0,NONE,NONE
BUILD-1284,PIPE-worker,lint_step_2,lint,5.0,18.74,10,117,0.0787,0.3568,15,0,0,95.85,SUCCESS,0,NONE,NONE
BUILD-1284,PIPE-worker,dependency_install_step_2,dependency_install,73.82,88.85,19,139,0.1203,0.4578,18,0,0,599.4,SUCCESS,0,NONE,NONE
BUILD-1284,PIPE-api,build_step_4,build,105.8,81.95,71,6,0.9221,0.9273,10,0,0,493.84,SUCCESS,1,AGENT_UTILISATION,MEDIUM
BUILD-1285,PIPE-worker,unit_test_step_3,unit_test,109.17,267.72,13,83,0.1354,0.6047,8,0,5,622.52,SUCCESS,1,LOW_CACHE_EFFICIENCY,MEDIUM
BUILD-1285,PIPE-auth,security_scan_step_2,security_scan,37.33,37.25,0,0,1.0,0.3432,18,0,6,306.44,SUCCESS,0,NONE,NONE
BUILD-1285,PIPE-ml,security_scan_step_2,security_scan,114.58,252.49,0,0,1.0,0.4039,15,0,3,888.89,SUCCESS,0,NONE,NONE
BUILD-1286,PIPE-api,unit_test_step_3,unit_test,127.46,334.43,154,10,0.939,0.6781,4,0,0,556.87,SUCCESS,0,NONE,NONE
BUILD-1286,PIPE-ml,package_step_1,package,44.49,75.26,0,0,1.0,0.6252,7,0,5,539.61,SUCCESS,0,NONE,NONE
BUILD-1286,PIPE-api,package_step_1,package,69.26,141.1,0,0,1.0,0.5537,8,0,0,381.36,SUCCESS,0,NONE,NONE
BUILD-1287,PIPE-ml,package_step_4,package,6.49,123.41,0,0,1.0,0.4009,12,0,3,201.81,SUCCESS,0,NONE,NONE
BUILD-1287,PIPE-web,dependency_install_step_2,dependency_install,51.17,193.93,161,22,0.8798,0.6004,13,0,2,485.32,SUCCESS,0,NONE,NONE
BUILD-1287,PIPE-core,checkout_step_1,checkout,41.94,51.01,0,0,1.0,0.5825,11,0,0,241.76,SUCCESS,0,NONE,NONE
BUILD-1288,PIPE-auth,integration_test_step_1,integration_test,145.6,21.22,0,0,1.0,0.3567,7,0,3,416.21,SUCCESS,0,NONE,NONE
BUILD-1288,PIPE-core,compile_step_4,compile,108.74,72.61,151,2,0.9869,0.6984,16,0,0,730.01,SUCCESS,0,NONE,NONE
BUILD-1288,PIPE-worker,security_scan_step_1,security_scan,29.21,26.72,0,0,1.0,0.6063,4,1,0,112.44,FAILED,0,NONE,NONE
BUILD-1289,PIPE-auth,lint_step_3,lint,17.3,251.16,160,9,0.9467,0.7007,10,0,0,330.74,SUCCESS,0,NONE,NONE
BUILD-1289,PIPE-auth,unit_test_step_4,unit_test,181.65,48.85,10,106,0.0862,0.6336,7,0,0,535.14,SUCCESS,1,LOW_CACHE_EFFICIENCY,MEDIUM
BUILD-1289,PIPE-ml,integration_test_step_4,integration_test,25.0,10.24,0,0,1.0,0.8655,8,0,2,139.37,SUCCESS,0,NONE,LOW
BUILD-1290,PIPE-worker,checkout_step_2,checkout,14.35,324.9,0,0,1.0,0.1692,18,0,3,456.04,SUCCESS,1,QUEUE_BOTTLENECK,HIGH
BUILD-1290,PIPE-worker,integration_test_step_3,integration_test,76.58,19.08,0,0,1.0,0.5602,7,0,5,248.15,SUCCESS,0,NONE,NONE
BUILD-1290,PIPE-ml,checkout_step_1,checkout,18.07,44.73,0,0,1.0,0.4647,14,0,6,156.36,SUCCESS,0,NONE,NONE
BUILD-1291,PIPE-api,compile_step_2,compile,174.77,353.75,142,28,0.8353,0.7617,5,0,2,694.47,SUCCESS,1,QUEUE_BOTTLENECK,HIGH
BUILD-1291,PIPE-api,security_scan_step_4,security_scan,48.81,36.03,0,0,1.0,0.7039,11,0,3,283.75,SUCCESS,0,NONE,NONE
BUILD-1291,PIPE-ml,integration_test_step_1,integration_test,99.9,427.4,0,0,1.0,0.4377,9,0,0,764.78,SUCCESS,0,NONE,NONE
BUILD-1292,PIPE-ml,compile_step_1,compile,155.96,78.26,0,106,0.0,0.5945,6,0,0,453.2,SUCCESS,0,NONE,LOW
BUILD-1292,PIPE-api,dependency_install_step_2,dependency_install,53.86,27.12,73,13,0.8488,0.6003,14,0,0,348.27,SUCCESS,0,NONE,NONE
BUILD-1292,PIPE-worker,build_step_3,build,129.42,436.18,121,14,0.8963,0.944,16,0,0,1189.85,SUCCESS,1,QUEUE_BOTTLENECK,CRITICAL
BUILD-1293,PIPE-ml,unit_test_step_4,unit_test,163.42,68.94,131,21,0.8618,0.9833,10,0,2,668.87,SUCCESS,0,NONE,NONE
BUILD-1293,PIPE-core,package_step_3,package,36.5,85.72,0,0,0.9288,0.4208,17,0,0,338.25,SUCCESS,0,NONE,NONE
BUILD-1293,PIPE-core,dependency_install_step_3,dependency_install,26.06,60.11,7,49,0.125,0.3509,9,0,4,185.78,SUCCESS,0,NONE,NONE
BUILD-1294,PIPE-ml,compile_step_4,compile,250.46,35.44,109,19,0.8516,0.9209,8,0,4,791.67,SUCCESS,1,SLOW_TASK,CRITICAL
BUILD-1294,PIPE-ml,integration_test_step_1,integration_test,216.91,82.89,0,0,1.0,0.6731,14,0,3,1196.89,SUCCESS,0,NONE,LOW
BUILD-1294,PIPE-worker,unit_test_step_3,unit_test,51.57,169.91,5,116,0.0413,0.4935,10,0,6,395.98,SUCCESS,1,LOW_CACHE_EFFICIENCY,MEDIUM
BUILD-1295,PIPE-core,build_step_3,build,138.46,648.71,59,30,0.6629,0.4258,12,1,0,1267.08,FAILED,1,QUEUE_BOTTLENECK,HIGH
BUILD-1295,PIPE-core,unit_test_step_4,unit_test,194.88,48.64,0,0,0.9288,0.932,16,0,5,1172.66,SUCCESS,1,AGENT_UTILISATION,HIGH
BUILD-1295,PIPE-worker,build_step_1,build,51.32,138.29,76,2,0.9744,0.5833,17,1,4,461.41,FAILED,0,NONE,NONE
BUILD-1296,PIPE-ml,unit_test_step_2,unit_test,201.58,396.93,144,28,0.8372,0.3313,4,0,2,717.23,SUCCESS,1,QUEUE_BOTTLENECK,HIGH
BUILD-1296,PIPE-core,checkout_step_3,checkout,47.03,472.2,0,0,1.0,0.552,13,0,0,716.84,SUCCESS,1,QUEUE_BOTTLENECK,HIGH
BUILD-1296,PIPE-api,integration_test_step_1,integration_test,347.6,601.37,0,0,1.0,0.5922,16,0,0,2593.87,SUCCESS,1,QUEUE_BOTTLENECK,CRITICAL
BUILD-1297,PIPE-ml,dependency_install_step_2,dependency_install,102.82,45.2,121,12,0.9098,0.2607,11,0,2,483.26,SUCCESS,0,NONE,NONE
BUILD-1297,PIPE-api,integration_test_step_2,integration_test,181.9,85.45,0,0,1.0,0.9639,11,1,3,810.73,FAILED,1,AGENT_UTILISATION,HIGH
BUILD-1297,PIPE-worker,lint_step_2,lint,23.32,117.6,185,18,0.9113,0.2684,16,0,0,300.41,SUCCESS,0,NONE,NONE
BUILD-1298,PIPE-core,build_step_2,build,46.81,59.94,165,29,0.8505,0.5988,7,0,3,199.24,SUCCESS,0,NONE,NONE
BUILD-1298,PIPE-auth,integration_test_step_2,integration_test,101.77,66.99,0,0,1.0,0.9397,5,0,2,280.29,SUCCESS,0,NONE,NONE
BUILD-1298,PIPE-auth,unit_test_step_3,unit_test,49.94,670.38,140,15,0.9032,0.6199,10,0,4,885.11,SUCCESS,1,QUEUE_BOTTLENECK,HIGH
BUILD-1299,PIPE-web,checkout_step_4,checkout,77.17,28.89,0,0,1.0,0.7645,8,0,6,274.61,SUCCESS,0,NONE,NONE
BUILD-1299,PIPE-worker,dependency_install_step_1,dependency_install,86.55,20.09,106,5,0.955,0.9107,4,0,0,192.63,SUCCESS,0,NONE,NONE
BUILD-1299,PIPE-auth,security_scan_step_4,security_scan,150.66,67.24,0,0,1.0,0.9353,15,0,0,877.12,SUCCESS,0,NONE,NONE
BUILD-1300,PIPE-api,compile_step_3,compile,90.24,79.8,50,5,0.9091,0.4751,18,0,3,706.64,SUCCESS,0,NONE,NONE
BUILD-1300,PIPE-ml,checkout_step_2,checkout,12.57,180.93,0,0,1.0,0.8127,4,0,3,236.23,SUCCESS,0,NONE,NONE
BUILD-1300,PIPE-api,security_scan_step_1,security_scan,121.65,93.58,0,0,1.0,0.5889,13,1,0,702.1,FAILED,0,NONE,NONE
BUILD-1301,PIPE-core,lint_step_3,lint,26.77,149.66,92,26,0.7797,0.9497,5,0,5,225.6,SUCCESS,1,AGENT_UTILISATION,MEDIUM
BUILD-1301,PIPE-ml,compile_step_3,compile,82.6,140.51,167,2,0.9882,0.7614,8,0,0,399.57,SUCCESS,0,NONE,NONE
BUILD-1301,PIPE-auth,unit_test_step_3,unit_test,170.08,49.35,55,6,0.9016,0.4618,17,0,2,1080.37,SUCCESS,0,NONE,NONE
BUILD-1302,PIPE-ml,security_scan_step_4,security_scan,292.2,46.75,0,0,1.0,0.5731,7,0,4,782.31,SUCCESS,1,SLOW_TASK,HIGH
BUILD-1302,PIPE-ml,security_scan_step_4,security_scan,49.81,22.39,0,0,1.0,0.6379,6,0,0,151.44,SUCCESS,0,NONE,NONE
BUILD-1302,PIPE-worker,package_step_3,package,18.04,58.14,0,0,1.0,0.9819,12,0,5,156.31,SUCCESS,0,NONE,NONE
BUILD-1303,PIPE-web,compile_step_1,compile,170.62,43.05,169,23,0.8802,0.7022,8,0,4,554.3,SUCCESS,0,NONE,LOW
BUILD-1303,PIPE-web,checkout_step_1,checkout,13.92,136.82,0,0,1.0,0.5629,5,1,5,198.49,FAILED,0,NONE,NONE
BUILD-1303,PIPE-core,checkout_step_2,checkout,17.88,157.0,0,0,1.0,0.5137,17,0,0,296.55,SUCCESS,0,NONE,NONE
BUILD-1304,PIPE-ml,compile_step_2,compile,129.75,52.08,124,9,0.9323,0.9711,18,0,0,896.13,SUCCESS,0,NONE,NONE
BUILD-1304,PIPE-core,build_step_3,build,145.64,129.67,13,126,0.0935,0.5732,16,0,3,998.31,SUCCESS,0,NONE,NONE
BUILD-1304,PIPE-api,compile_step_1,compile,235.86,67.35,168,19,0.8984,0.6664,16,0,5,1447.84,SUCCESS,1,SLOW_TASK,HIGH
BUILD-1305,PIPE-ml,compile_step_3,compile,105.23,35.93,157,15,0.9128,0.706,18,0,3,746.3,SUCCESS,0,NONE,NONE
BUILD-1305,PIPE-web,lint_step_3,lint,40.91,513.77,194,30,0.8661,0.4142,16,0,0,797.3,SUCCESS,1,QUEUE_BOTTLENECK,HIGH
BUILD-1305,PIPE-worker,lint_step_4,lint,28.97,12.98,8,146,0.0519,0.6536,5,0,5,100.36,SUCCESS,0,NONE,NONE
BUILD-1306,PIPE-core,dependency_install_step_1,dependency_install,52.99,65.51,193,25,0.8853,0.3477,6,0,0,219.49,SUCCESS,0,NONE,NONE
BUILD-1306,PIPE-web,security_scan_step_1,security_scan,275.05,38.02,0,0,1.0,0.2533,7,2,0,768.5,FAILED,0,NONE,NONE
BUILD-1306,PIPE-core,compile_step_1,compile,66.69,67.19,163,14,0.9209,0.9454,5,0,3,200.44,SUCCESS,0,NONE,NONE
BUILD-1307,PIPE-auth,compile_step_4,compile,207.26,93.88,160,6,0.9639,0.5617,6,0,6,581.56,SUCCESS,0,NONE,NONE
BUILD-1307,PIPE-auth,dependency_install_step_4,dependency_install,64.77,19.81,200,17,0.9217,0.6746,8,0,5,232.59,SUCCESS,0,NONE,NONE
BUILD-1307,PIPE-api,checkout_step_4,checkout,26.03,556.79,0,0,1.0,0.3972,13,0,0,734.62,SUCCESS,1,QUEUE_BOTTLENECK,HIGH
BUILD-1308,PIPE-auth,unit_test_step_3,unit_test,199.51,25.79,167,10,0.9435,0.9167,6,0,0,481.49,SUCCESS,1,AGENT_UTILISATION,MEDIUM
BUILD-1308,PIPE-web,build_step_4,build,235.7,64.99,4,85,0.0449,0.5345,13,0,0,1159.51,SUCCESS,1,LOW_CACHE_EFFICIENCY,CRITICAL
BUILD-1308,PIPE-web,lint_step_3,lint,71.39,18.57,20,101,0.1653,0.8029,11,0,0,338.46,SUCCESS,0,NONE,NONE
BUILD-1309,PIPE-ml,unit_test_step_2,unit_test,278.74,155.6,198,13,0.9384,0.6949,17,0,0,1867.96,SUCCESS,0,NONE,NONE
BUILD-1309,PIPE-core,security_scan_step_4,security_scan,105.93,108.87,0,0,1.0,0.5316,16,0,0,754.16,SUCCESS,0,NONE,NONE
BUILD-1309,PIPE-core,build_step_2,build,129.15,35.33,157,4,0.9752,0.9616,8,0,4,450.27,SUCCESS,0,NONE,NONE
BUILD-1310,PIPE-core,build_step_3,build,212.35,520.59,84,22,0.7925,0.5721,7,0,0,1082.48,SUCCESS,1,QUEUE_BOTTLENECK,HIGH
BUILD-1310,PIPE-api,dependency_install_step_2,dependency_install,88.89,18.05,99,4,0.9612,0.7186,14,0,3,493.56,SUCCESS,0,NONE,NONE
BUILD-1310,PIPE-web,lint_step_1,lint,56.38,36.31,185,17,0.9158,0.2927,7,0,6,189.95,SUCCESS,0,NONE,NONE
BUILD-1311,PIPE-api,lint_step_4,lint,10.92,120.74,68,20,0.7727,0.957,16,0,0,208.24,SUCCESS,1,AGENT_UTILISATION,MEDIUM
BUILD-1311,PIPE-core,integration_test_step_3,integration_test,88.76,427.87,0,0,1.0,0.4,8,0,0,711.02,SUCCESS,1,QUEUE_BOTTLENECK,HIGH
BUILD-1311,PIPE-core,build_step_2,build,53.23,66.11,18,70,0.2045,0.8095,18,0,0,420.23,SUCCESS,1,LOW_CACHE_EFFICIENCY,MEDIUM
BUILD-1312,PIPE-auth,security_scan_step_1,security_scan,49.26,53.13,0,0,1.0,0.8478,8,0,3,211.21,SUCCESS,0,NONE,NONE
BUILD-1312,PIPE-core,dependency_install_step_3,dependency_install,142.01,126.44,65,9,0.8784,0.5061,16,0,0,969.8,SUCCESS,0,NONE,NONE
BUILD-1312,PIPE-core,compile_step_1,compile,99.63,252.62,70,30,0.7,0.5634,6,0,6,502.55,SUCCESS,0,NONE,NONE
BUILD-1313,PIPE-web,unit_test_step_3,unit_test,128.32,61.49,108,2,0.9818,0.5204,4,0,0,294.8,SUCCESS,0,NONE,NONE
BUILD-1313,PIPE-ml,security_scan_step_1,security_scan,74.74,176.24,0,0,1.0,0.9782,16,0,0,644.65,SUCCESS,0,NONE,NONE
BUILD-1313,PIPE-core,unit_test_step_3,unit_test,134.01,28.99,64,9,0.8767,0.1976,13,1,6,677.01,FAILED,0,NONE,NONE
BUILD-1314,PIPE-core,build_step_2,build,243.42,103.66,4,96,0.04,0.5384,4,0,0,474.33,SUCCESS,1,LOW_CACHE_EFFICIENCY,CRITICAL
BUILD-1314,PIPE-web,dependency_install_step_4,dependency_install,36.36,43.1,2,49,0.0392,0.5896,12,0,0,214.01,SUCCESS,0,NONE,NONE
BUILD-1314,PIPE-api,unit_test_step_3,unit_test,315.48,143.68,124,29,0.8105,0.3927,12,0,0,1498.29,SUCCESS,0,NONE,NONE
BUILD-1315,PIPE-web,build_step_4,build,86.94,20.16,4,147,0.0265,0.4986,7,0,3,271.91,SUCCESS,0,NONE,LOW
BUILD-1315,PIPE-api,security_scan_step_4,security_scan,23.22,51.96,0,0,1.0,0.9582,17,1,5,249.49,FAILED,1,AGENT_UTILISATION,MEDIUM
BUILD-1315,PIPE-web,lint_step_1,lint,23.45,676.45,148,17,0.897,0.9414,10,0,3,816.8,SUCCESS,1,QUEUE_BOTTLENECK,CRITICAL
BUILD-1316,PIPE-ml,unit_test_step_1,unit_test,299.74,205.5,11,43,0.2037,0.3396,16,0,0,1933.99,SUCCESS,1,LOW_CACHE_EFFICIENCY,CRITICAL
BUILD-1316,PIPE-auth,dependency_install_step_1,dependency_install,197.5,52.66,161,29,0.8474,0.7517,15,0,0,1127.55,SUCCESS,0,NONE,NONE
BUILD-1316,PIPE-ml,build_step_3,build,92.64,43.98,168,15,0.918,0.4747,13,0,0,486.56,SUCCESS,0,NONE,NONE
BUILD-1317,PIPE-api,dependency_install_step_1,dependency_install,23.17,185.36,120,4,0.9677,0.6757,16,0,6,358.82,SUCCESS,0,NONE,NONE
BUILD-1317,PIPE-web,integration_test_step_1,integration_test,87.01,645.49,0,0,1.0,0.7145,9,0,2,946.76,SUCCESS,0,NONE,NONE
BUILD-1317,PIPE-worker,checkout_step_3,checkout,21.53,27.15,0,0,1.0,0.5176,7,0,6,113.25,SUCCESS,0,NONE,NONE
BUILD-1318,PIPE-core,unit_test_step_3,unit_test,152.14,92.95,176,6,0.967,0.4014,6,0,2,460.69,SUCCESS,0,NONE,NONE
BUILD-1318,PIPE-api,security_scan_step_4,security_scan,126.26,199.28,0,0,1.0,0.9454,15,0,0,904.11,SUCCESS,0,NONE,NONE
BUILD-1318,PIPE-core,security_scan_step_3,security_scan,184.42,55.2,0,0,1.0,0.965,7,0,6,557.66,SUCCESS,1,AGENT_UTILISATION,HIGH
BUILD-1319,PIPE-core,compile_step_3,compile,192.7,14.32,156,4,0.975,0.4565,18,0,0,1249.07,SUCCESS,0,NONE,NONE
BUILD-1319,PIPE-worker,build_step_3,build,140.99,30.13,57,7,0.8906,0.464,8,0,6,457.18,SUCCESS,0,NONE,NONE
BUILD-1319,PIPE-web,unit_test_step_3,unit_test,114.67,180.96,199,3,0.9851,0.7594,6,0,2,441.29,SUCCESS,0,NONE,NONE
BUILD-1320,PIPE-api,integration_test_step_4,integration_test,324.59,87.29,0,0,1.0,0.9659,18,0,0,2178.88,SUCCESS,1,SLOW_TASK,CRITICAL
BUILD-1320,PIPE-auth,unit_test_step_3,unit_test,198.6,48.89,125,9,0.9328,0.5604,16,0,0,1187.23,SUCCESS,0,NONE,NONE
BUILD-1320,PIPE-core,security_scan_step_4,security_scan,212.57,28.03,0,0,1.0,0.5165,9,1,0,735.44,FAILED,0,NONE,LOW
BUILD-1321,PIPE-web,integration_test_step_2,integration_test,214.19,12.98,0,0,1.0,0.7409,13,0,0,1016.48,SUCCESS,0,NONE,NONE
BUILD-1321,PIPE-worker,security_scan_step_2,security_scan,347.88,92.62,0,0,1.0,0.528,9,0,3,1207.03,SUCCESS,1,SLOW_TASK,HIGH
BUILD-1321,PIPE-auth,unit_test_step_2,unit_test,177.49,16.0,53,7,0.8833,0.9777,8,0,0,560.93,SUCCESS,0,NONE,NONE
BUILD-1322,PIPE-core,lint_step_1,lint,55.46,26.28,83,18,0.8218,0.3897,18,0,6,433.37,SUCCESS,0,NONE,NONE
BUILD-1322,PIPE-web,dependency_install_step_3,dependency_install,53.74,131.83,61,4,0.9385,0.5706,9,0,0,349.04,SUCCESS,0,NONE,NONE
BUILD-1322,PIPE-worker,compile_step_4,compile,100.4,37.99,200,28,0.8772,0.3221,5,2,0,264.92,FAILED,0,NONE,NONE
BUILD-1323,PIPE-worker,unit_test_step_4,unit_test,260.46,392.01,121,26,0.8231,0.9808,8,0,0,1164.03,SUCCESS,1,QUEUE_BOTTLENECK,CRITICAL
BUILD-1323,PIPE-auth,integration_test_step_4,integration_test,55.73,101.44,0,0,1.0,0.3865,16,0,0,462.99,SUCCESS,0,NONE,NONE
BUILD-1323,PIPE-ml,dependency_install_step_3,dependency_install,175.06,25.43,75,13,0.8523,0.286,5,0,3,384.74,SUCCESS,0,NONE,NONE
BUILD-1324,PIPE-web,package_step_1,package,32.97,17.75,0,0,1.0,0.6564,6,0,0,137.45,SUCCESS,0,NONE,NONE
BUILD-1324,PIPE-auth,build_step_2,build,108.29,590.01,56,13,0.8116,0.6113,13,0,5,1110.55,SUCCESS,1,QUEUE_BOTTLENECK,HIGH
BUILD-1324,PIPE-web,build_step_1,build,496.97,111.86,117,4,0.9669,0.6716,8,0,2,1557.69,SUCCESS,1,SLOW_TASK,MEDIUM
BUILD-1325,PIPE-ml,lint_step_1,lint,22.93,44.24,120,16,0.8824,0.4401,12,0,0,179.62,SUCCESS,0,NONE,NONE
BUILD-1325,PIPE-core,unit_test_step_3,unit_test,108.02,203.58,59,22,0.7284,0.7207,7,0,0,483.65,SUCCESS,0,NONE,NONE
BUILD-1325,PIPE-web,unit_test_step_4,unit_test,10.23,85.49,122,6,0.9531,0.791,18,0,0,183.26,SUCCESS,0,NONE,NONE
BUILD-1326,PIPE-worker,checkout_step_2,checkout,5.35,56.16,0,0,1.0,0.9226,15,0,0,129.44,SUCCESS,0,NONE,NONE
BUILD-1326,PIPE-worker,unit_test_step_2,unit_test,148.76,14.78,124,23,0.8435,0.2849,16,0,0,904.43,SUCCESS,0,NONE,NONE
BUILD-1326,PIPE-api,dependency_install_step_3,dependency_install,141.41,203.54,0,0,0.9288,0.3479,6,0,5,552.79,SUCCESS,0,NONE,NONE
BUILD-1327,PIPE-worker,build_step_4,build,162.9,32.32,57,11,0.8382,0.5656,7,0,4,446.47,SUCCESS,0,NONE,NONE
BUILD-1327,PIPE-web,unit_test_step_4,unit_test,168.91,27.63,63,10,0.863,0.6224,7,0,5,476.64,SUCCESS,0,NONE,NONE
BUILD-1327,PIPE-api,unit_test_step_1,unit_test,67.61,137.54,134,6,0.9571,0.4686,4,0,4,262.57,SUCCESS,0,NONE,NONE
BUILD-1328,PIPE-web,lint_step_1,lint,23.2,211.05,142,19,0.882,0.6865,6,0,0,295.7,SUCCESS,0,NONE,NONE
BUILD-1328,PIPE-api,build_step_3,build,181.61,172.72,113,2,0.9826,0.9752,4,0,0,486.02,SUCCESS,0,NONE,NONE
BUILD-1328,PIPE-core,dependency_install_step_3,dependency_install,50.35,351.58,113,3,0.9741,0.4656,5,0,4,482.76,SUCCESS,1,QUEUE_BOTTLENECK,HIGH
BUILD-1329,PIPE-core,checkout_step_4,checkout,20.22,323.01,0,0,1.0,0.3905,12,0,0,445.22,SUCCESS,0,NONE,NONE
BUILD-1329,PIPE-api,lint_step_3,lint,37.42,57.26,55,11,0.8333,0.4417,7,0,0,184.8,SUCCESS,0,NONE,NONE
BUILD-1329,PIPE-worker,checkout_step_4,checkout,29.19,21.36,0,0,1.0,0.5629,18,0,5,248.33,SUCCESS,0,NONE,NONE
BUILD-1330,PIPE-web,lint_step_1,lint,22.49,59.0,56,14,0.8,0.2712,11,0,0,190.82,SUCCESS,0,NONE,NONE
BUILD-1330,PIPE-ml,package_step_1,package,23.61,16.45,0,0,1.0,0.4729,11,0,5,141.18,SUCCESS,0,NONE,NONE
BUILD-1330,PIPE-auth,lint_step_1,lint,88.37,12.23,129,25,0.8377,0.5078,6,1,0,233.91,FAILED,0,NONE,NONE
BUILD-1331,PIPE-core,compile_step_2,compile,85.05,12.21,189,17,0.9175,0.3516,14,0,0,448.77,SUCCESS,0,NONE,NONE
BUILD-1331,PIPE-ml,package_step_1,package,84.04,126.25,0,0,1.0,0.5047,5,0,2,303.63,SUCCESS,0,NONE,NONE
BUILD-1331,PIPE-worker,build_step_1,build,194.6,647.26,93,22,0.8087,0.5871,11,0,2,1443.78,SUCCESS,0,NONE,NONE
BUILD-1332,PIPE-worker,package_step_3,package,13.43,20.15,0,0,1.0,0.4831,9,0,3,113.05,SUCCESS,0,NONE,NONE
BUILD-1332,PIPE-ml,unit_test_step_3,unit_test,64.03,42.87,10,135,0.069,0.5507,17,0,0,449.73,SUCCESS,0,NONE,NONE
BUILD-1332,PIPE-web,unit_test_step_2,unit_test,109.21,22.19,51,11,0.8226,0.3989,7,0,2,326.96,SUCCESS,0,NONE,NONE
BUILD-1333,PIPE-auth,dependency_install_step_3,dependency_install,98.87,28.38,138,22,0.8625,0.9823,7,0,0,290.31,SUCCESS,0,NONE,NONE
BUILD-1333,PIPE-web,unit_test_step_4,unit_test,157.03,23.73,101,4,0.9619,0.582,5,0,2,330.92,SUCCESS,0,NONE,NONE
BUILD-1333,PIPE-auth,integration_test_step_4,integration_test,207.19,13.17,0,0,1.0,0.2765,13,0,0,1000.8,SUCCESS,0,NONE,NONE
BUILD-1334,PIPE-worker,dependency_install_step_1,dependency_install,32.87,11.22,73,27,0.73,0.4696,6,0,2,109.72,SUCCESS,0,NONE,NONE
BUILD-1334,PIPE-worker,unit_test_step_4,unit_test,105.18,109.13,80,9,0.8989,0.6197,10,0,6,499.55,SUCCESS,0,NONE,NONE
BUILD-1334,PIPE-core,build_step_2,build,81.68,63.76,121,24,0.8345,0.9856,10,0,0,373.44,SUCCESS,0,NONE,NONE
BUILD-1335,PIPE-auth,build_step_3,build,217.24,410.83,169,26,0.8667,0.5085,15,0,0,1586.83,SUCCESS,0,NONE,NONE
BUILD-1335,PIPE-api,unit_test_step_2,unit_test,74.1,43.0,100,16,0.8621,0.8454,7,1,2,240.62,FAILED,0,NONE,NONE
BUILD-1335,PIPE-web,unit_test_step_1,unit_test,206.57,48.93,8,122,0.0615,0.5998,4,0,2,396.65,SUCCESS,0,NONE,NONE
BUILD-1336,PIPE-core,build_step_4,build,34.06,46.19,175,7,0.9615,0.3127,17,0,4,300.25,SUCCESS,0,NONE,LOW
BUILD-1336,PIPE-ml,dependency_install_step_2,dependency_install,39.58,114.63,13,146,0.0818,0.8206,4,0,4,193.5,SUCCESS,0,NONE,NONE
BUILD-1336,PIPE-api,integration_test_step_1,integration_test,98.96,52.59,0,0,1.0,0.6865,18,0,0,723.37,SUCCESS,0,NONE,NONE
BUILD-1337,PIPE-web,unit_test_step_4,unit_test,111.96,96.55,65,4,0.942,0.7314,16,0,5,744.75,SUCCESS,0,NONE,LOW
BUILD-1337,PIPE-auth,dependency_install_step_4,dependency_install,56.48,614.7,50,11,0.8197,0.5798,9,0,0,809.1,SUCCESS,0,NONE,LOW
BUILD-1337,PIPE-worker,checkout_step_1,checkout,34.64,85.7,0,0,1.0,0.9734,9,0,0,223.62,SUCCESS,1,AGENT_UTILISATION,MEDIUM
BUILD-1338,PIPE-core,dependency_install_step_3,dependency_install,36.83,105.1,113,11,0.9113,0.6312,14,0,0,309.45,SUCCESS,0,NONE,NONE
BUILD-1338,PIPE-web,checkout_step_3,checkout,42.61,707.9,0,0,1.0,0.9858,9,0,3,896.93,SUCCESS,1,QUEUE_BOTTLENECK,CRITICAL
BUILD-1338,PIPE-api,package_step_3,package,37.93,287.6,0,0,1.0,0.4896,11,0,0,467.59,SUCCESS,0,NONE,NONE
BUILD-1339,PIPE-ml,security_scan_step_2,security_scan,107.8,717.99,0,0,1.0,0.8094,10,0,0,1141.59,SUCCESS,1,QUEUE_BOTTLENECK,HIGH
BUILD-1339,PIPE-worker,compile_step_3,compile,133.01,16.07,178,19,0.9036,0.6591,16,0,3,799.21,SUCCESS,0,NONE,NONE
BUILD-1339,PIPE-core,build_step_2,build,166.42,44.82,132,13,0.9103,0.5402,14,0,0,910.81,SUCCESS,0,NONE,NONE
BUILD-1340,PIPE-core,dependency_install_step_4,dependency_install,147.88,59.57,75,7,0.9146,0.7024,8,0,0,515.46,SUCCESS,0,NONE,NONE
BUILD-1340,PIPE-auth,unit_test_step_4,unit_test,86.87,75.76,112,10,0.918,0.4936,13,0,3,521.64,SUCCESS,0,NONE,NONE
BUILD-1340,PIPE-auth,dependency_install_step_4,dependency_install,14.72,80.36,152,20,0.8837,0.9427,12,0,0,197.48,SUCCESS,0,NONE,NONE
BUILD-1341,PIPE-auth,dependency_install_step_2,dependency_install,86.65,641.57,63,4,0.9403,0.7471,16,0,5,1179.97,SUCCESS,1,QUEUE_BOTTLENECK,HIGH
BUILD-1341,PIPE-core,integration_test_step_2,integration_test,38.3,77.49,0,0,1.0,0.6182,5,0,3,184.74,SUCCESS,0,NONE,NONE
BUILD-1341,PIPE-auth,build_step_3,build,100.46,75.26,3,100,0.0291,0.4167,10,0,0,900.94,SUCCESS,1,QUEUE_BOTTLENECK,CRITICAL
BUILD-1342,PIPE-worker,security_scan_step_1,security_scan,129.23,69.41,0,0,1.0,0.749,18,0,0,924.02,SUCCESS,0,NONE,NONE
BUILD-1342,PIPE-ml,build_step_4,build,116.77,82.73,200,2,0.9901,0.5358,13,0,6,661.3,SUCCESS,0,NONE,NONE
BUILD-1342,PIPE-auth,integration_test_step_4,integration_test,205.15,92.22,0,0,1.0,0.5741,6,0,2,554.82,SUCCESS,0,NONE,NONE
BUILD-1343,PIPE-ml,dependency_install_step_2,dependency_install,26.3,42.29,173,3,0.983,0.6377,10,0,0,169.66,SUCCESS,0,NONE,NONE
BUILD-1343,PIPE-core,compile_step_1,compile,97.66,70.37,53,7,0.8833,0.3667,13,0,5,574.7,SUCCESS,0,NONE,NONE
BUILD-1343,PIPE-core,compile_step_3,compile,107.66,83.48,14,104,0.1186,0.5145,11,0,0,513.52,SUCCESS,0,NONE,NONE
BUILD-1344,PIPE-api,package_step_4,package,48.82,36.12,0,0,1.0,0.9316,4,0,0,142.48,SUCCESS,0,NONE,NONE
BUILD-1344,PIPE-auth,security_scan_step_4,security_scan,43.11,37.95,0,0,1.0,0.3765,4,0,4,139.77,SUCCESS,0,NONE,NONE
BUILD-1344,PIPE-web,unit_test_step_3,unit_test,88.36,54.0,8,62,0.1143,0.7861,10,1,2,384.37,FAILED,0,NONE,NONE
BUILD-1345,PIPE-web,security_scan_step_4,security_scan,46.79,125.24,0,0,1.0,0.986,5,0,0,250.66,SUCCESS,0,NONE,NONE
BUILD-1345,PIPE-web,package_step_2,package,55.21,166.39,0,0,1.0,0.6302,18,0,0,530.72,SUCCESS,0,NONE,LOW
BUILD-1345,PIPE-web,checkout_step_1,checkout,21.19,51.4,0,0,1.0,0.7892,5,0,5,118.46,SUCCESS,0,NONE,LOW
BUILD-1346,PIPE-ml,compile_step_1,compile,156.2,140.5,79,27,0.7453,0.2701,8,0,0,632.73,SUCCESS,0,NONE,NONE
BUILD-1346,PIPE-ml,lint_step_3,lint,31.38,55.47,13,75,0.1477,0.5941,16,0,5,247.48,SUCCESS,0,NONE,NONE
BUILD-1346,PIPE-ml,compile_step_1,compile,87.47,155.15,13,124,0.0949,0.9623,8,0,0,445.32,SUCCESS,1,LOW_CACHE_EFFICIENCY,HIGH
BUILD-1347,PIPE-core,compile_step_1,compile,61.2,32.4,123,25,0.8311,0.6988,17,0,0,445.92,SUCCESS,0,NONE,NONE
BUILD-1347,PIPE-worker,build_step_1,build,58.07,102.0,163,6,0.9645,0.6222,15,0,5,440.31,SUCCESS,0,NONE,NONE
BUILD-1347,PIPE-core,security_scan_step_1,security_scan,19.65,107.01,0,0,1.0,0.8118,9,0,0,210.15,SUCCESS,0,NONE,NONE
BUILD-1348,PIPE-web,unit_test_step_4,unit_test,91.46,587.7,92,21,0.8142,0.3799,10,0,0,959.14,SUCCESS,1,QUEUE_BOTTLENECK,HIGH
BUILD-1348,PIPE-web,integration_test_step_4,integration_test,50.26,30.83,0,0,1.0,0.7073,12,0,0,283.4,SUCCESS,0,NONE,LOW
BUILD-1348,PIPE-api,dependency_install_step_1,dependency_install,196.86,12.12,5,138,0.035,0.6856,15,0,3,1070.85,SUCCESS,1,LOW_CACHE_EFFICIENCY,HIGH
BUILD-1349,PIPE-worker,build_step_3,build,94.39,132.03,77,23,0.77,0.3402,14,0,0,620.4,SUCCESS,0,NONE,NONE
BUILD-1349,PIPE-worker,unit_test_step_4,unit_test,140.18,88.92,90,29,0.7563,0.5362,8,1,0,503.97,FAILED,0,NONE,NONE
BUILD-1349,PIPE-ml,dependency_install_step_1,dependency_install,61.84,22.24,157,15,0.9128,0.7693,4,0,0,124.74,SUCCESS,0,NONE,NONE
BUILD-1350,PIPE-auth,integration_test_step_4,integration_test,162.24,14.92,0,0,1.0,0.3707,7,0,0,458.09,SUCCESS,0,NONE,NONE
BUILD-1350,PIPE-core,lint_step_4,lint,13.65,10.95,91,16,0.8505,0.6374,17,0,0,108.6,SUCCESS,0,NONE,NONE
BUILD-1350,PIPE-api,compile_step_1,compile,189.75,73.74,112,23,0.8296,0.5229,7,0,0,571.24,SUCCESS,0,NONE,NONE
BUILD-1351,PIPE-auth,lint_step_2,lint,19.83,13.55,67,2,0.971,0.7549,14,0,0,166.28,SUCCESS,0,NONE,NONE
BUILD-1351,PIPE-core,lint_step_3,lint,29.03,51.8,186,24,0.8857,0.9413,11,0,0,219.76,SUCCESS,1,AGENT_UTILISATION,MEDIUM
BUILD-1351,PIPE-ml,lint_step_3,lint,20.98,54.81,162,15,0.9153,0.5862,5,0,0,117.43,SUCCESS,0,NONE,NONE
BUILD-1352,PIPE-core,security_scan_step_3,security_scan,92.02,94.53,0,0,1.0,0.8582,18,0,4,718.06,SUCCESS,0,NONE,NONE
BUILD-1352,PIPE-core,unit_test_step_4,unit_test,232.54,75.26,137,11,0.9257,0.7257,9,0,0,809.65,SUCCESS,1,SLOW_TASK,MEDIUM
BUILD-1352,PIPE-auth,checkout_step_2,checkout,48.37,402.19,0,0,1.0,0.6795,7,0,0,542.88,SUCCESS,0,NONE,NONE
BUILD-1353,PIPE-ml,dependency_install_step_3,dependency_install,96.03,11.88,125,6,0.9542,0.4457,15,0,0,566.32,SUCCESS,0,NONE,NONE
BUILD-1353,PIPE-api,checkout_step_2,checkout,5.73,75.26,0,0,1.0,0.9643,4,0,0,71.87,SUCCESS,1,AGENT_UTILISATION,MEDIUM
BUILD-1353,PIPE-auth,unit_test_step_2,unit_test,129.13,111.57,200,29,0.8734,0.4894,12,0,0,707.64,SUCCESS,0,NONE,NONE
BUILD-1354,PIPE-auth,unit_test_step_4,unit_test,257.08,106.41,2,83,0.0235,0.5979,7,0,0,760.89,SUCCESS,1,LOW_CACHE_EFFICIENCY,CRITICAL
BUILD-1354,PIPE-core,integration_test_step_3,integration_test,31.41,231.7,0,0,1.0,0.4318,14,0,0,427.06,SUCCESS,0,NONE,NONE
BUILD-1354,PIPE-auth,build_step_2,build,215.24,84.37,20,52,0.2778,0.4888,12,1,0,1005.27,FAILED,0,NONE,NONE
BUILD-1355,PIPE-ml,unit_test_step_1,unit_test,21.21,49.02,18,106,0.1452,0.418,8,0,0,164.91,SUCCESS,0,NONE,NONE
BUILD-1355,PIPE-api,security_scan_step_4,security_scan,384.49,454.59,0,0,1.0,0.7386,8,0,2,1583.46,SUCCESS,1,QUEUE_BOTTLENECK,CRITICAL
BUILD-1355,PIPE-api,unit_test_step_1,unit_test,73.35,20.08,198,17,0.9209,0.5481,12,0,0,382.48,SUCCESS,0,NONE,LOW
BUILD-1356,PIPE-worker,dependency_install_step_1,dependency_install,47.98,167.41,18,67,0.2118,0.4229,8,0,0,327.36,SUCCESS,0,NONE,NONE
BUILD-1356,PIPE-worker,lint_step_2,lint,20.08,31.47,166,2,0.9881,0.5887,10,0,6,138.25,SUCCESS,0,NONE,NONE
BUILD-1356,PIPE-web,package_step_3,package,41.92,62.31,0,0,1.0,0.5112,9,0,5,219.83,SUCCESS,0,NONE,NONE
BUILD-1357,PIPE-api,unit_test_step_3,unit_test,220.61,66.38,176,7,0.9617,0.6542,16,0,0,1328.05,SUCCESS,1,SLOW_TASK,MEDIUM
BUILD-1357,PIPE-worker,compile_step_2,compile,41.18,18.79,7,67,0.0946,0.3681,8,0,4,168.65,SUCCESS,0,NONE,NONE
BUILD-1357,PIPE-api,integration_test_step_2,integration_test,191.7,53.46,0,0,1.0,0.6263,10,0,0,759.01,SUCCESS,0,NONE,NONE
BUILD-1358,PIPE-auth,package_step_4,package,88.24,147.89,0,0,1.0,0.5768,18,0,0,268.23,SUCCESS,0,NONE,NONE
BUILD-1358,PIPE-web,compile_step_3,compile,186.05,50.63,128,15,0.8951,0.6928,16,0,5,1144.14,SUCCESS,0,NONE,NONE
BUILD-1358,PIPE-api,package_step_3,package,40.67,410.5,0,0,1.0,0.6153,7,0,0,569.04,SUCCESS,1,QUEUE_BOTTLENECK,HIGH
BUILD-1359,PIPE-core,compile_step_4,compile,135.69,61.24,101,27,0.7891,0.6322,12,0,3,668.76,SUCCESS,0,NONE,NONE
BUILD-1359,PIPE-worker,package_step_4,package,7.36,21.24,0,0,1.0,0.464,16,0,0,84.38,SUCCESS,0,NONE,NONE
BUILD-1359,PIPE-web,package_step_4,package,39.11,424.8,0,0,1.0,0.985,9,0,0,600.15,SUCCESS,1,QUEUE_BOTTLENECK,CRITICAL
BUILD-1360,PIPE-core,unit_test_step_1,unit_test,93.92,63.26,155,28,0.847,0.3401,6,0,0,310.63,SUCCESS,0,NONE,NONE
BUILD-1360,PIPE-web,integration_test_step_3,integration_test,95.83,17.11,0,0,1.0,0.6779,15,1,0,551.56,FAILED,0,NONE,LOW
BUILD-1360,PIPE-ml,security_scan_step_3,security_scan,120.47,37.45,0,0,1.0,0.249,16,0,5,739.08,SUCCESS,0,NONE,NONE
BUILD-1361,PIPE-web,compile_step_3,compile,84.25,52.0,55,6,0.9016,0.9895,10,0,0,394.68,SUCCESS,1,AGENT_UTILISATION,MEDIUM
BUILD-1361,PIPE-auth,checkout_step_3,checkout,5.0,313.4,0,0,1.0,0.4298,4,0,4,342.68,SUCCESS,0,NONE,NONE
BUILD-1361,PIPE-auth,compile_step_1,compile,38.77,114.13,192,26,0.8807,0.9519,6,0,5,236.29,SUCCESS,0,NONE,NONE
BUILD-1362,PIPE-api,lint_step_4,lint,33.44,91.35,88,22,0.8,0.3881,6,0,0,192.57,SUCCESS,0,NONE,NONE
BUILD-1362,PIPE-worker,build_step_4,build,69.25,75.26,12,42,0.2222,0.914,9,0,4,299.58,SUCCESS,1,LOW_CACHE_EFFICIENCY,HIGH
BUILD-1362,PIPE-auth,unit_test_step_2,unit_test,217.87,10.59,140,30,0.8235,0.533,17,0,4,1345.7,SUCCESS,0,NONE,NONE
BUILD-1363,PIPE-core,unit_test_step_1,unit_test,186.62,12.47,67,12,0.8481,0.7071,18,0,5,1226.26,SUCCESS,0,NONE,NONE
BUILD-1363,PIPE-api,build_step_2,build,202.6,62.78,14,55,0.2029,0.738,10,1,0,814.79,FAILED,1,LOW_CACHE_EFFICIENCY,MEDIUM
BUILD-1363,PIPE-ml,dependency_install_step_1,dependency_install,79.53,59.66,102,26,0.7969,0.5752,17,0,0,582.25,SUCCESS,0,NONE,NONE
BUILD-1364,PIPE-auth,dependency_install_step_2,dependency_install,71.33,317.77,141,25,0.8494,0.5323,10,0,0,609.28,SUCCESS,0,NONE,NONE
BUILD-1364,PIPE-web,unit_test_step_4,unit_test,78.68,538.5,157,14,0.9181,0.4323,5,0,0,725.72,SUCCESS,1,QUEUE_BOTTLENECK,HIGH
BUILD-1364,PIPE-worker,package_step_3,package,45.07,140.37,0,0,1.0,0.5113,14,0,0,402.12,SUCCESS,0,NONE,NONE
BUILD-1365,PIPE-web,security_scan_step_3,security_scan,161.2,348.5,0,0,1.0,0.3968,6,0,5,745.14,SUCCESS,1,QUEUE_BOTTLENECK,HIGH
BUILD-1365,PIPE-core,checkout_step_2,checkout,20.58,89.38,0,0,1.0,0.3859,9,0,3,197.56,SUCCESS,0,NONE,NONE
BUILD-1365,PIPE-api,lint_step_2,lint,44.22,163.66,91,2,0.9785,0.3653,8,0,0,327.4,SUCCESS,0,NONE,NONE
BUILD-1366,PIPE-core,lint_step_3,lint,32.0,676.7,86,15,0.8515,0.9742,10,0,2,809.98,SUCCESS,1,QUEUE_BOTTLENECK,CRITICAL
BUILD-1366,PIPE-core,compile_step_2,compile,235.06,410.42,78,17,0.8211,0.4954,10,0,6,1252.23,SUCCESS,1,QUEUE_BOTTLENECK,CRITICAL
BUILD-1366,PIPE-ml,checkout_step_4,checkout,22.78,80.37,0,0,1.0,0.4254,6,0,0,182.41,SUCCESS,0,NONE,NONE
BUILD-1367,PIPE-core,unit_test_step_2,unit_test,155.93,617.03,86,9,0.9053,0.6237,15,0,0,1492.47,SUCCESS,1,QUEUE_BOTTLENECK,HIGH
BUILD-1367,PIPE-core,compile_step_3,compile,69.37,72.0,134,24,0.8481,0.5856,14,0,0,450.52,SUCCESS,0,NONE,NONE
BUILD-1367,PIPE-api,compile_step_3,compile,154.79,39.86,58,25,0.6988,0.5971,10,0,0,630.41,SUCCESS,0,NONE,LOW
BUILD-1368,PIPE-ml,checkout_step_2,checkout,5.0,502.21,0,0,1.0,0.5654,13,0,6,565.57,SUCCESS,1,QUEUE_BOTTLENECK,HIGH
BUILD-1368,PIPE-worker,unit_test_step_2,unit_test,115.0,60.31,162,5,0.9701,0.8366,14,0,3,678.5,SUCCESS,0,NONE,NONE
BUILD-1368,PIPE-worker,lint_step_4,lint,7.12,10.22,137,26,0.8405,0.734,5,0,3,47.36,SUCCESS,0,NONE,LOW
BUILD-1369,PIPE-worker,lint_step_1,lint,16.37,106.04,138,11,0.9262,0.4615,12,0,0,211.21,SUCCESS,0,NONE,NONE
BUILD-1369,PIPE-worker,lint_step_2,lint,72.91,494.21,54,8,0.871,0.7244,9,0,0,747.56,SUCCESS,1,QUEUE_BOTTLENECK,HIGH
BUILD-1369,PIPE-auth,unit_test_step_3,unit_test,88.24,52.24,185,7,0.9635,0.2987,5,0,0,321.55,SUCCESS,0,NONE,NONE
BUILD-1370,PIPE-ml,dependency_install_step_4,dependency_install,137.19,80.54,152,11,0.9325,0.6839,12,0,0,706.03,SUCCESS,0,NONE,NONE
BUILD-1370,PIPE-web,checkout_step_3,checkout,14.75,28.04,0,0,1.0,0.3249,7,0,0,110.4,SUCCESS,0,NONE,LOW
BUILD-1370,PIPE-worker,dependency_install_step_4,dependency_install,21.97,22.67,112,14,0.8889,0.2376,14,0,4,172.8,SUCCESS,0,NONE,LOW
BUILD-1371,PIPE-web,dependency_install_step_4,dependency_install,43.07,506.86,88,8,0.9167,0.5468,14,0,0,743.21,SUCCESS,0,NONE,NONE
BUILD-1371,PIPE-auth,dependency_install_step_4,dependency_install,150.8,146.29,81,19,0.81,0.3999,11,0,0,769.15,SUCCESS,0,NONE,NONE
BUILD-1371,PIPE-web,package_step_1,package,42.72,77.6,0,0,1.0,0.6849,5,0,5,169.51,SUCCESS,0,NONE,NONE
BUILD-1372,PIPE-api,unit_test_step_1,unit_test,81.33,113.1,142,9,0.9404,0.465,14,0,2,553.5,SUCCESS,0,NONE,NONE
BUILD-1372,PIPE-web,build_step_3,build,111.49,24.69,134,15,0.8993,0.7297,8,0,5,395.02,SUCCESS,0,NONE,NONE
BUILD-1372,PIPE-worker,compile_step_4,compile,128.66,93.31,15,111,0.119,0.7142,13,0,0,699.59,SUCCESS,0,NONE,NONE
BUILD-1373,PIPE-auth,dependency_install_step_1,dependency_install,29.67,37.87,7,86,0.0753,0.4787,15,0,2,211.64,SUCCESS,0,NONE,NONE
BUILD-1373,PIPE-worker,build_step_1,build,97.33,107.36,160,23,0.8743,0.574,7,0,0,398.31,SUCCESS,0,NONE,LOW
BUILD-1373,PIPE-worker,lint_step_4,lint,74.39,88.32,138,13,0.9139,0.6914,7,0,4,328.53,SUCCESS,0,NONE,NONE
BUILD-1374,PIPE-api,dependency_install_step_3,dependency_install,37.67,11.69,94,29,0.7642,0.3299,5,0,0,104.11,SUCCESS,0,NONE,NONE
BUILD-1374,PIPE-api,compile_step_3,compile,128.84,674.32,153,12,0.9273,0.2849,14,0,5,1359.72,SUCCESS,0,NONE,NONE
BUILD-1374,PIPE-worker,build_step_2,build,103.77,67.55,78,8,0.907,0.6297,18,0,6,772.01,SUCCESS,0,NONE,NONE
BUILD-1375,PIPE-worker,integration_test_step_1,integration_test,39.37,19.38,0,0,1.0,0.9751,13,0,0,240.79,SUCCESS,0,NONE,NONE
BUILD-1375,PIPE-web,unit_test_step_4,unit_test,157.8,515.2,125,21,0.8562,0.2141,5,0,0,832.68,SUCCESS,1,QUEUE_BOTTLENECK,HIGH
BUILD-1375,PIPE-api,integration_test_step_3,integration_test,109.46,491.64,0,0,1.0,0.4176,15,0,3,1084.94,SUCCESS,1,QUEUE_BOTTLENECK,HIGH
BUILD-1376,PIPE-api,checkout_step_2,checkout,5.0,87.09,0,0,1.0,0.5572,11,0,0,159.84,SUCCESS,0,NONE,NONE
BUILD-1376,PIPE-worker,dependency_install_step_4,dependency_install,17.23,14.45,149,25,0.8563,0.5371,16,0,4,152.43,SUCCESS,0,NONE,NONE
BUILD-1376,PIPE-api,compile_step_3,compile,220.69,475.89,132,29,0.8199,0.2972,15,0,6,1649.77,SUCCESS,1,QUEUE_BOTTLENECK,CRITICAL
BUILD-1377,PIPE-ml,unit_test_step_3,unit_test,172.28,661.5,0,0,0.9288,0.7393,15,0,0,1607.74,SUCCESS,0,NONE,NONE
BUILD-1377,PIPE-auth,lint_step_4,lint,40.96,45.44,161,4,0.9758,0.6148,6,1,2,155.86,FAILED,0,NONE,NONE
BUILD-1377,PIPE-worker,build_step_2,build,253.72,680.34,120,20,0.8571,0.572,18,0,0,2308.18,TIMED_OUT,1,QUEUE_BOTTLENECK,CRITICAL
BUILD-1378,PIPE-worker,dependency_install_step_4,dependency_install,26.64,182.04,127,12,0.9137,0.6674,16,0,6,385.6,SUCCESS,0,NONE,NONE
BUILD-1378,PIPE-auth,compile_step_1,compile,212.61,62.93,11,115,0.0873,0.9782,5,0,0,464.18,SUCCESS,1,LOW_CACHE_EFFICIENCY,HIGH
BUILD-1378,PIPE-ml,dependency_install_step_2,dependency_install,294.56,154.34,15,133,0.1014,0.9233,5,0,0,691.55,SUCCESS,1,LOW_CACHE_EFFICIENCY,CRITICAL
BUILD-1379,PIPE-ml,unit_test_step_4,unit_test,202.0,42.21,137,7,0.9514,0.9857,9,0,2,704.61,SUCCESS,1,AGENT_UTILISATION,MEDIUM
BUILD-1379,PIPE-api,compile_step_2,compile,193.14,190.25,70,12,0.8537,0.3266,5,0,0,569.89,SUCCESS,0,NONE,NONE
BUILD-1379,PIPE-core,security_scan_step_1,security_scan,194.9,393.74,0,0,1.0,0.4878,12,1,4,1265.53,FAILED,1,QUEUE_BOTTLENECK,HIGH
BUILD-1380,PIPE-core,lint_step_3,lint,23.89,179.86,98,22,0.8167,0.3174,6,0,3,251.23,SUCCESS,0,NONE,NONE
BUILD-1380,PIPE-auth,dependency_install_step_4,dependency_install,109.05,203.0,95,18,0.8407,0.9613,17,0,0,906.31,SUCCESS,0,NONE,NONE
BUILD-1380,PIPE-core,lint_step_3,lint,62.38,83.2,5,115,0.0417,0.5696,18,0,6,522.82,SUCCESS,0,NONE,NONE
BUILD-1381,PIPE-worker,build_step_4,build,65.92,20.52,191,4,0.9795,0.67,9,0,0,243.28,SUCCESS,0,NONE,NONE
BUILD-1381,PIPE-core,compile_step_4,compile,92.84,198.75,75,29,0.7212,0.2928,14,0,0,694.52,SUCCESS,0,NONE,NONE
BUILD-1381,PIPE-auth,unit_test_step_2,unit_test,142.82,39.86,6,77,0.0723,0.6291,10,0,0,560.73,SUCCESS,1,LOW_CACHE_EFFICIENCY,MEDIUM
BUILD-1382,PIPE-worker,dependency_install_step_4,dependency_install,93.37,37.64,123,26,0.8255,0.5888,4,0,0,217.33,SUCCESS,0,NONE,NONE
BUILD-1382,PIPE-auth,lint_step_2,lint,5.0,30.25,186,2,0.9894,0.9829,8,0,0,75.82,SUCCESS,0,NONE,NONE
BUILD-1382,PIPE-ml,build_step_2,build,118.21,44.1,61,8,0.8841,0.9319,6,0,3,313.25,SUCCESS,0,NONE,NONE
BUILD-1383,PIPE-auth,integration_test_step_1,integration_test,45.61,603.15,0,0,0.9288,0.6456,18,0,3,934.59,SUCCESS,1,QUEUE_BOTTLENECK,HIGH
BUILD-1383,PIPE-ml,lint_step_3,lint,20.09,34.55,108,13,0.8926,0.5655,10,1,3,132.13,FAILED,0,NONE,NONE
BUILD-1383,PIPE-web,build_step_4,build,162.48,96.11,129,8,0.9416,0.5879,14,0,0,936.77,SUCCESS,0,NONE,NONE
BUILD-1384,PIPE-worker,unit_test_step_2,unit_test,172.5,46.95,52,22,0.7027,0.6169,4,0,0,337.37,SUCCESS,0,NONE,NONE
BUILD-1384,PIPE-ml,dependency_install_step_2,dependency_install,49.08,40.14,96,19,0.8348,0.5587,15,0,0,351.12,SUCCESS,0,NONE,NONE
BUILD-1384,PIPE-auth,compile_step_3,compile,203.65,586.73,6,51,0.1053,0.3665,11,0,5,1416.75,SUCCESS,1,QUEUE_BOTTLENECK,CRITICAL
BUILD-1385,PIPE-core,dependency_install_step_1,dependency_install,201.7,138.92,2,70,0.0278,0.2221,9,0,0,803.22,SUCCESS,1,LOW_CACHE_EFFICIENCY,MEDIUM
BUILD-1385,PIPE-core,security_scan_step_2,security_scan,230.15,35.52,0,0,1.0,0.5177,4,0,3,375.51,SUCCESS,1,SLOW_TASK,HIGH
BUILD-1385,PIPE-api,compile_step_2,compile,52.99,130.49,12,59,0.169,0.5507,12,1,3,393.0,FAILED,0,NONE,NONE
BUILD-1386,PIPE-ml,unit_test_step_4,unit_test,131.4,317.78,185,11,0.9439,0.5593,6,0,2,638.93,SUCCESS,0,NONE,NONE
BUILD-1386,PIPE-auth,checkout_step_2,checkout,48.25,70.81,0,0,1.0,0.5602,4,0,3,165.29,SUCCESS,0,NONE,LOW
BUILD-1386,PIPE-core,lint_step_1,lint,48.09,194.12,59,20,0.7468,0.669,4,0,0,317.02,SUCCESS,0,NONE,NONE
BUILD-1387,PIPE-web,security_scan_step_4,security_scan,125.13,11.63,0,0,1.0,0.4634,14,0,0,641.75,SUCCESS,0,NONE,NONE
BUILD-1387,PIPE-worker,build_step_2,build,178.6,81.66,107,6,0.9469,0.6486,15,0,0,1068.73,SUCCESS,0,NONE,NONE
BUILD-1387,PIPE-web,lint_step_4,lint,43.76,88.83,14,92,0.1321,0.6951,12,0,4,315.87,SUCCESS,0,NONE,NONE
BUILD-1388,PIPE-worker,unit_test_step_4,unit_test,52.19,145.79,149,16,0.903,0.3521,9,0,0,332.88,SUCCESS,0,NONE,NONE
BUILD-1388,PIPE-ml,dependency_install_step_2,dependency_install,52.38,51.81,143,30,0.8266,0.5892,17,0,0,410.78,SUCCESS,0,NONE,NONE
BUILD-1388,PIPE-api,unit_test_step_4,unit_test,117.75,75.26,155,3,0.981,0.4427,9,0,6,454.21,SUCCESS,0,NONE,NONE
BUILD-1389,PIPE-worker,checkout_step_2,checkout,17.17,82.9,0,0,1.0,0.5245,8,0,0,151.1,SUCCESS,0,NONE,NONE
BUILD-1389,PIPE-auth,lint_step_2,lint,12.91,555.76,112,29,0.7943,0.5189,16,0,0,686.52,SUCCESS,0,NONE,NONE
BUILD-1389,PIPE-ml,integration_test_step_1,integration_test,32.38,67.59,0,0,1.0,0.8036,5,1,0,139.76,FAILED,0,NONE,NONE
BUILD-1390,PIPE-web,build_step_3,build,120.21,25.66,88,8,0.9167,0.4125,5,0,0,252.07,SUCCESS,0,NONE,NONE
BUILD-1390,PIPE-worker,compile_step_2,compile,84.32,17.44,17,60,0.2208,0.5627,6,0,0,225.54,SUCCESS,1,LOW_CACHE_EFFICIENCY,MEDIUM
BUILD-1390,PIPE-worker,dependency_install_step_4,dependency_install,70.99,27.15,113,5,0.9576,0.6167,6,0,5,196.39,SUCCESS,0,NONE,NONE
BUILD-1391,PIPE-worker,dependency_install_step_1,dependency_install,56.6,95.05,142,16,0.8987,0.7794,6,2,0,267.57,FAILED,0,NONE,NONE
BUILD-1391,PIPE-web,build_step_1,build,46.98,41.39,4,119,0.0325,0.2961,10,0,0,227.34,SUCCESS,0,NONE,NONE
BUILD-1391,PIPE-api,package_step_3,package,30.31,10.28,0,0,1.0,0.3697,16,0,0,199.99,SUCCESS,0,NONE,LOW
BUILD-1392,PIPE-auth,unit_test_step_2,unit_test,136.64,105.3,181,10,0.9476,0.6489,18,0,0,1013.94,SUCCESS,0,NONE,LOW
BUILD-1392,PIPE-api,security_scan_step_3,security_scan,144.01,175.59,0,0,1.0,0.4477,4,0,0,433.49,SUCCESS,0,NONE,NONE
BUILD-1392,PIPE-web,integration_test_step_2,integration_test,282.27,26.8,0,0,1.0,0.337,4,2,3,467.97,FAILED,1,SLOW_TASK,HIGH
BUILD-1393,PIPE-worker,unit_test_step_3,unit_test,115.97,120.58,181,29,0.8619,0.531,10,0,0,569.02,SUCCESS,0,NONE,NONE
BUILD-1393,PIPE-auth,dependency_install_step_3,dependency_install,107.19,85.71,71,27,0.7245,0.8059,9,0,3,478.01,SUCCESS,0,NONE,NONE
BUILD-1393,PIPE-core,compile_step_2,compile,110.98,23.85,7,139,0.0479,0.9565,5,1,4,255.83,FAILED,1,LOW_CACHE_EFFICIENCY,HIGH
BUILD-1394,PIPE-auth,checkout_step_4,checkout,20.43,14.91,0,0,1.0,0.6382,14,0,0,146.92,SUCCESS,0,NONE,NONE
BUILD-1394,PIPE-ml,build_step_2,build,269.09,412.95,0,0,0.9288,0.4634,7,0,6,1091.73,SUCCESS,1,QUEUE_BOTTLENECK,CRITICAL
BUILD-1394,PIPE-api,unit_test_step_2,unit_test,118.89,262.42,97,17,0.8509,0.6774,14,0,6,901.85,SUCCESS,0,NONE,LOW
BUILD-1395,PIPE-api,package_step_3,package,31.17,531.18,0,0,1.0,0.7092,7,0,3,662.87,SUCCESS,1,QUEUE_BOTTLENECK,HIGH
BUILD-1395,PIPE-web,lint_step_2,lint,24.04,377.33,125,21,0.8562,0.5031,14,0,0,514.66,SUCCESS,0,NONE,NONE
BUILD-1395,PIPE-auth,checkout_step_3,checkout,13.87,142.29,0,0,0.9288,0.5367,4,1,4,206.95,FAILED,0,NONE,LOW
BUILD-1396,PIPE-worker,checkout_step_4,checkout,40.3,329.32,0,0,1.0,0.744,5,0,0,447.52,SUCCESS,1,QUEUE_BOTTLENECK,HIGH
BUILD-1396,PIPE-ml,security_scan_step_1,security_scan,85.66,42.04,0,0,1.0,0.5618,9,0,0,342.32,SUCCESS,0,NONE,NONE
BUILD-1396,PIPE-worker,compile_step_2,compile,95.35,193.22,11,92,0.1068,0.7011,11,0,0,599.93,SUCCESS,0,NONE,NONE
BUILD-1397,PIPE-worker,unit_test_step_2,unit_test,89.84,485.53,56,29,0.6588,0.9347,9,0,4,823.33,SUCCESS,1,QUEUE_BOTTLENECK,CRITICAL
BUILD-1397,PIPE-core,unit_test_step_2,unit_test,241.5,653.82,105,5,0.9545,0.9807,11,0,5,1605.81,SUCCESS,1,QUEUE_BOTTLENECK,CRITICAL
BUILD-1397,PIPE-api,compile_step_3,compile,62.31,69.27,177,15,0.9219,0.3843,17,0,2,471.92,SUCCESS,0,NONE,LOW
BUILD-1398,PIPE-web,security_scan_step_3,security_scan,73.25,589.63,0,0,1.0,0.6479,11,0,4,924.37,SUCCESS,1,QUEUE_BOTTLENECK,HIGH
BUILD-1398,PIPE-ml,dependency_install_step_3,dependency_install,91.88,15.68,81,21,0.7941,0.9821,8,0,0,293.62,SUCCESS,1,AGENT_UTILISATION,MEDIUM
BUILD-1398,PIPE-api,unit_test_step_4,unit_test,105.01,515.14,156,9,0.9455,0.6074,9,0,0,897.37,SUCCESS,0,NONE,NONE
BUILD-1399,PIPE-worker,lint_step_3,lint,9.55,56.26,99,30,0.7674,0.9856,9,0,0,126.01,SUCCESS,1,AGENT_UTILISATION,MEDIUM
BUILD-1399,PIPE-ml,integration_test_step_2,integration_test,174.19,70.69,0,0,1.0,0.6225,13,2,0,916.44,FAILED,0,NONE,LOW
BUILD-1399,PIPE-api,integration_test_step_1,integration_test,92.48,46.77,0,0,1.0,0.3768,18,0,5,648.9,SUCCESS,0,NONE,NONE
BUILD-1400,PIPE-api,lint_step_3,lint,47.87,15.92,65,17,0.7927,0.7099,14,1,6,306.77,FAILED,0,NONE,NONE
BUILD-1400,PIPE-api,lint_step_3,lint,37.88,28.76,187,8,0.959,0.5058,14,0,0,248.01,SUCCESS,0,NONE,NONE
BUILD-1400,PIPE-core,security_scan_step_2,security_scan,334.31,36.63,0,0,1.0,0.6563,7,0,0,876.57,SUCCESS,1,SLOW_TASK,MEDIUM
BUILD-1401,PIPE-core,compile_step_2,compile,65.61,652.14,20,122,0.1408,0.7119,5,0,0,783.46,SUCCESS,1,QUEUE_BOTTLENECK,CRITICAL
BUILD-1401,PIPE-worker,integration_test_step_2,integration_test,111.09,25.04,0,0,1.0,0.3432,5,0,5,240.73,SUCCESS,0,NONE,NONE
BUILD-1401,PIPE-auth,dependency_install_step_1,dependency_install,88.24,325.72,191,17,0.9183,0.3549,9,0,5,646.74,SUCCESS,1,QUEUE_BOTTLENECK,HIGH
BUILD-1402,PIPE-ml,compile_step_2,compile,163.62,35.03,58,22,0.725,0.8085,13,0,0,812.53,SUCCESS,0,NONE,NONE
BUILD-1402,PIPE-ml,dependency_install_step_1,dependency_install,46.16,16.86,3,106,0.0275,0.663,15,0,0,290.36,SUCCESS,0,NONE,NONE
BUILD-1402,PIPE-worker,compile_step_1,compile,137.95,153.29,184,15,0.9246,0.5808,10,0,3,664.56,SUCCESS,0,NONE,NONE
BUILD-1403,PIPE-core,lint_step_3,lint,36.8,38.54,17,43,0.2833,0.9559,17,0,3,309.99,SUCCESS,1,LOW_CACHE_EFFICIENCY,HIGH
BUILD-1403,PIPE-api,package_step_2,package,17.82,163.34,0,0,1.0,0.789,16,0,0,285.52,SUCCESS,0,NONE,NONE
BUILD-1403,PIPE-core,security_scan_step_4,security_scan,36.58,201.68,0,0,1.0,0.9471,13,1,5,385.76,FAILED,0,NONE,LOW
BUILD-1404,PIPE-ml,checkout_step_3,checkout,56.1,31.32,0,0,1.0,0.6321,10,0,0,257.74,SUCCESS,0,NONE,NONE
BUILD-1404,PIPE-web,compile_step_3,compile,124.0,16.12,6,136,0.0423,0.6845,9,0,4,428.4,SUCCESS,1,LOW_CACHE_EFFICIENCY,MEDIUM
BUILD-1404,PIPE-worker,checkout_step_4,checkout,27.91,40.58,0,0,1.0,0.9579,10,0,0,191.8,SUCCESS,0,NONE,NONE
BUILD-1405,PIPE-auth,security_scan_step_3,security_scan,74.9,25.01,0,0,1.0,0.4785,18,0,0,525.89,SUCCESS,0,NONE,NONE
BUILD-1405,PIPE-api,integration_test_step_3,integration_test,109.59,44.35,0,0,1.0,0.9254,4,0,3,246.31,SUCCESS,0,NONE,NONE
BUILD-1405,PIPE-worker,security_scan_step_4,security_scan,176.61,51.91,0,0,1.0,0.7331,6,0,0,469.92,SUCCESS,0,NONE,NONE
BUILD-1406,PIPE-ml,build_step_2,build,64.33,432.6,0,149,0.0,0.9888,4,0,0,574.29,SUCCESS,1,QUEUE_BOTTLENECK,CRITICAL
BUILD-1406,PIPE-web,unit_test_step_2,unit_test,67.62,610.75,98,15,0.8673,0.6745,9,1,2,876.51,FAILED,1,QUEUE_BOTTLENECK,HIGH
BUILD-1406,PIPE-web,lint_step_1,lint,46.55,17.71,102,5,0.9533,0.2998,15,0,0,288.66,SUCCESS,0,NONE,NONE
BUILD-1407,PIPE-api,checkout_step_1,checkout,17.68,291.27,0,0,1.0,0.5069,18,0,6,448.17,SUCCESS,0,NONE,NONE
BUILD-1407,PIPE-ml,security_scan_step_2,security_scan,31.31,607.16,0,0,1.0,0.5798,4,1,3,685.34,FAILED,1,QUEUE_BOTTLENECK,HIGH
BUILD-1407,PIPE-worker,dependency_install_step_1,dependency_install,89.07,323.82,2,138,0.0143,0.7045,15,0,0,827.89,SUCCESS,1,QUEUE_BOTTLENECK,CRITICAL
BUILD-1408,PIPE-core,security_scan_step_2,security_scan,60.62,39.38,0,0,1.0,0.5453,4,0,0,164.88,SUCCESS,0,NONE,NONE
BUILD-1408,PIPE-auth,package_step_4,package,12.79,175.93,0,0,1.0,0.2595,15,1,6,271.15,FAILED,0,NONE,NONE
BUILD-1408,PIPE-worker,integration_test_step_3,integration_test,113.79,12.8,0,0,1.0,0.688,12,0,0,529.71,SUCCESS,0,NONE,NONE
BUILD-1409,PIPE-auth,unit_test_step_4,unit_test,74.2,16.37,87,28,0.7565,0.6053,18,0,5,501.67,SUCCESS,0,NONE,LOW
BUILD-1409,PIPE-web,build_step_3,build,107.35,102.13,165,26,0.8639,0.3991,14,0,0,678.79,SUCCESS,0,NONE,NONE
BUILD-1409,PIPE-ml,dependency_install_step_3,dependency_install,73.55,117.64,90,29,0.7563,0.5686,6,0,0,305.01,SUCCESS,0,NONE,NONE
BUILD-1410,PIPE-worker,build_step_1,build,51.74,189.47,115,19,0.8582,0.3554,6,0,0,335.2,SUCCESS,0,NONE,NONE
BUILD-1410,PIPE-web,security_scan_step_3,security_scan,87.75,92.34,0,0,1.0,0.5685,14,0,5,555.22,SUCCESS,0,NONE,NONE
BUILD-1410,PIPE-core,compile_step_4,compile,139.16,512.17,98,24,0.8033,0.937,16,0,0,1319.78,SUCCESS,1,QUEUE_BOTTLENECK,CRITICAL
BUILD-1411,PIPE-core,security_scan_step_3,security_scan,149.01,249.45,0,0,1.0,0.2714,17,0,0,1186.16,SUCCESS,0,NONE,NONE
BUILD-1411,PIPE-core,checkout_step_1,checkout,12.09,179.73,0,0,1.0,0.3311,14,1,2,298.48,FAILED,0,NONE,NONE
BUILD-1411,PIPE-web,security_scan_step_1,security_scan,88.36,27.07,0,0,1.0,0.6581,10,0,0,372.29,SUCCESS,0,NONE,NONE
BUILD-1412,PIPE-ml,integration_test_step_1,integration_test,64.76,15.24,0,0,1.0,0.6525,11,0,0,298.29,SUCCESS,0,NONE,NONE
BUILD-1412,PIPE-worker,lint_step_1,lint,11.22,18.97,139,23,0.858,0.6465,4,0,0,64.71,SUCCESS,0,NONE,LOW
BUILD-1412,PIPE-web,integration_test_step_1,integration_test,39.8,336.08,0,0,1.0,0.5684,14,0,0,589.03,SUCCESS,1,QUEUE_BOTTLENECK,HIGH
BUILD-1413,PIPE-api,integration_test_step_4,integration_test,128.32,656.57,0,0,1.0,0.5088,16,0,0,1429.66,SUCCESS,1,QUEUE_BOTTLENECK,HIGH
BUILD-1413,PIPE-core,checkout_step_2,checkout,17.37,16.49,0,0,1.0,0.6561,4,0,0,94.54,SUCCESS,0,NONE,NONE
BUILD-1413,PIPE-ml,integration_test_step_1,integration_test,119.41,30.91,0,0,1.0,0.9213,12,0,3,547.6,SUCCESS,0,NONE,LOW
BUILD-1414,PIPE-auth,compile_step_1,compile,133.74,67.84,69,8,0.8961,0.5231,7,1,0,415.02,FAILED,0,NONE,NONE
BUILD-1414,PIPE-api,lint_step_1,lint,21.91,79.04,199,29,0.8728,0.5549,15,0,0,250.83,SUCCESS,0,NONE,NONE
BUILD-1414,PIPE-api,dependency_install_step_1,dependency_install,56.51,261.88,160,2,0.9877,0.499,18,0,5,642.37,SUCCESS,0,NONE,LOW
BUILD-1415,PIPE-worker,integration_test_step_4,integration_test,140.73,377.44,0,0,1.0,0.9157,18,0,3,1297.05,SUCCESS,1,QUEUE_BOTTLENECK,CRITICAL
BUILD-1415,PIPE-api,dependency_install_step_2,dependency_install,76.16,487.39,6,97,0.0583,0.1728,12,0,3,837.5,SUCCESS,1,QUEUE_BOTTLENECK,CRITICAL
BUILD-1415,PIPE-auth,unit_test_step_1,unit_test,276.99,60.98,0,0,0.9288,0.6522,4,0,4,491.82,SUCCESS,1,LOW_CACHE_EFFICIENCY,CRITICAL
BUILD-1416,PIPE-ml,compile_step_1,compile,102.53,94.26,131,9,0.9357,0.6286,16,0,0,690.63,SUCCESS,0,NONE,NONE
BUILD-1416,PIPE-api,unit_test_step_1,unit_test,58.61,619.15,16,58,0.2162,0.3659,5,0,3,742.29,SUCCESS,1,QUEUE_BOTTLENECK,CRITICAL
BUILD-1416,PIPE-api,integration_test_step_4,integration_test,132.79,66.19,0,0,1.0,0.5769,7,0,0,450.5,SUCCESS,0,NONE,LOW
BUILD-1417,PIPE-web,lint_step_1,lint,44.74,44.86,145,14,0.9119,0.6625,17,0,6,327.14,SUCCESS,0,NONE,NONE
BUILD-1417,PIPE-auth,build_step_2,build,254.49,13.45,177,26,0.8719,0.9269,13,1,2,1189.72,FAILED,1,SLOW_TASK,CRITICAL
BUILD-1417,PIPE-ml,build_step_2,build,54.01,71.56,8,90,0.0816,0.285,14,0,6,389.42,SUCCESS,0,NONE,NONE
BUILD-1418,PIPE-web,build_step_4,build,160.28,144.15,200,24,0.8929,0.4836,14,0,0,988.6,SUCCESS,0,NONE,NONE
BUILD-1418,PIPE-core,security_scan_step_3,security_scan,205.76,102.47,0,0,1.0,0.7143,5,0,4,510.07,SUCCESS,0,NONE,NONE
BUILD-1418,PIPE-api,compile_step_3,compile,93.86,15.18,139,11,0.9267,0.6804,9,0,5,341.54,SUCCESS,0,NONE,NONE
BUILD-1419,PIPE-api,lint_step_2,lint,9.28,35.79,98,23,0.8099,0.4795,15,0,0,120.37,SUCCESS,0,NONE,NONE
BUILD-1419,PIPE-api,dependency_install_step_3,dependency_install,103.1,17.83,20,146,0.1205,0.6152,18,0,5,686.98,SUCCESS,0,NONE,NONE
BUILD-1419,PIPE-auth,unit_test_step_3,unit_test,219.22,583.13,114,5,0.958,0.702,17,0,4,1903.16,SUCCESS,1,QUEUE_BOTTLENECK,HIGH
BUILD-1420,PIPE-worker,unit_test_step_3,unit_test,90.78,53.44,118,3,0.9752,0.6863,14,0,0,513.88,SUCCESS,0,NONE,NONE
BUILD-1420,PIPE-core,dependency_install_step_1,dependency_install,38.2,40.74,63,3,0.9545,0.3947,8,0,2,190.33,SUCCESS,0,NONE,NONE
BUILD-1420,PIPE-ml,unit_test_step_1,unit_test,172.69,39.24,52,5,0.9123,0.6615,13,0,3,869.88,SUCCESS,0,NONE,NONE
BUILD-1421,PIPE-auth,lint_step_3,lint,26.25,53.11,17,114,0.1298,0.581,7,0,6,151.03,SUCCESS,0,NONE,NONE
BUILD-1421,PIPE-api,checkout_step_3,checkout,18.35,71.88,0,0,1.0,0.9508,7,0,0,151.36,SUCCESS,0,NONE,NONE
BUILD-1421,PIPE-api,build_step_3,build,164.77,549.35,128,15,0.8951,0.7438,13,0,2,1327.23,SUCCESS,0,NONE,NONE
BUILD-1422,PIPE-worker,unit_test_step_4,unit_test,225.99,19.09,55,19,0.7432,0.2199,7,0,0,610.67,SUCCESS,0,NONE,NONE
BUILD-1422,PIPE-web,checkout_step_4,checkout,88.97,84.57,0,0,1.0,0.6018,9,0,0,388.64,SUCCESS,0,NONE,NONE
BUILD-1422,PIPE-api,lint_step_2,lint,88.24,36.56,120,9,0.9302,0.6584,18,0,0,243.77,SUCCESS,0,NONE,LOW
BUILD-1423,PIPE-auth,compile_step_1,compile,109.7,234.99,149,20,0.8817,0.5486,10,1,5,638.57,FAILED,0,NONE,NONE
BUILD-1423,PIPE-core,unit_test_step_3,unit_test,111.64,81.64,116,17,0.8722,0.5299,7,0,0,396.97,SUCCESS,0,NONE,NONE
BUILD-1423,PIPE-core,package_step_3,package,5.0,646.73,0,0,1.0,0.5012,15,0,0,722.94,SUCCESS,1,QUEUE_BOTTLENECK,HIGH
BUILD-1424,PIPE-core,compile_step_3,compile,120.88,71.31,161,10,0.9415,0.2916,6,0,0,367.22,SUCCESS,0,NONE,NONE
BUILD-1424,PIPE-core,integration_test_step_2,integration_test,276.83,308.48,0,0,1.0,0.6877,10,0,0,1326.77,SUCCESS,1,QUEUE_BOTTLENECK,CRITICAL
BUILD-1424,PIPE-api,integration_test_step_1,integration_test,110.91,482.39,0,0,1.0,0.9428,17,0,0,1201.78,SUCCESS,1,QUEUE_BOTTLENECK,CRITICAL
BUILD-1425,PIPE-auth,lint_step_2,lint,21.19,508.79,112,27,0.8058,0.9579,17,0,0,654.18,SUCCESS,1,QUEUE_BOTTLENECK,CRITICAL
BUILD-1425,PIPE-auth,unit_test_step_1,unit_test,116.4,37.45,15,59,0.2027,0.5887,7,0,0,380.77,SUCCESS,1,LOW_CACHE_EFFICIENCY,MEDIUM
BUILD-1425,PIPE-web,unit_test_step_4,unit_test,77.37,587.07,7,60,0.1045,0.5303,16,1,0,1054.23,FAILED,1,QUEUE_BOTTLENECK,CRITICAL
BUILD-1426,PIPE-api,checkout_step_4,checkout,34.73,19.83,0,0,1.0,0.3335,16,0,6,234.39,SUCCESS,0,NONE,NONE
BUILD-1426,PIPE-ml,package_step_3,package,25.47,213.87,0,0,1.0,0.4936,17,0,0,416.11,SUCCESS,0,NONE,NONE
BUILD-1426,PIPE-auth,build_step_2,build,75.46,37.13,19,87,0.1792,0.2848,5,0,4,219.73,SUCCESS,1,LOW_CACHE_EFFICIENCY,MEDIUM
BUILD-1427,PIPE-core,compile_step_2,compile,157.52,35.76,20,136,0.1282,0.953,17,0,4,997.52,SUCCESS,1,LOW_CACHE_EFFICIENCY,CRITICAL
BUILD-1427,PIPE-worker,compile_step_1,compile,177.09,50.51,114,17,0.8702,0.3331,15,0,0,1022.62,SUCCESS,0,NONE,NONE
BUILD-1427,PIPE-core,compile_step_2,compile,109.48,31.49,125,13,0.9058,0.9773,11,0,0,470.24,SUCCESS,0,NONE,LOW
BUILD-1428,PIPE-web,compile_step_4,compile,59.16,683.38,172,4,0.9773,0.3691,7,0,2,869.16,SUCCESS,0,NONE,NONE
BUILD-1428,PIPE-ml,integration_test_step_1,integration_test,147.96,390.34,0,0,1.0,0.3348,12,0,6,1057.5,SUCCESS,1,QUEUE_BOTTLENECK,HIGH
BUILD-1428,PIPE-worker,compile_step_3,compile,162.17,124.22,16,114,0.1231,0.9388,11,0,0,790.58,SUCCESS,1,LOW_CACHE_EFFICIENCY,HIGH
BUILD-1429,PIPE-ml,lint_step_1,lint,8.13,98.5,12,82,0.1277,0.1691,11,0,3,148.03,SUCCESS,1,LOW_CACHE_EFFICIENCY,MEDIUM
BUILD-1429,PIPE-core,integration_test_step_3,integration_test,152.07,242.51,0,0,1.0,0.9214,8,1,5,687.86,FAILED,1,AGENT_UTILISATION,HIGH
BUILD-1429,PIPE-auth,dependency_install_step_2,dependency_install,31.26,39.69,103,2,0.981,0.4899,6,0,0,150.89,SUCCESS,0,NONE,LOW
BUILD-1430,PIPE-worker,build_step_2,build,232.36,30.22,70,23,0.7527,0.2978,18,0,5,1524.01,SUCCESS,1,SLOW_TASK,HIGH
BUILD-1430,PIPE-web,integration_test_step_3,integration_test,82.98,71.94,0,0,1.0,0.5015,6,0,0,284.05,SUCCESS,0,NONE,NONE
BUILD-1430,PIPE-auth,lint_step_2,lint,18.48,11.01,15,74,0.1685,0.3693,12,0,0,124.71,SUCCESS,0,NONE,LOW
BUILD-1431,PIPE-auth,compile_step_3,compile,92.13,621.33,7,148,0.0452,0.5338,18,0,2,1241.56,SUCCESS,1,QUEUE_BOTTLENECK,CRITICAL
BUILD-1431,PIPE-ml,integration_test_step_3,integration_test,192.77,32.48,0,0,1.0,0.768,13,0,5,941.43,SUCCESS,0,NONE,NONE
BUILD-1431,PIPE-ml,checkout_step_3,checkout,20.66,134.68,0,0,1.0,0.9276,10,0,0,224.9,SUCCESS,0,NONE,LOW
BUILD-1432,PIPE-web,dependency_install_step_2,dependency_install,100.22,14.31,151,20,0.883,0.6843,10,0,0,395.2,SUCCESS,0,NONE,NONE
BUILD-1432,PIPE-api,integration_test_step_4,integration_test,145.05,116.83,0,0,1.0,0.9113,5,2,0,394.07,FAILED,0,NONE,NONE
BUILD-1432,PIPE-core,build_step_2,build,257.32,81.16,5,44,0.102,0.9865,17,0,0,1636.28,SUCCESS,1,LOW_CACHE_EFFICIENCY,CRITICAL
BUILD-1433,PIPE-web,security_scan_step_1,security_scan,191.11,370.44,0,0,1.0,0.6626,9,0,2,1031.82,SUCCESS,1,QUEUE_BOTTLENECK,HIGH
BUILD-1433,PIPE-auth,checkout_step_2,checkout,6.82,130.02,0,0,1.0,0.243,17,0,0,186.17,SUCCESS,0,NONE,NONE
BUILD-1433,PIPE-auth,checkout_step_3,checkout,16.25,327.28,0,0,1.0,0.5025,17,0,0,471.42,SUCCESS,1,QUEUE_BOTTLENECK,HIGH
BUILD-1434,PIPE-core,unit_test_step_2,unit_test,111.88,46.1,10,125,0.0741,0.5274,11,0,0,520.77,SUCCESS,0,NONE,NONE
BUILD-1434,PIPE-ml,lint_step_4,lint,54.17,32.21,129,23,0.8487,0.4762,7,0,2,208.61,SUCCESS,0,NONE,NONE
BUILD-1434,PIPE-core,dependency_install_step_4,dependency_install,117.8,408.21,122,26,0.8243,0.573,9,0,2,826.9,SUCCESS,1,QUEUE_BOTTLENECK,HIGH
BUILD-1435,PIPE-ml,security_scan_step_3,security_scan,78.18,232.36,0,0,1.0,0.5297,11,0,4,563.87,SUCCESS,0,NONE,LOW
BUILD-1435,PIPE-core,build_step_3,build,96.49,16.93,168,23,0.8796,0.5466,16,0,4,581.66,SUCCESS,0,NONE,NONE
BUILD-1435,PIPE-ml,unit_test_step_3,unit_test,153.83,41.88,97,2,0.9798,0.4699,6,0,0,399.65,SUCCESS,0,NONE,NONE
BUILD-1436,PIPE-api,checkout_step_2,checkout,79.87,51.99,0,0,1.0,0.3042,8,0,2,317.79,SUCCESS,0,NONE,NONE
BUILD-1436,PIPE-ml,compile_step_3,compile,168.08,29.67,16,65,0.1975,0.6209,9,0,0,580.21,SUCCESS,1,LOW_CACHE_EFFICIENCY,MEDIUM
BUILD-1436,PIPE-web,unit_test_step_2,unit_test,66.37,137.63,60,16,0.7895,0.5222,13,0,0,480.49,SUCCESS,0,NONE,LOW
BUILD-1437,PIPE-web,checkout_step_1,checkout,75.28,14.31,0,0,1.0,0.6619,18,0,0,540.05,SUCCESS,0,NONE,NONE
BUILD-1437,PIPE-auth,compile_step_3,compile,95.34,83.73,59,28,0.6782,0.6832,18,0,3,730.57,SUCCESS,0,NONE,LOW
BUILD-1437,PIPE-worker,compile_step_1,compile,185.63,31.81,120,19,0.8633,0.3584,12,2,0,826.81,FAILED,0,NONE,NONE
BUILD-1438,PIPE-ml,lint_step_1,lint,28.89,70.1,186,23,0.89,0.5128,16,0,0,284.5,SUCCESS,0,NONE,NONE
BUILD-1438,PIPE-web,dependency_install_step_2,dependency_install,128.13,75.26,134,22,0.859,0.6681,11,1,4,876.99,FAILED,1,QUEUE_BOTTLENECK,HIGH
BUILD-1438,PIPE-api,integration_test_step_3,integration_test,78.78,28.34,0,0,1.0,0.535,7,0,0,259.81,SUCCESS,0,NONE,NONE
BUILD-1439,PIPE-auth,security_scan_step_1,security_scan,174.83,588.34,0,0,1.0,0.8202,5,2,4,945.92,FAILED,1,QUEUE_BOTTLENECK,HIGH
BUILD-1439,PIPE-api,dependency_install_step_4,dependency_install,154.53,127.49,186,16,0.9208,0.3346,11,0,2,743.77,SUCCESS,0,NONE,NONE
BUILD-1439,PIPE-worker,lint_step_3,lint,28.42,49.69,72,4,0.9474,0.4943,9,0,0,178.98,SUCCESS,0,NONE,NONE
BUILD-1440,PIPE-ml,compile_step_3,compile,114.35,13.91,160,5,0.9697,0.4281,16,0,5,700.69,SUCCESS,0,NONE,NONE
BUILD-1440,PIPE-ml,security_scan_step_2,security_scan,235.46,25.97,0,0,1.0,0.7908,16,0,4,1380.61,SUCCESS,1,SLOW_TASK,HIGH
BUILD-1440,PIPE-api,build_step_1,build,54.01,99.61,11,42,0.2075,0.4364,18,0,0,495.13,SUCCESS,0,NONE,LOW
BUILD-1441,PIPE-web,build_step_1,build,114.61,377.88,16,111,0.126,0.5198,13,0,0,916.8,SUCCESS,1,QUEUE_BOTTLENECK,CRITICAL
BUILD-1441,PIPE-ml,lint_step_1,lint,34.99,144.94,20,80,0.2,0.618,12,0,0,325.79,SUCCESS,1,LOW_CACHE_EFFICIENCY,MEDIUM
BUILD-1441,PIPE-core,build_step_2,build,172.52,74.21,89,10,0.899,0.4766,10,0,5,720.54,SUCCESS,0,NONE,NONE
BUILD-1442,PIPE-web,unit_test_step_1,unit_test,61.66,45.34,73,29,0.7157,0.9243,12,0,2,360.91,SUCCESS,0,NONE,NONE
BUILD-1442,PIPE-web,compile_step_1,compile,268.11,157.93,2,69,0.0282,0.9209,8,0,0,934.9,SUCCESS,1,LOW_CACHE_EFFICIENCY,CRITICAL
BUILD-1442,PIPE-core,lint_step_3,lint,29.09,278.86,75,30,0.7143,0.3502,18,1,0,512.75,FAILED,0,NONE,NONE
BUILD-1443,PIPE-ml,compile_step_1,compile,168.1,646.88,18,40,0.3103,0.9485,11,1,0,1339.4,FAILED,1,QUEUE_BOTTLENECK,CRITICAL
BUILD-1443,PIPE-worker,integration_test_step_3,integration_test,32.14,593.95,0,0,1.0,0.4011,18,0,6,838.28,SUCCESS,1,QUEUE_BOTTLENECK,HIGH
BUILD-1443,PIPE-ml,build_step_1,build,47.93,13.71,82,7,0.9213,0.8593,17,0,0,320.4,SUCCESS,0,NONE,LOW
BUILD-1444,PIPE-auth,build_step_2,build,139.78,104.01,160,8,0.9524,0.566,10,0,5,616.05,SUCCESS,0,NONE,NONE
BUILD-1444,PIPE-worker,build_step_3,build,40.51,79.48,81,24,0.7714,0.4315,14,2,6,331.41,FAILED,0,NONE,NONE
BUILD-1444,PIPE-web,security_scan_step_2,security_scan,374.1,48.83,0,0,1.0,0.571,14,0,3,1920.17,SUCCESS,1,SLOW_TASK,HIGH
BUILD-1445,PIPE-ml,checkout_step_1,checkout,6.44,58.73,0,0,1.0,0.9367,7,0,3,98.86,SUCCESS,0,NONE,NONE
BUILD-1445,PIPE-ml,checkout_step_1,checkout,56.58,25.94,0,0,1.0,0.5843,6,0,0,183.22,SUCCESS,0,NONE,NONE
BUILD-1445,PIPE-worker,unit_test_step_3,unit_test,227.73,67.16,20,58,0.2564,0.552,9,0,0,802.9,SUCCESS,1,LOW_CACHE_EFFICIENCY,CRITICAL
BUILD-1446,PIPE-api,unit_test_step_3,unit_test,169.95,81.34,160,16,0.9091,0.3383,16,0,0,1072.94,SUCCESS,0,NONE,NONE
BUILD-1446,PIPE-worker,dependency_install_step_3,dependency_install,63.68,445.92,159,26,0.8595,0.9349,16,0,0,860.44,SUCCESS,1,QUEUE_BOTTLENECK,CRITICAL
BUILD-1446,PIPE-web,integration_test_step_4,integration_test,226.48,21.91,0,0,1.0,0.5107,17,0,3,1423.8,SUCCESS,1,SLOW_TASK,HIGH
BUILD-1447,PIPE-worker,build_step_1,build,170.1,132.36,148,9,0.9427,0.4505,12,0,4,897.16,SUCCESS,0,NONE,NONE
BUILD-1447,PIPE-ml,checkout_step_3,checkout,48.86,371.33,0,0,1.0,0.9193,13,0,0,646.87,SUCCESS,1,QUEUE_BOTTLENECK,CRITICAL
BUILD-1447,PIPE-web,lint_step_2,lint,24.93,13.74,50,6,0.8929,0.6418,9,0,4,149.55,SUCCESS,0,NONE,LOW
BUILD-1448,PIPE-api,dependency_install_step_3,dependency_install,31.02,57.63,119,20,0.8561,0.5947,10,0,0,205.22,SUCCESS,0,NONE,NONE
BUILD-1448,PIPE-worker,unit_test_step_2,unit_test,55.88,63.08,136,13,0.9128,0.563,7,0,6,248.99,SUCCESS,0,NONE,LOW
BUILD-1448,PIPE-core,dependency_install_step_2,dependency_install,27.42,25.81,102,16,0.8644,0.6691,15,1,0,203.7,FAILED,0,NONE,NONE
BUILD-1449,PIPE-worker,security_scan_step_2,security_scan,184.6,10.23,0,0,1.0,0.7009,5,1,5,358.97,FAILED,0,NONE,NONE
BUILD-1449,PIPE-web,integration_test_step_4,integration_test,127.1,35.37,0,0,1.0,0.9886,18,0,0,882.99,SUCCESS,0,NONE,NONE
BUILD-1449,PIPE-auth,lint_step_2,lint,12.88,517.27,188,7,0.9641,0.6404,15,0,0,620.78,SUCCESS,0,NONE,NONE
BUILD-1450,PIPE-worker,build_step_1,build,130.68,464.16,197,10,0.9517,0.9852,15,0,0,1196.41,SUCCESS,1,QUEUE_BOTTLENECK,CRITICAL
BUILD-1450,PIPE-ml,dependency_install_step_1,dependency_install,115.43,248.03,120,8,0.9375,0.7271,6,0,3,513.58,SUCCESS,0,NONE,NONE
BUILD-1450,PIPE-web,unit_test_step_4,unit_test,156.63,60.48,3,132,0.0222,0.5855,7,0,0,502.12,SUCCESS,1,LOW_CACHE_EFFICIENCY,MEDIUM
BUILD-1451,PIPE-ml,unit_test_step_1,unit_test,320.52,12.65,12,40,0.2308,0.5498,4,0,0,492.58,SUCCESS,1,LOW_CACHE_EFFICIENCY,CRITICAL
BUILD-1451,PIPE-core,checkout_step_2,checkout,21.77,82.84,0,0,1.0,0.1427,5,0,4,155.18,SUCCESS,0,NONE,NONE
BUILD-1451,PIPE-api,lint_step_2,lint,27.7,46.08,163,10,0.9422,0.3546,13,0,0,210.44,SUCCESS,0,NONE,LOW
BUILD-1452,PIPE-worker,compile_step_4,compile,182.37,66.27,79,27,0.7453,0.6195,18,1,0,1267.14,FAILED,0,NONE,NONE
BUILD-1452,PIPE-core,integration_test_step_4,integration_test,85.44,24.04,0,0,1.0,0.5081,15,0,3,512.82,SUCCESS,0,NONE,NONE
BUILD-1452,PIPE-api,build_step_1,build,172.82,138.91,136,18,0.8831,0.7249,8,0,0,674.57,SUCCESS,0,NONE,LOW
BUILD-1453,PIPE-worker,build_step_2,build,160.71,418.26,72,18,0.8,0.9236,11,1,0,1073.77,FAILED,1,QUEUE_BOTTLENECK,CRITICAL
BUILD-1453,PIPE-auth,checkout_step_3,checkout,42.26,37.3,0,0,1.0,0.4399,17,0,2,308.53,SUCCESS,0,NONE,NONE
BUILD-1453,PIPE-ml,checkout_step_1,checkout,5.0,430.09,0,0,1.0,0.6826,15,0,3,488.76,SUCCESS,0,NONE,NONE
BUILD-1454,PIPE-core,unit_test_step_3,unit_test,88.52,342.87,56,25,0.6914,0.9449,9,0,0,662.89,SUCCESS,1,QUEUE_BOTTLENECK,CRITICAL
BUILD-1454,PIPE-auth,integration_test_step_3,integration_test,146.76,217.31,0,0,1.0,0.9265,17,0,0,1135.0,SUCCESS,0,NONE,NONE
BUILD-1454,PIPE-auth,build_step_1,build,136.82,376.18,123,18,0.8723,0.6355,4,0,0,590.94,SUCCESS,0,NONE,NONE
BUILD-1455,PIPE-core,integration_test_step_1,integration_test,298.39,355.08,0,0,1.0,0.4802,10,0,6,1456.94,SUCCESS,1,QUEUE_BOTTLENECK,CRITICAL
BUILD-1455,PIPE-web,unit_test_step_4,unit_test,190.36,29.82,13,59,0.1806,0.4882,12,0,0,849.93,SUCCESS,1,LOW_CACHE_EFFICIENCY,MEDIUM
BUILD-1455,PIPE-web,compile_step_2,compile,203.1,16.78,60,19,0.7595,0.522,14,0,6,1052.24,SUCCESS,0,NONE,NONE
BUILD-1456,PIPE-auth,unit_test_step_3,unit_test,317.32,41.85,19,139,0.1203,0.4246,17,0,4,1963.77,SUCCESS,1,LOW_CACHE_EFFICIENCY,CRITICAL
BUILD-1456,PIPE-core,build_step_4,build,39.38,13.06,192,18,0.9143,0.5453,8,0,0,148.93,SUCCESS,0,NONE,NONE
BUILD-1456,PIPE-worker,unit_test_step_2,unit_test,112.94,63.17,98,18,0.8448,0.2519,10,0,5,496.37,SUCCESS,0,NONE,NONE
BUILD-1457,PIPE-web,security_scan_step_3,security_scan,136.7,171.36,0,0,1.0,0.597,7,0,6,551.66,SUCCESS,0,NONE,NONE
BUILD-1457,PIPE-core,compile_step_3,compile,99.97,318.37,149,11,0.9313,0.3395,14,0,0,839.44,SUCCESS,1,QUEUE_BOTTLENECK,HIGH
BUILD-1457,PIPE-web,build_step_1,build,125.15,157.88,144,12,0.9231,0.3954,6,0,0,440.62,SUCCESS,0,NONE,LOW
BUILD-1458,PIPE-core,unit_test_step_3,unit_test,109.26,75.26,124,18,0.8732,0.5374,17,0,3,755.86,SUCCESS,0,NONE,NONE
BUILD-1458,PIPE-web,compile_step_2,compile,397.95,47.85,84,16,0.84,0.5275,15,1,0,2156.35,FAILED,0,NONE,LOW
BUILD-1458,PIPE-ml,integration_test_step_3,integration_test,119.85,99.27,0,0,1.0,0.7734,7,0,6,451.04,SUCCESS,0,NONE,NONE
BUILD-1459,PIPE-web,build_step_1,build,74.47,69.77,86,27,0.7611,0.967,5,0,0,229.36,SUCCESS,1,AGENT_UTILISATION,MEDIUM
BUILD-1459,PIPE-core,integration_test_step_2,integration_test,156.77,135.08,0,0,1.0,0.9717,14,0,4,921.16,SUCCESS,0,NONE,NONE
BUILD-1459,PIPE-core,build_step_1,build,173.89,214.36,179,17,0.9133,0.4016,9,0,0,801.08,SUCCESS,0,NONE,NONE
BUILD-1460,PIPE-auth,security_scan_step_1,security_scan,60.75,439.4,0,0,1.0,0.3003,17,1,0,825.47,FAILED,1,QUEUE_BOTTLENECK,HIGH
BUILD-1460,PIPE-auth,dependency_install_step_4,dependency_install,71.17,568.02,19,107,0.1508,0.6092,7,0,0,771.15,SUCCESS,1,QUEUE_BOTTLENECK,CRITICAL
BUILD-1460,PIPE-worker,compile_step_3,compile,117.07,55.07,156,2,0.9873,0.5456,14,0,0,669.2,SUCCESS,0,NONE,NONE
BUILD-1461,PIPE-core,checkout_step_1,checkout,58.62,48.55,0,0,1.0,0.4766,14,0,0,365.47,SUCCESS,0,NONE,NONE
BUILD-1461,PIPE-worker,unit_test_step_3,unit_test,31.82,45.04,154,8,0.9506,0.5543,15,0,0,243.14,SUCCESS,0,NONE,NONE
BUILD-1461,PIPE-api,unit_test_step_3,unit_test,60.22,47.26,8,44,0.1538,0.3462,17,0,0,461.12,SUCCESS,1,LOW_CACHE_EFFICIENCY,MEDIUM
BUILD-1462,PIPE-ml,checkout_step_3,checkout,18.12,11.34,0,0,1.0,0.5393,9,0,2,100.17,SUCCESS,0,NONE,NONE
BUILD-1462,PIPE-core,dependency_install_step_2,dependency_install,18.43,131.59,60,8,0.8824,0.3765,4,0,4,173.18,SUCCESS,0,NONE,LOW
BUILD-1462,PIPE-core,unit_test_step_4,unit_test,358.28,678.23,104,5,0.9541,0.5151,16,0,5,2706.83,TIMED_OUT,1,QUEUE_BOTTLENECK,CRITICAL
BUILD-1463,PIPE-worker,integration_test_step_4,integration_test,281.64,33.99,0,0,1.0,0.3449,16,0,0,1629.05,SUCCESS,0,NONE,NONE
BUILD-1463,PIPE-web,compile_step_1,compile,85.97,327.81,191,2,0.9896,0.7227,11,0,6,674.12,SUCCESS,1,QUEUE_BOTTLENECK,HIGH
BUILD-1463,PIPE-ml,build_step_2,build,29.7,37.49,20,87,0.1869,0.5852,5,1,0,109.94,FAILED,0,NONE,NONE
BUILD-1464,PIPE-ml,checkout_step_1,checkout,23.53,147.27,0,0,1.0,0.6541,13,0,3,305.19,SUCCESS,0,NONE,NONE
BUILD-1464,PIPE-ml,package_step_3,package,14.21,35.89,0,0,1.0,0.43,16,0,0,150.07,SUCCESS,0,NONE,NONE
BUILD-1464,PIPE-auth,integration_test_step_4,integration_test,252.83,101.4,0,0,1.0,0.4966,17,0,0,1658.15,SUCCESS,1,SLOW_TASK,MEDIUM
BUILD-1465,PIPE-ml,security_scan_step_4,security_scan,165.63,675.74,0,0,1.0,0.337,6,0,6,1043.61,SUCCESS,1,QUEUE_BOTTLENECK,HIGH
BUILD-1465,PIPE-api,dependency_install_step_1,dependency_install,140.96,66.56,129,20,0.8658,0.5208,17,0,3,927.27,SUCCESS,0,NONE,NONE
BUILD-1465,PIPE-api,compile_step_2,compile,52.6,51.42,194,19,0.9108,0.5667,4,0,0,178.98,SUCCESS,0,NONE,NONE
BUILD-1466,PIPE-worker,integration_test_step_4,integration_test,78.46,319.96,0,0,1.0,0.7024,4,0,4,483.33,SUCCESS,1,QUEUE_BOTTLENECK,HIGH
BUILD-1466,PIPE-ml,compile_step_2,compile,96.37,90.97,142,22,0.8659,0.3016,12,0,0,540.26,SUCCESS,0,NONE,NONE
BUILD-1466,PIPE-web,lint_step_3,lint,63.25,68.38,80,6,0.9302,0.7623,13,0,0,382.75,SUCCESS,0,NONE,NONE
BUILD-1467,PIPE-api,unit_test_step_3,unit_test,88.34,18.99,8,51,0.1356,0.2397,10,0,0,355.87,SUCCESS,0,NONE,NONE
BUILD-1467,PIPE-api,checkout_step_4,checkout,12.1,43.67,0,0,1.0,0.9415,17,0,6,144.29,SUCCESS,0,NONE,NONE
BUILD-1467,PIPE-web,package_step_1,package,5.0,114.6,0,0,1.0,0.5527,8,0,0,145.97,SUCCESS,0,NONE,NONE
BUILD-1468,PIPE-auth,compile_step_1,compile,113.09,66.78,92,17,0.844,0.5136,4,1,0,249.85,FAILED,0,NONE,NONE
BUILD-1468,PIPE-worker,build_step_4,build,102.11,619.98,12,104,0.1034,0.7329,5,0,2,840.72,SUCCESS,1,QUEUE_BOTTLENECK,CRITICAL
BUILD-1468,PIPE-core,package_step_4,package,5.0,26.72,0,0,1.0,0.6507,8,0,4,90.85,SUCCESS,0,NONE,LOW
BUILD-1469,PIPE-worker,lint_step_2,lint,21.44,82.49,155,22,0.8757,0.9223,15,0,5,216.05,SUCCESS,0,NONE,NONE
BUILD-1469,PIPE-auth,compile_step_2,compile,176.1,313.88,85,25,0.7727,0.566,17,0,2,1418.09,SUCCESS,0,NONE,NONE
BUILD-1469,PIPE-core,lint_step_4,lint,22.79,62.63,148,3,0.9801,0.6956,13,0,0,203.45,SUCCESS,0,NONE,NONE
BUILD-1470,PIPE-worker,build_step_3,build,258.28,480.55,6,98,0.0577,0.4648,18,0,3,2144.73,SUCCESS,1,QUEUE_BOTTLENECK,CRITICAL
BUILD-1470,PIPE-api,compile_step_4,compile,98.9,312.38,70,16,0.814,0.9127,17,0,0,937.57,SUCCESS,1,QUEUE_BOTTLENECK,CRITICAL
BUILD-1470,PIPE-core,integration_test_step_1,integration_test,194.13,49.33,0,0,1.0,0.5663,10,0,0,788.71,SUCCESS,0,NONE,NONE
BUILD-1471,PIPE-worker,integration_test_step_3,integration_test,116.62,80.32,0,0,1.0,0.4721,11,1,0,571.89,FAILED,0,NONE,NONE
BUILD-1471,PIPE-web,integration_test_step_2,integration_test,136.39,77.33,0,0,1.0,0.5845,6,0,2,407.68,SUCCESS,0,NONE,NONE
BUILD-1471,PIPE-web,package_step_2,package,88.24,27.98,0,0,1.0,0.4103,17,0,3,577.83,SUCCESS,0,NONE,NONE
BUILD-1472,PIPE-ml,lint_step_2,lint,44.13,85.66,5,121,0.0397,0.9477,11,0,0,310.0,SUCCESS,1,LOW_CACHE_EFFICIENCY,HIGH
BUILD-1472,PIPE-core,integration_test_step_3,integration_test,96.95,138.53,0,0,1.0,0.5793,6,0,0,373.92,SUCCESS,0,NONE,NONE
BUILD-1472,PIPE-ml,integration_test_step_2,integration_test,210.2,194.21,0,0,1.0,0.5381,7,0,0,732.27,SUCCESS,0,NONE,NONE
BUILD-1473,PIPE-api,integration_test_step_3,integration_test,129.82,112.8,0,0,0.9288,0.477,13,0,6,746.9,SUCCESS,0,NONE,NONE
BUILD-1473,PIPE-ml,unit_test_step_1,unit_test,80.88,199.72,153,29,0.8407,0.5395,7,0,0,417.83,SUCCESS,0,NONE,NONE
BUILD-1473,PIPE-core,unit_test_step_1,unit_test,155.04,113.51,5,63,0.0735,0.4424,9,0,0,625.41,SUCCESS,0,NONE,NONE
BUILD-1474,PIPE-ml,unit_test_step_3,unit_test,49.72,34.53,76,23,0.7677,0.6458,13,0,0,285.65,SUCCESS,0,NONE,NONE
BUILD-1474,PIPE-core,package_step_2,package,15.16,34.89,0,0,1.0,0.3727,11,0,0,115.62,SUCCESS,0,NONE,NONE
BUILD-1474,PIPE-ml,compile_step_4,compile,175.66,79.52,189,29,0.867,0.9623,6,0,0,467.68,SUCCESS,1,AGENT_UTILISATION,MEDIUM
BUILD-1475,PIPE-core,package_step_2,package,46.83,15.33,0,0,1.0,0.5472,15,0,0,302.05,SUCCESS,0,NONE,NONE
BUILD-1475,PIPE-api,compile_step_3,compile,95.78,50.61,191,22,0.8967,0.9111,5,0,0,254.9,SUCCESS,0,NONE,NONE
BUILD-1475,PIPE-core,security_scan_step_4,security_scan,263.89,550.86,0,0,1.0,0.3866,7,0,3,1246.96,SUCCESS,1,QUEUE_BOTTLENECK,CRITICAL
BUILD-1476,PIPE-auth,lint_step_2,lint,29.38,473.29,120,14,0.8955,0.632,13,1,0,622.58,FAILED,0,NONE,NONE
BUILD-1476,PIPE-worker,integration_test_step_4,integration_test,73.5,26.36,0,0,1.0,0.9667,13,0,0,379.6,SUCCESS,1,AGENT_UTILISATION,MEDIUM
BUILD-1476,PIPE-api,lint_step_2,lint,52.33,28.95,176,25,0.8756,0.9603,14,0,3,334.66,SUCCESS,0,NONE,NONE
BUILD-1477,PIPE-api,unit_test_step_3,unit_test,163.43,117.44,142,26,0.8452,0.4745,10,0,0,722.26,SUCCESS,0,NONE,LOW
BUILD-1477,PIPE-ml,dependency_install_step_3,dependency_install,29.44,116.51,10,149,0.0629,0.7232,8,0,0,235.92,SUCCESS,0,NONE,NONE
BUILD-1477,PIPE-api,compile_step_3,compile,152.24,28.45,84,23,0.785,0.4911,13,0,0,758.21,SUCCESS,0,NONE,NONE
BUILD-1478,PIPE-api,integration_test_step_1,integration_test,81.26,85.63,0,0,1.0,0.5698,5,0,4,276.02,SUCCESS,0,NONE,NONE
BUILD-1478,PIPE-worker,dependency_install_step_3,dependency_install,27.85,21.42,93,14,0.8692,0.4424,7,0,0,128.55,SUCCESS,0,NONE,NONE
BUILD-1478,PIPE-web,dependency_install_step_1,dependency_install,66.9,31.87,143,2,0.9862,0.4254,11,0,0,317.81,SUCCESS,0,NONE,NONE
BUILD-1479,PIPE-core,integration_test_step_4,integration_test,103.53,75.26,0,0,1.0,0.3731,8,0,0,422.1,SUCCESS,0,NONE,NONE
BUILD-1479,PIPE-ml,build_step_1,build,56.43,43.44,15,116,0.1145,0.6427,4,0,2,180.24,SUCCESS,0,NONE,NONE
BUILD-1479,PIPE-core,checkout_step_3,checkout,7.63,17.1,0,0,1.0,0.5933,9,0,0,65.34,SUCCESS,0,NONE,NONE
BUILD-1480,PIPE-api,security_scan_step_3,security_scan,184.57,32.46,0,0,1.0,0.4625,10,0,0,698.98,SUCCESS,0,NONE,NONE
BUILD-1480,PIPE-worker,unit_test_step_3,unit_test,89.25,652.83,118,29,0.8027,0.9513,17,0,0,1215.83,SUCCESS,1,QUEUE_BOTTLENECK,CRITICAL
BUILD-1480,PIPE-core,checkout_step_3,checkout,36.91,362.77,0,0,1.0,0.6099,12,0,0,569.0,SUCCESS,1,QUEUE_BOTTLENECK,HIGH
BUILD-1481,PIPE-worker,integration_test_step_2,integration_test,138.39,22.36,0,0,1.0,0.9138,9,0,0,484.38,SUCCESS,0,NONE,NONE
BUILD-1481,PIPE-web,unit_test_step_2,unit_test,62.3,12.58,159,15,0.9138,0.9129,9,0,5,261.25,SUCCESS,0,NONE,NONE
BUILD-1481,PIPE-web,compile_step_2,compile,219.83,334.13,180,12,0.9375,0.5213,18,0,6,1768.41,SUCCESS,1,QUEUE_BOTTLENECK,HIGH
BUILD-1482,PIPE-worker,package_step_3,package,21.12,31.25,0,0,1.0,0.5461,8,0,0,108.9,SUCCESS,0,NONE,NONE
BUILD-1482,PIPE-core,lint_step_4,lint,21.77,38.07,0,45,0.0,0.9319,16,0,0,200.96,SUCCESS,1,LOW_CACHE_EFFICIENCY,HIGH
BUILD-1482,PIPE-api,checkout_step_2,checkout,42.88,691.25,0,0,0.9288,0.7806,18,0,4,1010.83,SUCCESS,1,QUEUE_BOTTLENECK,HIGH
BUILD-1483,PIPE-core,dependency_install_step_3,dependency_install,72.54,69.51,6,121,0.0472,0.6757,12,0,4,406.24,SUCCESS,0,NONE,NONE
BUILD-1483,PIPE-auth,integration_test_step_4,integration_test,138.7,39.14,0,0,1.0,0.3601,11,0,0,606.08,SUCCESS,0,NONE,NONE
BUILD-1483,PIPE-worker,unit_test_step_4,unit_test,114.58,78.61,155,6,0.9627,0.3904,6,0,0,378.4,SUCCESS,0,NONE,NONE
BUILD-1484,PIPE-web,compile_step_1,compile,192.07,25.22,94,24,0.7966,0.4156,17,0,0,1198.82,SUCCESS,0,NONE,NONE
BUILD-1484,PIPE-auth,dependency_install_step_1,dependency_install,85.3,79.63,65,14,0.8228,0.2464,18,0,3,643.04,SUCCESS,0,NONE,NONE
BUILD-1484,PIPE-auth,unit_test_step_1,unit_test,263.28,44.19,153,18,0.8947,0.5387,14,0,0,1357.8,SUCCESS,0,NONE,NONE
BUILD-1485,PIPE-web,compile_step_3,compile,92.62,167.44,84,14,0.8571,0.675,13,0,0,630.35,SUCCESS,0,NONE,NONE
BUILD-1485,PIPE-ml,lint_step_4,lint,36.98,122.38,76,14,0.8444,0.9425,17,0,5,401.72,SUCCESS,0,NONE,NONE
BUILD-1485,PIPE-worker,security_scan_step_2,security_scan,280.77,226.34,0,0,1.0,0.7064,7,0,0,937.32,SUCCESS,1,SLOW_TASK,MEDIUM
BUILD-1486,PIPE-core,compile_step_2,compile,115.47,567.45,104,25,0.8062,0.3962,6,0,0,833.36,SUCCESS,0,NONE,NONE
BUILD-1486,PIPE-auth,checkout_step_3,checkout,15.81,99.53,0,0,1.0,0.5945,7,0,3,196.87,SUCCESS,0,NONE,NONE
BUILD-1486,PIPE-auth,dependency_install_step_3,dependency_install,117.96,248.77,20,99,0.1681,0.5704,18,0,3,1019.99,SUCCESS,1,LOW_CACHE_EFFICIENCY,MEDIUM
BUILD-1487,PIPE-core,integration_test_step_3,integration_test,83.29,63.77,0,0,1.0,0.6792,16,0,5,572.32,SUCCESS,0,NONE,NONE
BUILD-1487,PIPE-auth,unit_test_step_2,unit_test,53.09,35.4,91,3,0.9681,0.5042,14,0,0,340.35,SUCCESS,0,NONE,NONE
BUILD-1487,PIPE-core,dependency_install_step_3,dependency_install,23.17,584.61,182,9,0.9529,0.9683,4,0,3,663.12,SUCCESS,1,QUEUE_BOTTLENECK,CRITICAL
BUILD-1488,PIPE-worker,security_scan_step_1,security_scan,70.76,11.9,0,0,1.0,0.6576,18,1,0,486.59,FAILED,0,NONE,NONE
BUILD-1488,PIPE-ml,build_step_4,build,117.32,64.53,11,125,0.0809,0.7578,6,0,0,348.91,SUCCESS,1,LOW_CACHE_EFFICIENCY,MEDIUM
BUILD-1488,PIPE-core,dependency_install_step_3,dependency_install,134.23,19.86,149,22,0.8713,0.9225,13,0,2,674.38,SUCCESS,0,NONE,NONE
BUILD-1489,PIPE-api,package_step_1,package,49.8,618.99,0,0,1.0,0.9766,13,0,0,900.21,SUCCESS,1,QUEUE_BOTTLENECK,CRITICAL
BUILD-1489,PIPE-ml,compile_step_1,compile,149.72,349.5,8,123,0.0611,0.6344,12,0,2,1014.6,SUCCESS,1,QUEUE_BOTTLENECK,CRITICAL
BUILD-1489,PIPE-auth,unit_test_step_4,unit_test,100.86,451.27,177,4,0.9779,0.5757,5,0,3,657.15,SUCCESS,0,NONE,NONE
BUILD-1490,PIPE-api,dependency_install_step_4,dependency_install,72.03,16.43,85,3,0.9659,0.9352,16,0,5,474.18,SUCCESS,1,AGENT_UTILISATION,MEDIUM
BUILD-1490,PIPE-core,dependency_install_step_2,dependency_install,11.28,495.45,58,16,0.7838,0.9876,9,0,0,559.31,SUCCESS,1,QUEUE_BOTTLENECK,CRITICAL
BUILD-1490,PIPE-api,dependency_install_step_2,dependency_install,186.31,508.07,160,14,0.9195,0.5139,12,1,4,1345.55,FAILED,1,QUEUE_BOTTLENECK,HIGH
BUILD-1491,PIPE-auth,dependency_install_step_3,dependency_install,93.98,571.73,0,141,0.0,0.6586,10,0,2,917.98,SUCCESS,1,QUEUE_BOTTLENECK,CRITICAL
BUILD-1491,PIPE-auth,security_scan_step_2,security_scan,205.01,338.38,0,0,1.0,0.5767,6,1,0,828.29,FAILED,1,QUEUE_BOTTLENECK,HIGH
BUILD-1491,PIPE-api,security_scan_step_3,security_scan,9.89,60.39,0,0,1.0,0.5117,10,0,0,114.58,SUCCESS,0,NONE,NONE
BUILD-1492,PIPE-api,security_scan_step_3,security_scan,174.94,690.37,0,0,1.0,0.7689,11,0,5,1418.87,SUCCESS,1,QUEUE_BOTTLENECK,HIGH
BUILD-1492,PIPE-core,dependency_install_step_2,dependency_install,129.31,16.67,133,19,0.875,0.6678,8,0,0,407.14,SUCCESS,0,NONE,NONE
BUILD-1492,PIPE-core,build_step_2,build,81.65,501.47,63,15,0.8077,0.9763,13,0,0,920.81,SUCCESS,1,QUEUE_BOTTLENECK,CRITICAL
BUILD-1493,PIPE-core,dependency_install_step_1,dependency_install,11.49,22.26,71,15,0.8256,0.4745,13,1,3,111.55,FAILED,0,NONE,NONE
BUILD-1493,PIPE-auth,integration_test_step_1,integration_test,250.92,75.79,0,0,1.0,0.5103,17,0,0,1586.9,SUCCESS,1,SLOW_TASK,MEDIUM
BUILD-1493,PIPE-core,compile_step_3,compile,163.92,623.73,0,118,0.0,0.5451,18,0,0,1703.14,SUCCESS,1,QUEUE_BOTTLENECK,CRITICAL
BUILD-1494,PIPE-ml,unit_test_step_4,unit_test,68.91,23.0,66,13,0.8354,0.7424,14,0,3,384.86,SUCCESS,0,NONE,NONE
BUILD-1494,PIPE-web,unit_test_step_1,unit_test,81.49,576.32,168,15,0.918,0.945,4,0,0,740.32,SUCCESS,1,QUEUE_BOTTLENECK,CRITICAL
BUILD-1494,PIPE-auth,dependency_install_step_2,dependency_install,83.47,669.35,155,19,0.8908,0.573,11,0,3,1045.62,SUCCESS,0,NONE,NONE
BUILD-1495,PIPE-core,integration_test_step_1,integration_test,57.74,20.75,0,0,1.0,0.5679,11,0,0,284.08,SUCCESS,0,NONE,NONE
BUILD-1495,PIPE-web,security_scan_step_4,security_scan,88.43,364.41,0,0,1.0,0.4236,10,0,0,709.46,SUCCESS,0,NONE,NONE
BUILD-1495,PIPE-core,package_step_3,package,7.26,46.32,0,0,1.0,0.583,8,0,2,126.16,SUCCESS,0,NONE,NONE
BUILD-1496,PIPE-core,checkout_step_4,checkout,31.48,102.9,0,0,1.0,0.6152,12,0,0,280.4,SUCCESS,0,NONE,NONE
BUILD-1496,PIPE-worker,checkout_step_1,checkout,40.5,20.5,0,0,1.0,0.5368,14,0,0,250.42,SUCCESS,0,NONE,NONE
BUILD-1496,PIPE-worker,build_step_4,build,354.37,179.87,88,4,0.9565,0.4757,5,0,0,816.32,SUCCESS,1,SLOW_TASK,MEDIUM
BUILD-1497,PIPE-worker,checkout_step_1,checkout,17.16,47.43,0,0,1.0,0.6393,10,0,0,150.08,SUCCESS,0,NONE,LOW
BUILD-1497,PIPE-core,lint_step_1,lint,42.83,236.3,169,5,0.9713,0.6632,4,1,0,345.88,FAILED,0,NONE,NONE
BUILD-1497,PIPE-auth,lint_step_1,lint,26.94,157.93,119,20,0.8561,0.9117,7,0,3,277.57,SUCCESS,0,NONE,LOW
BUILD-1498,PIPE-auth,integration_test_step_1,integration_test,178.72,47.93,0,0,1.0,0.2579,17,0,0,1132.86,SUCCESS,0,NONE,NONE
BUILD-1498,PIPE-auth,package_step_2,package,50.55,155.91,0,0,1.0,0.5292,13,0,6,417.67,SUCCESS,0,NONE,NONE
BUILD-1498,PIPE-web,dependency_install_step_4,dependency_install,25.48,97.64,0,0,0.9288,0.411,11,0,3,220.41,SUCCESS,0,NONE,NONE
BUILD-1499,PIPE-worker,dependency_install_step_3,dependency_install,91.06,245.69,164,27,0.8586,0.931,15,0,0,748.33,SUCCESS,0,NONE,NONE
BUILD-1499,PIPE-ml,dependency_install_step_2,dependency_install,70.37,44.51,0,0,0.9288,0.5136,5,0,0,192.1,SUCCESS,0,NONE,NONE
BUILD-1499,PIPE-ml,lint_step_3,lint,44.43,395.9,189,27,0.875,0.9158,9,0,0,583.06,SUCCESS,1,QUEUE_BOTTLENECK,CRITICAL
BUILD-1500,PIPE-auth,unit_test_step_4,unit_test,251.97,37.6,71,16,0.8161,0.4266,15,0,0,1399.03,SUCCESS,1,SLOW_TASK,MEDIUM
BUILD-1500,PIPE-web,build_step_1,build,126.03,39.17,189,14,0.931,0.4102,8,0,4,411.71,SUCCESS,0,NONE,NONE
BUILD-1500,PIPE-ml,build_step_4,build,95.3,54.4,52,19,0.7324,0.3802,16,1,0,645.47,FAILED,0,NONE,NONE
BUILD-1501,PIPE-web,unit_test_step_1,unit_test,108.49,37.78,6,88,0.0638,0.4534,8,0,0,380.12,SUCCESS,0,NONE,LOW
BUILD-1501,PIPE-api,unit_test_step_4,unit_test,271.9,71.46,92,21,0.8142,0.5852,12,0,0,1255.36,SUCCESS,1,SLOW_TASK,MEDIUM
BUILD-1501,PIPE-worker,integration_test_step_4,integration_test,89.62,38.37,0,0,1.0,0.952,4,0,2,205.82,SUCCESS,0,NONE,NONE
BUILD-1502,PIPE-worker,dependency_install_step_4,dependency_install,191.75,357.47,113,7,0.9417,0.6738,14,0,0,1334.48,SUCCESS,1,QUEUE_BOTTLENECK,HIGH
BUILD-1502,PIPE-web,security_scan_step_3,security_scan,345.89,604.41,0,0,1.0,0.4404,13,0,0,2199.92,SUCCESS,1,QUEUE_BOTTLENECK,CRITICAL
BUILD-1502,PIPE-api,compile_step_1,compile,99.66,194.42,122,28,0.8133,0.7105,10,0,0,602.58,SUCCESS,0,NONE,NONE
BUILD-1503,PIPE-web,unit_test_step_3,unit_test,61.42,75.26,89,19,0.8241,0.8262,10,0,3,750.95,SUCCESS,0,NONE,NONE
BUILD-1503,PIPE-worker,compile_step_2,compile,81.15,717.82,106,10,0.9138,0.6593,12,0,5,1115.77,SUCCESS,1,QUEUE_BOTTLENECK,HIGH
BUILD-1503,PIPE-api,package_step_4,package,18.76,104.95,0,0,1.0,0.446,16,0,2,256.9,SUCCESS,0,NONE,NONE
BUILD-1504,PIPE-core,checkout_step_1,checkout,52.91,87.78,0,0,1.0,0.5448,13,0,6,378.51,SUCCESS,0,NONE,NONE
BUILD-1504,PIPE-api,package_step_2,package,49.81,39.96,0,0,1.0,0.9811,7,0,3,197.89,SUCCESS,0,NONE,NONE
BUILD-1504,PIPE-core,build_step_3,build,33.34,79.35,10,139,0.0671,0.5276,4,0,0,172.26,SUCCESS,1,LOW_CACHE_EFFICIENCY,MEDIUM
BUILD-1505,PIPE-web,unit_test_step_3,unit_test,58.24,474.73,10,123,0.0752,0.9659,7,0,0,661.16,SUCCESS,1,QUEUE_BOTTLENECK,CRITICAL
BUILD-1505,PIPE-worker,unit_test_step_1,unit_test,272.98,72.53,66,26,0.7174,0.468,15,0,0,1557.68,SUCCESS,0,NONE,NONE
BUILD-1505,PIPE-auth,integration_test_step_1,integration_test,47.9,40.15,0,0,1.0,0.4241,12,0,5,287.13,SUCCESS,0,NONE,NONE
BUILD-1506,PIPE-core,lint_step_3,lint,34.29,59.86,146,10,0.9359,0.7294,13,0,0,260.07,SUCCESS,0,NONE,NONE
BUILD-1506,PIPE-auth,unit_test_step_4,unit_test,124.36,17.47,195,11,0.9466,0.1823,17,0,4,811.68,SUCCESS,0,NONE,NONE
BUILD-1506,PIPE-core,dependency_install_step_2,dependency_install,48.17,17.59,64,29,0.6882,0.6052,11,0,0,260.98,SUCCESS,0,NONE,NONE
BUILD-1507,PIPE-core,compile_step_1,compile,216.75,116.99,65,9,0.8784,0.5755,12,0,5,1059.57,SUCCESS,0,NONE,NONE
BUILD-1507,PIPE-worker,package_step_2,package,37.6,309.98,0,0,1.0,0.3094,9,0,0,467.89,SUCCESS,1,QUEUE_BOTTLENECK,HIGH
BUILD-1507,PIPE-core,checkout_step_3,checkout,5.0,44.15,0,0,1.0,0.7612,13,0,0,87.94,SUCCESS,0,NONE,NONE
BUILD-1508,PIPE-ml,build_step_4,build,95.2,16.54,133,27,0.8313,0.3736,6,1,0,257.55,FAILED,0,NONE,NONE
BUILD-1508,PIPE-worker,build_step_4,build,187.05,236.49,57,20,0.7403,0.4874,8,0,6,776.06,SUCCESS,0,NONE,NONE
BUILD-1508,PIPE-core,unit_test_step_2,unit_test,103.39,68.54,153,30,0.8361,0.7336,6,0,4,321.24,SUCCESS,0,NONE,LOW
BUILD-1509,PIPE-worker,integration_test_step_3,integration_test,70.41,28.19,0,0,1.0,0.9259,15,0,0,436.55,SUCCESS,0,NONE,NONE
BUILD-1509,PIPE-api,compile_step_4,compile,25.81,57.26,171,11,0.9396,0.5704,16,0,2,235.03,SUCCESS,0,NONE,NONE
BUILD-1509,PIPE-ml,package_step_1,package,21.16,269.49,0,0,1.0,0.6126,12,0,0,410.97,SUCCESS,0,NONE,NONE
BUILD-1510,PIPE-core,checkout_step_1,checkout,11.44,504.08,0,0,1.0,0.6049,10,0,0,593.99,SUCCESS,1,QUEUE_BOTTLENECK,HIGH
BUILD-1510,PIPE-api,build_step_2,build,147.07,179.31,141,16,0.8981,0.5492,18,1,0,1130.33,FAILED,0,NONE,NONE
BUILD-1510,PIPE-ml,unit_test_step_3,unit_test,93.84,43.9,158,4,0.9753,0.9684,5,0,0,266.57,SUCCESS,1,AGENT_UTILISATION,MEDIUM
BUILD-1511,PIPE-api,security_scan_step_4,security_scan,31.59,82.46,0,0,1.0,0.603,15,0,0,274.07,SUCCESS,0,NONE,LOW
BUILD-1511,PIPE-auth,compile_step_2,compile,58.43,39.29,181,7,0.9628,0.8562,5,0,4,170.4,SUCCESS,0,NONE,NONE
BUILD-1511,PIPE-web,lint_step_3,lint,13.35,515.69,159,10,0.9408,0.239,9,0,0,596.1,SUCCESS,1,QUEUE_BOTTLENECK,HIGH
BUILD-1512,PIPE-api,build_step_1,build,108.99,485.36,89,24,0.7876,0.7282,8,0,0,815.62,SUCCESS,1,QUEUE_BOTTLENECK,HIGH
BUILD-1512,PIPE-worker,security_scan_step_1,security_scan,49.61,114.02,0,0,1.0,0.7031,10,0,3,335.5,SUCCESS,0,NONE,NONE
BUILD-1512,PIPE-core,dependency_install_step_4,dependency_install,36.92,138.65,171,13,0.9293,0.5095,14,0,5,347.36,SUCCESS,0,NONE,NONE
BUILD-1513,PIPE-core,compile_step_2,compile,72.02,608.77,108,12,0.9,0.6699,12,0,0,945.15,SUCCESS,1,QUEUE_BOTTLENECK,HIGH
BUILD-1513,PIPE-web,build_step_3,build,105.74,611.43,76,18,0.8085,0.9719,17,0,2,1282.9,SUCCESS,1,QUEUE_BOTTLENECK,CRITICAL
BUILD-1513,PIPE-worker,compile_step_2,compile,97.65,50.86,142,10,0.9342,0.6142,4,0,0,245.17,SUCCESS,0,NONE,NONE
BUILD-1514,PIPE-core,unit_test_step_2,unit_test,144.09,16.33,77,2,0.9747,0.7384,14,0,0,756.41,SUCCESS,0,NONE,NONE
BUILD-1514,PIPE-auth,dependency_install_step_4,dependency_install,60.32,24.92,115,29,0.7986,0.5563,10,0,6,252.51,SUCCESS,0,NONE,NONE
BUILD-1514,PIPE-api,build_step_1,build,121.38,97.45,173,20,0.8964,0.645,17,0,3,851.03,SUCCESS,0,NONE,NONE
BUILD-1515,PIPE-api,checkout_step_1,checkout,26.89,164.59,0,0,1.0,0.5885,12,0,4,334.64,SUCCESS,0,NONE,NONE
BUILD-1515,PIPE-api,lint_step_2,lint,9.51,18.83,7,70,0.0909,0.7744,5,0,0,92.93,SUCCESS,1,LOW_CACHE_EFFICIENCY,MEDIUM
BUILD-1515,PIPE-auth,unit_test_step_4,unit_test,172.52,102.99,18,66,0.2143,0.6279,12,0,0,848.76,SUCCESS,0,NONE,NONE
BUILD-1516,PIPE-api,dependency_install_step_1,dependency_install,14.57,542.11,5,69,0.0676,0.3435,4,1,0,609.71,FAILED,1,QUEUE_BOTTLENECK,CRITICAL
BUILD-1516,PIPE-worker,unit_test_step_4,unit_test,45.23,624.02,180,28,0.8654,0.6987,14,0,0,880.07,SUCCESS,0,NONE,NONE
BUILD-1516,PIPE-core,checkout_step_1,checkout,11.08,565.31,0,0,1.0,0.3845,10,0,0,644.24,SUCCESS,1,QUEUE_BOTTLENECK,HIGH
BUILD-1517,PIPE-api,build_step_3,build,54.67,97.84,71,20,0.7802,0.4133,4,0,0,225.08,SUCCESS,0,NONE,NONE
BUILD-1517,PIPE-auth,integration_test_step_2,integration_test,184.62,192.03,0,0,1.0,0.706,13,0,2,1076.34,SUCCESS,0,NONE,NONE
BUILD-1517,PIPE-core,unit_test_step_4,unit_test,62.58,99.27,0,0,0.9288,0.7021,13,0,2,421.69,SUCCESS,0,NONE,NONE
BUILD-1518,PIPE-ml,unit_test_step_3,unit_test,222.19,517.28,20,90,0.1818,0.4587,8,0,0,1191.85,SUCCESS,1,QUEUE_BOTTLENECK,CRITICAL
BUILD-1518,PIPE-api,package_step_1,package,26.41,148.46,0,0,1.0,0.5527,5,0,0,238.72,SUCCESS,0,NONE,NONE
BUILD-1518,PIPE-auth,unit_test_step_1,unit_test,140.79,41.48,99,15,0.8684,0.6417,7,0,0,402.32,SUCCESS,0,NONE,NONE
BUILD-1519,PIPE-auth,unit_test_step_4,unit_test,159.09,66.79,185,9,0.9536,0.7231,12,0,0,789.13,SUCCESS,0,NONE,NONE
BUILD-1519,PIPE-ml,security_scan_step_4,security_scan,115.06,51.48,0,0,1.0,0.9695,4,0,3,233.87,SUCCESS,0,NONE,NONE
BUILD-1519,PIPE-auth,unit_test_step_4,unit_test,61.41,312.0,82,2,0.9762,0.6372,6,0,0,487.1,SUCCESS,1,QUEUE_BOTTLENECK,HIGH
BUILD-1520,PIPE-worker,build_step_2,build,134.0,198.72,70,19,0.7865,0.4363,16,0,3,1006.05,SUCCESS,0,NONE,NONE
BUILD-1520,PIPE-worker,unit_test_step_3,unit_test,88.78,15.2,15,98,0.1327,0.5916,5,0,3,190.93,SUCCESS,1,LOW_CACHE_EFFICIENCY,MEDIUM
BUILD-1520,PIPE-core,checkout_step_2,checkout,18.22,19.44,0,0,1.0,0.673,13,0,3,137.91,SUCCESS,0,NONE,NONE
BUILD-1521,PIPE-worker,compile_step_1,compile,263.03,33.51,117,25,0.8239,0.4208,8,0,0,810.22,SUCCESS,0,NONE,NONE
BUILD-1521,PIPE-web,unit_test_step_1,unit_test,117.3,20.34,82,2,0.9762,0.4065,6,0,0,291.42,SUCCESS,0,NONE,LOW
BUILD-1521,PIPE-auth,checkout_step_1,checkout,36.23,328.73,0,0,1.0,0.6894,18,0,2,599.41,SUCCESS,1,QUEUE_BOTTLENECK,HIGH
BUILD-1522,PIPE-worker,dependency_install_step_2,dependency_install,41.57,51.06,95,18,0.8407,0.625,12,0,0,281.66,SUCCESS,0,NONE,NONE
BUILD-1522,PIPE-core,checkout_step_2,checkout,10.82,599.93,0,0,1.0,0.5199,11,0,5,701.56,SUCCESS,1,QUEUE_BOTTLENECK,HIGH
BUILD-1522,PIPE-auth,build_step_3,build,206.28,352.17,11,111,0.0902,0.6166,16,0,0,1533.47,SUCCESS,1,QUEUE_BOTTLENECK,CRITICAL
BUILD-1523,PIPE-core,integration_test_step_4,integration_test,47.7,47.86,0,0,1.0,0.9523,17,0,2,366.9,SUCCESS,0,NONE,NONE
BUILD-1523,PIPE-api,package_step_4,package,5.0,324.65,0,0,1.0,0.3785,7,1,0,356.78,FAILED,1,QUEUE_BOTTLENECK,HIGH
BUILD-1523,PIPE-worker,integration_test_step_1,integration_test,76.14,601.44,0,0,1.0,0.6188,18,0,6,1101.42,SUCCESS,0,NONE,NONE
BUILD-1524,PIPE-web,integration_test_step_3,integration_test,167.55,10.69,0,0,1.0,0.4225,14,0,0,871.52,SUCCESS,0,NONE,NONE
BUILD-1524,PIPE-auth,dependency_install_step_4,dependency_install,30.99,75.26,121,17,0.8768,0.2433,10,0,0,183.94,SUCCESS,0,NONE,NONE
BUILD-1524,PIPE-api,package_step_2,package,23.98,113.19,0,0,1.0,0.3591,5,0,0,172.77,SUCCESS,0,NONE,LOW
BUILD-1525,PIPE-web,checkout_step_3,checkout,74.98,27.88,0,0,1.0,0.6675,10,0,0,348.47,SUCCESS,0,NONE,NONE
BUILD-1525,PIPE-ml,compile_step_3,compile,74.75,155.06,111,12,0.9024,0.7282,6,0,0,331.69,SUCCESS,0,NONE,NONE
BUILD-1525,PIPE-worker,checkout_step_4,checkout,13.18,47.53,0,0,1.0,0.1598,7,0,0,103.34,SUCCESS,0,NONE,NONE
BUILD-1526,PIPE-auth,dependency_install_step_3,dependency_install,106.35,30.59,108,14,0.8852,0.6115,16,0,3,670.0,SUCCESS,0,NONE,NONE
BUILD-1526,PIPE-web,compile_step_4,compile,96.03,81.86,62,14,0.8158,0.4312,13,0,0,547.2,SUCCESS,0,NONE,NONE
BUILD-1526,PIPE-auth,dependency_install_step_1,dependency_install,25.72,15.41,135,30,0.8182,0.7325,5,1,0,93.74,FAILED,0,NONE,NONE
BUILD-1527,PIPE-core,security_scan_step_1,security_scan,249.45,188.83,0,0,1.0,0.9778,5,0,0,681.78,SUCCESS,1,SLOW_TASK,CRITICAL
BUILD-1527,PIPE-worker,checkout_step_1,checkout,39.95,719.12,0,0,1.0,0.5142,15,0,3,958.52,SUCCESS,1,QUEUE_BOTTLENECK,HIGH
BUILD-1527,PIPE-api,integration_test_step_4,integration_test,142.16,73.84,0,0,1.0,0.5595,7,0,2,454.32,SUCCESS,0,NONE,NONE
BUILD-1528,PIPE-core,build_step_2,build,91.96,184.0,194,13,0.9372,0.6719,4,1,0,335.45,FAILED,0,NONE,NONE
BUILD-1528,PIPE-ml,build_step_1,build,186.25,109.23,96,30,0.7619,0.412,16,0,6,1174.82,SUCCESS,0,NONE,NONE
BUILD-1528,PIPE-worker,compile_step_4,compile,127.6,693.96,98,29,0.7717,0.9569,13,0,0,1321.0,SUCCESS,1,QUEUE_BOTTLENECK,CRITICAL
BUILD-1529,PIPE-auth,security_scan_step_1,security_scan,238.32,30.31,0,0,1.0,0.5255,17,1,5,1475.58,FAILED,1,SLOW_TASK,HIGH
BUILD-1529,PIPE-web,package_step_2,package,18.68,26.79,0,0,1.0,0.6483,4,0,3,109.26,SUCCESS,0,NONE,NONE
BUILD-1529,PIPE-core,build_step_4,build,241.24,689.71,122,4,0.9683,0.9419,8,0,0,1394.54,SUCCESS,1,QUEUE_BOTTLENECK,CRITICAL
BUILD-1530,PIPE-auth,integration_test_step_2,integration_test,116.29,43.38,0,0,1.0,0.4856,16,0,0,711.43,SUCCESS,0,NONE,NONE
BUILD-1530,PIPE-core,unit_test_step_1,unit_test,209.16,649.43,174,20,0.8969,0.6273,4,0,4,995.21,SUCCESS,1,QUEUE_BOTTLENECK,HIGH
BUILD-1530,PIPE-core,checkout_step_4,checkout,28.43,28.85,0,0,1.0,0.6568,4,0,0,125.06,SUCCESS,0,NONE,NONE
BUILD-1531,PIPE-ml,security_scan_step_2,security_scan,27.09,59.0,0,0,1.0,0.5679,8,0,0,158.66,SUCCESS,0,NONE,NONE
BUILD-1531,PIPE-core,checkout_step_4,checkout,24.18,31.77,0,0,1.0,0.4232,17,0,4,230.37,SUCCESS,0,NONE,NONE
BUILD-1531,PIPE-core,unit_test_step_4,unit_test,222.39,20.68,12,63,0.16,0.7416,11,0,3,922.77,SUCCESS,1,LOW_CACHE_EFFICIENCY,CRITICAL
BUILD-1532,PIPE-ml,package_step_2,package,41.16,64.14,0,0,1.0,0.3361,9,0,0,235.59,SUCCESS,0,NONE,LOW
BUILD-1532,PIPE-core,integration_test_step_4,integration_test,99.35,113.84,0,0,1.0,0.9128,7,1,0,403.78,FAILED,1,AGENT_UTILISATION,MEDIUM
BUILD-1532,PIPE-auth,integration_test_step_4,integration_test,130.35,49.76,0,0,1.0,0.688,6,0,5,354.65,SUCCESS,0,NONE,NONE
BUILD-1533,PIPE-api,integration_test_step_1,integration_test,156.03,24.03,0,0,1.0,0.6527,18,0,0,1046.68,SUCCESS,0,NONE,NONE
BUILD-1533,PIPE-auth,unit_test_step_2,unit_test,98.7,426.93,158,11,0.9349,0.4648,4,0,2,613.45,SUCCESS,1,QUEUE_BOTTLENECK,HIGH
BUILD-1533,PIPE-core,build_step_2,build,239.49,56.18,97,4,0.9604,0.608,11,0,5,1001.46,SUCCESS,1,SLOW_TASK,HIGH
BUILD-1534,PIPE-core,checkout_step_3,checkout,35.53,93.36,0,0,1.0,0.5558,16,0,3,322.78,SUCCESS,0,NONE,LOW
BUILD-1534,PIPE-auth,security_scan_step_2,security_scan,332.62,534.37,0,0,1.0,0.5387,12,0,0,1947.56,SUCCESS,1,QUEUE_BOTTLENECK,CRITICAL
BUILD-1534,PIPE-ml,checkout_step_3,checkout,27.54,191.37,0,0,1.0,0.5817,16,0,0,382.14,SUCCESS,0,NONE,NONE
BUILD-1535,PIPE-auth,checkout_step_3,checkout,11.45,155.87,0,0,1.0,0.3234,11,0,6,231.8,SUCCESS,0,NONE,LOW
BUILD-1535,PIPE-core,lint_step_3,lint,12.94,307.56,105,4,0.9633,0.6801,10,0,0,403.74,SUCCESS,1,QUEUE_BOTTLENECK,HIGH
BUILD-1535,PIPE-worker,build_step_3,build,295.24,15.95,63,23,0.7326,0.9625,12,0,0,1311.96,SUCCESS,1,SLOW_TASK,CRITICAL
BUILD-1536,PIPE-core,checkout_step_2,checkout,17.62,31.75,0,0,1.0,0.3686,14,0,3,146.59,SUCCESS,0,NONE,LOW
BUILD-1536,PIPE-core,compile_step_4,compile,224.42,28.16,83,25,0.7685,0.3013,15,0,0,1237.06,SUCCESS,1,SLOW_TASK,MEDIUM
BUILD-1536,PIPE-web,integration_test_step_2,integration_test,201.79,113.98,0,0,1.0,0.5805,15,2,3,1202.86,FAILED,0,NONE,NONE
BUILD-1537,PIPE-web,build_step_2,build,64.03,64.94,14,103,0.1197,0.4843,18,0,3,504.18,SUCCESS,1,LOW_CACHE_EFFICIENCY,MEDIUM
BUILD-1537,PIPE-core,build_step_2,build,173.2,195.37,62,15,0.8052,0.4404,7,1,0,647.71,FAILED,0,NONE,LOW
BUILD-1537,PIPE-ml,lint_step_2,lint,7.3,12.1,167,13,0.9278,0.4765,13,0,2,65.46,SUCCESS,0,NONE,NONE
BUILD-1538,PIPE-ml,dependency_install_step_1,dependency_install,49.07,99.31,68,17,0.8,0.6294,17,0,6,442.33,SUCCESS,0,NONE,NONE
BUILD-1538,PIPE-core,compile_step_3,compile,87.89,589.64,91,6,0.9381,0.3935,16,0,2,1108.97,SUCCESS,1,QUEUE_BOTTLENECK,HIGH
BUILD-1538,PIPE-auth,checkout_step_4,checkout,18.84,61.37,0,0,1.0,0.5593,17,0,2,221.37,SUCCESS,0,NONE,NONE
BUILD-1539,PIPE-ml,unit_test_step_2,unit_test,99.46,668.63,150,13,0.9202,0.7657,8,0,0,980.44,SUCCESS,1,QUEUE_BOTTLENECK,HIGH
BUILD-1539,PIPE-web,integration_test_step_4,integration_test,99.3,126.9,0,0,1.0,0.3371,7,0,3,398.17,SUCCESS,0,NONE,NONE
BUILD-1539,PIPE-web,checkout_step_4,checkout,35.3,364.47,0,0,1.0,0.3659,17,0,0,607.29,SUCCESS,0,NONE,NONE
BUILD-1540,PIPE-web,package_step_3,package,11.09,53.75,0,0,1.0,0.7627,6,0,0,93.49,SUCCESS,0,NONE,NONE
BUILD-1540,PIPE-web,compile_step_2,compile,138.56,589.29,181,22,0.8916,0.6538,4,0,0,812.0,SUCCESS,1,QUEUE_BOTTLENECK,HIGH
BUILD-1540,PIPE-ml,integration_test_step_4,integration_test,138.88,645.31,0,0,1.0,0.5299,8,0,0,1054.48,SUCCESS,1,QUEUE_BOTTLENECK,HIGH
BUILD-1541,PIPE-auth,security_scan_step_3,security_scan,106.18,84.52,0,0,1.0,0.4334,16,0,0,732.48,SUCCESS,0,NONE,NONE
BUILD-1541,PIPE-worker,package_step_2,package,65.81,33.06,0,0,1.0,0.6459,9,0,3,274.82,SUCCESS,0,NONE,NONE
BUILD-1541,PIPE-core,lint_step_2,lint,23.16,533.12,143,29,0.8314,0.7401,11,0,0,671.82,SUCCESS,1,QUEUE_BOTTLENECK,HIGH
BUILD-1542,PIPE-web,build_step_4,build,89.41,42.48,118,17,0.8741,0.6982,11,0,0,418.64,SUCCESS,0,NONE,NONE
BUILD-1542,PIPE-ml,lint_step_3,lint,27.07,100.38,111,15,0.881,0.7159,11,0,6,260.9,SUCCESS,0,NONE,NONE
BUILD-1542,PIPE-worker,package_step_1,package,89.53,76.58,0,0,1.0,0.6074,6,1,4,296.88,FAILED,0,NONE,LOW
BUILD-1543,PIPE-ml,build_step_3,build,195.42,11.05,128,18,0.8767,0.9186,9,0,4,654.79,SUCCESS,1,AGENT_UTILISATION,HIGH
BUILD-1543,PIPE-auth,unit_test_step_3,unit_test,132.82,22.99,7,41,0.1458,0.5031,8,0,0,426.59,SUCCESS,0,NONE,NONE
BUILD-1543,PIPE-web,dependency_install_step_1,dependency_install,53.98,263.29,117,22,0.8417,0.5801,7,0,0,455.4,SUCCESS,0,NONE,NONE
BUILD-1544,PIPE-web,lint_step_3,lint,14.45,42.34,165,20,0.8919,0.2506,14,0,0,143.51,SUCCESS,0,NONE,NONE
BUILD-1544,PIPE-core,checkout_step_1,checkout,21.44,21.12,0,0,1.0,0.6482,9,0,4,109.16,SUCCESS,0,NONE,NONE
BUILD-1544,PIPE-worker,checkout_step_3,checkout,24.08,49.05,0,0,1.0,0.4468,17,0,0,247.19,SUCCESS,0,NONE,NONE
BUILD-1545,PIPE-auth,lint_step_3,lint,19.84,70.92,177,3,0.9833,0.9672,7,0,0,151.3,SUCCESS,1,AGENT_UTILISATION,MEDIUM
BUILD-1545,PIPE-ml,checkout_step_4,checkout,49.37,14.36,0,0,1.0,0.5271,17,0,0,335.41,SUCCESS,0,NONE,NONE
BUILD-1545,PIPE-worker,unit_test_step_3,unit_test,37.57,14.92,0,54,0.0,0.3151,4,0,0,118.63,SUCCESS,1,LOW_CACHE_EFFICIENCY,MEDIUM
BUILD-1546,PIPE-ml,compile_step_2,compile,138.38,194.43,66,2,0.9706,0.4516,9,0,0,661.78,SUCCESS,0,NONE,LOW
BUILD-1546,PIPE-api,unit_test_step_2,unit_test,91.83,106.53,5,80,0.0588,0.6763,17,0,4,675.03,SUCCESS,0,NONE,NONE
BUILD-1546,PIPE-auth,security_scan_step_1,security_scan,142.06,133.71,0,0,1.0,0.4985,10,0,3,690.26,SUCCESS,0,NONE,NONE
BUILD-1547,PIPE-api,dependency_install_step_4,dependency_install,92.56,15.2,89,18,0.8318,0.4021,6,0,0,253.89,SUCCESS,0,NONE,NONE
BUILD-1547,PIPE-ml,build_step_2,build,308.05,21.95,140,28,0.8333,0.2828,14,0,3,1555.6,SUCCESS,1,SLOW_TASK,HIGH
BUILD-1547,PIPE-ml,security_scan_step_4,security_scan,247.05,186.55,0,0,1.0,0.6143,18,0,4,1770.42,SUCCESS,1,SLOW_TASK,HIGH
BUILD-1548,PIPE-worker,security_scan_step_2,security_scan,63.99,12.73,0,0,1.0,0.587,7,0,2,194.46,SUCCESS,0,NONE,NONE
BUILD-1548,PIPE-core,build_step_4,build,111.29,364.84,19,103,0.1557,0.5715,5,0,0,610.13,SUCCESS,1,QUEUE_BOTTLENECK,CRITICAL
BUILD-1548,PIPE-api,unit_test_step_1,unit_test,88.94,646.21,12,52,0.1875,0.5477,17,0,6,1209.48,SUCCESS,1,QUEUE_BOTTLENECK,CRITICAL
BUILD-1549,PIPE-ml,integration_test_step_2,integration_test,126.12,39.84,0,0,1.0,0.5627,11,0,4,558.69,SUCCESS,0,NONE,NONE
BUILD-1549,PIPE-web,lint_step_4,lint,19.23,28.89,117,6,0.9512,0.9802,7,0,3,110.63,SUCCESS,0,NONE,NONE
BUILD-1549,PIPE-auth,checkout_step_1,checkout,5.19,29.52,0,0,1.0,0.3139,6,0,0,90.16,SUCCESS,0,NONE,NONE
BUILD-1550,PIPE-ml,lint_step_2,lint,8.77,641.28,153,3,0.9808,0.3539,17,0,4,733.46,SUCCESS,1,QUEUE_BOTTLENECK,HIGH
BUILD-1550,PIPE-ml,checkout_step_4,checkout,62.49,81.58,0,0,1.0,0.826,16,0,2,478.87,SUCCESS,0,NONE,NONE
BUILD-1550,PIPE-web,unit_test_step_4,unit_test,188.24,135.8,51,17,0.75,0.6691,7,0,0,641.57,SUCCESS,0,NONE,NONE
BUILD-1551,PIPE-web,dependency_install_step_1,dependency_install,217.11,75.26,152,23,0.8686,0.9356,16,0,0,1528.58,SUCCESS,1,AGENT_UTILISATION,MEDIUM
BUILD-1551,PIPE-ml,unit_test_step_3,unit_test,182.34,227.58,120,27,0.8163,0.5964,9,0,0,849.22,SUCCESS,0,NONE,NONE
BUILD-1551,PIPE-ml,checkout_step_1,checkout,29.99,10.02,0,0,1.0,0.4903,5,1,0,98.77,FAILED,0,NONE,NONE
BUILD-1552,PIPE-web,unit_test_step_1,unit_test,82.13,12.97,197,25,0.8874,0.6546,7,0,0,253.7,SUCCESS,0,NONE,NONE
BUILD-1552,PIPE-core,unit_test_step_1,unit_test,119.49,47.82,5,95,0.05,0.3877,14,1,0,659.73,FAILED,0,NONE,NONE
BUILD-1552,PIPE-core,dependency_install_step_1,dependency_install,123.44,664.15,6,113,0.0504,0.7244,15,0,6,1363.65,SUCCESS,1,QUEUE_BOTTLENECK,CRITICAL
BUILD-1553,PIPE-auth,integration_test_step_4,integration_test,253.1,676.61,0,0,1.0,0.7929,11,0,0,1691.56,SUCCESS,1,QUEUE_BOTTLENECK,CRITICAL
BUILD-1553,PIPE-api,checkout_step_2,checkout,43.61,564.27,0,0,1.0,0.5492,14,0,6,837.81,SUCCESS,1,QUEUE_BOTTLENECK,HIGH
BUILD-1553,PIPE-auth,unit_test_step_4,unit_test,122.78,18.89,110,28,0.7971,0.5865,7,0,0,338.03,SUCCESS,0,NONE,NONE
BUILD-1554,PIPE-web,dependency_install_step_1,dependency_install,57.3,227.33,129,8,0.9416,0.98,12,0,0,522.41,SUCCESS,0,NONE,NONE
BUILD-1554,PIPE-core,dependency_install_step_2,dependency_install,36.78,628.06,0,139,0.0,0.6482,16,0,0,893.61,SUCCESS,1,QUEUE_BOTTLENECK,CRITICAL
BUILD-1554,PIPE-worker,lint_step_3,lint,35.83,143.12,50,6,0.8929,0.572,12,0,0,339.66,SUCCESS,0,NONE,NONE
BUILD-1555,PIPE-worker,unit_test_step_4,unit_test,108.78,54.25,72,15,0.8276,0.795,10,0,0,451.99,SUCCESS,0,NONE,NONE
BUILD-1555,PIPE-web,checkout_step_4,checkout,25.6,35.87,0,0,1.0,0.6821,7,0,0,131.5,SUCCESS,0,NONE,NONE
BUILD-1555,PIPE-auth,unit_test_step_2,unit_test,114.02,27.33,78,30,0.7222,0.7237,14,0,4,623.83,SUCCESS,0,NONE,NONE
BUILD-1556,PIPE-ml,unit_test_step_4,unit_test,211.57,165.46,11,54,0.1692,0.5299,6,0,3,627.32,SUCCESS,1,LOW_CACHE_EFFICIENCY,HIGH
BUILD-1556,PIPE-core,build_step_3,build,120.87,76.57,193,28,0.8733,0.3756,9,0,5,512.55,SUCCESS,0,NONE,NONE
BUILD-1556,PIPE-web,lint_step_3,lint,24.53,110.0,115,27,0.8099,0.9658,18,0,0,295.5,SUCCESS,0,NONE,NONE
BUILD-1557,PIPE-api,lint_step_2,lint,86.36,67.09,116,10,0.9206,0.7281,8,0,0,332.8,SUCCESS,0,NONE,NONE
BUILD-1557,PIPE-auth,lint_step_2,lint,99.96,466.1,10,104,0.0877,0.6417,13,0,6,955.7,SUCCESS,1,QUEUE_BOTTLENECK,CRITICAL
BUILD-1557,PIPE-ml,lint_step_3,lint,17.42,658.34,0,137,0.0,0.7361,6,1,5,717.01,FAILED,1,QUEUE_BOTTLENECK,CRITICAL
BUILD-1558,PIPE-core,unit_test_step_3,unit_test,38.77,84.83,99,11,0.9,0.4631,16,0,0,342.12,SUCCESS,0,NONE,NONE
BUILD-1558,PIPE-api,checkout_step_1,checkout,79.27,567.17,0,0,1.0,0.4923,10,0,6,903.51,SUCCESS,1,QUEUE_BOTTLENECK,HIGH
BUILD-1558,PIPE-api,integration_test_step_1,integration_test,116.03,445.32,0,0,1.0,0.5758,9,0,5,840.49,SUCCESS,0,NONE,NONE
BUILD-1559,PIPE-worker,build_step_4,build,77.19,266.23,170,2,0.9884,0.624,10,0,0,574.66,SUCCESS,0,NONE,NONE
BUILD-1559,PIPE-core,compile_step_3,compile,73.39,62.64,10,90,0.1,0.6436,5,1,0,228.62,FAILED,1,LOW_CACHE_EFFICIENCY,MEDIUM
BUILD-1559,PIPE-auth,unit_test_step_2,unit_test,43.93,60.84,13,60,0.1781,0.4501,15,0,5,308.54,SUCCESS,0,NONE,NONE
BUILD-1560,PIPE-web,unit_test_step_1,unit_test,69.87,402.9,165,24,0.873,0.3769,12,0,0,752.91,SUCCESS,1,QUEUE_BOTTLENECK,HIGH
BUILD-1560,PIPE-auth,lint_step_1,lint,7.89,212.75,130,24,0.8442,0.7183,6,0,0,277.38,SUCCESS,0,NONE,NONE
BUILD-1560,PIPE-api,build_step_1,build,141.76,22.24,0,0,0.9288,0.7532,11,0,4,596.14,SUCCESS,0,NONE,LOW
BUILD-1561,PIPE-api,unit_test_step_3,unit_test,173.4,22.96,17,118,0.1259,0.7169,10,0,0,682.88,SUCCESS,0,NONE,NONE
BUILD-1561,PIPE-api,dependency_install_step_2,dependency_install,34.43,165.36,7,41,0.1458,0.9502,6,0,3,282.19,SUCCESS,1,LOW_CACHE_EFFICIENCY,HIGH
BUILD-1561,PIPE-core,compile_step_2,compile,292.37,36.98,162,4,0.9759,0.6456,5,0,0,580.21,SUCCESS,1,SLOW_TASK,MEDIUM
BUILD-1562,PIPE-core,unit_test_step_4,unit_test,304.34,320.02,138,26,0.8415,0.3938,7,0,4,1113.46,SUCCESS,1,QUEUE_BOTTLENECK,CRITICAL
BUILD-1562,PIPE-api,checkout_step_2,checkout,36.82,167.01,0,0,1.0,0.3315,12,0,2,345.55,SUCCESS,0,NONE,NONE
BUILD-1562,PIPE-ml,build_step_2,build,239.01,573.45,167,4,0.9766,0.7551,16,0,0,1944.16,SUCCESS,1,QUEUE_BOTTLENECK,CRITICAL
BUILD-1563,PIPE-core,checkout_step_2,checkout,44.7,58.02,0,0,1.0,0.6189,6,0,5,170.49,SUCCESS,0,NONE,NONE
BUILD-1563,PIPE-web,security_scan_step_4,security_scan,121.43,13.88,0,0,1.0,0.4878,17,0,0,763.11,SUCCESS,0,NONE,NONE
BUILD-1563,PIPE-web,unit_test_step_2,unit_test,103.45,42.16,11,121,0.0833,0.6842,12,0,0,518.11,SUCCESS,0,NONE,NONE
BUILD-1564,PIPE-api,compile_step_1,compile,97.53,341.64,60,27,0.6897,0.6793,16,0,0,945.51,SUCCESS,0,NONE,NONE
BUILD-1564,PIPE-web,build_step_2,build,139.74,57.2,98,16,0.8596,0.6265,5,0,2,328.06,SUCCESS,0,NONE,NONE
BUILD-1564,PIPE-worker,package_step_1,package,47.9,44.63,0,0,1.0,0.3008,15,0,0,353.9,SUCCESS,0,NONE,LOW
BUILD-1565,PIPE-core,unit_test_step_1,unit_test,248.74,49.31,59,27,0.686,0.6115,7,0,0,696.05,SUCCESS,1,SLOW_TASK,MEDIUM
BUILD-1565,PIPE-auth,integration_test_step_3,integration_test,106.78,598.88,0,0,1.0,0.4602,18,0,3,1319.38,SUCCESS,1,QUEUE_BOTTLENECK,HIGH
BUILD-1565,PIPE-api,build_step_4,build,64.06,28.28,192,16,0.9231,0.3634,4,0,3,159.91,SUCCESS,0,NONE,NONE
BUILD-1566,PIPE-ml,compile_step_3,compile,62.52,91.7,99,8,0.9252,0.3766,4,0,3,225.53,SUCCESS,0,NONE,NONE
BUILD-1566,PIPE-worker,build_step_1,build,222.44,42.65,177,18,0.9077,0.5288,18,0,3,1501.22,SUCCESS,1,SLOW_TASK,HIGH
BUILD-1566,PIPE-core,build_step_4,build,145.18,44.14,68,21,0.764,0.4874,9,0,0,519.82,SUCCESS,0,NONE,NONE
BUILD-1567,PIPE-api,unit_test_step_2,unit_test,193.79,322.94,131,15,0.8973,0.4619,6,0,3,747.98,SUCCESS,1,QUEUE_BOTTLENECK,HIGH
BUILD-1567,PIPE-api,build_step_2,build,123.59,403.59,12,84,0.125,0.8145,6,0,0,714.83,SUCCESS,1,QUEUE_BOTTLENECK,CRITICAL
BUILD-1567,PIPE-auth,security_scan_step_2,security_scan,30.02,459.56,0,0,1.0,0.4438,5,0,0,550.06,SUCCESS,0,NONE,NONE
BUILD-1568,PIPE-core,dependency_install_step_3,dependency_install,32.25,46.84,198,14,0.934,0.4923,7,0,5,154.44,SUCCESS,0,NONE,NONE
BUILD-1568,PIPE-auth,security_scan_step_2,security_scan,268.85,404.2,0,0,1.0,0.8168,9,0,6,1271.32,SUCCESS,1,QUEUE_BOTTLENECK,CRITICAL
BUILD-1568,PIPE-web,checkout_step_2,checkout,50.19,53.82,0,0,1.0,0.4324,12,0,6,312.0,SUCCESS,0,NONE,NONE
BUILD-1569,PIPE-api,security_scan_step_2,security_scan,156.81,535.1,0,0,1.0,0.2397,6,0,0,922.66,SUCCESS,1,QUEUE_BOTTLENECK,HIGH
BUILD-1569,PIPE-core,unit_test_step_3,unit_test,247.83,21.41,78,24,0.7647,0.7771,6,0,0,584.45,SUCCESS,1,SLOW_TASK,MEDIUM
BUILD-1569,PIPE-worker,compile_step_1,compile,109.23,575.36,185,12,0.9391,0.5674,12,1,4,1053.24,FAILED,1,QUEUE_BOTTLENECK,HIGH
BUILD-1570,PIPE-api,lint_step_1,lint,9.32,704.93,195,18,0.9155,0.4733,11,0,4,792.51,SUCCESS,1,QUEUE_BOTTLENECK,HIGH
BUILD-1570,PIPE-auth,compile_step_4,compile,192.66,161.59,152,25,0.8588,0.4417,15,0,4,1201.5,SUCCESS,0,NONE,NONE
BUILD-1570,PIPE-core,integration_test_step_4,integration_test,91.48,98.69,0,0,1.0,0.5575,7,0,4,369.25,SUCCESS,0,NONE,NONE
BUILD-1571,PIPE-web,unit_test_step_1,unit_test,167.01,40.48,180,30,0.8571,0.4833,17,0,0,1065.59,SUCCESS,0,NONE,NONE
BUILD-1571,PIPE-api,lint_step_4,lint,16.88,47.31,121,20,0.8582,0.4708,5,0,2,120.71,SUCCESS,0,NONE,LOW
BUILD-1571,PIPE-worker,unit_test_step_1,unit_test,253.39,84.88,50,3,0.9434,0.9871,18,0,6,1705.92,SUCCESS,1,SLOW_TASK,CRITICAL
BUILD-1572,PIPE-worker,dependency_install_step_1,dependency_install,70.02,523.25,133,27,0.8313,0.3522,7,0,0,717.99,SUCCESS,0,NONE,LOW
BUILD-1572,PIPE-web,integration_test_step_2,integration_test,104.15,66.57,0,0,1.0,0.4237,13,0,0,581.28,SUCCESS,0,NONE,LOW
BUILD-1572,PIPE-worker,unit_test_step_4,unit_test,295.84,417.71,161,9,0.9471,0.568,6,0,6,1071.78,SUCCESS,1,QUEUE_BOTTLENECK,CRITICAL
BUILD-1573,PIPE-auth,build_step_2,build,236.75,37.85,71,18,0.7978,0.7181,5,0,0,489.36,SUCCESS,1,SLOW_TASK,MEDIUM
BUILD-1573,PIPE-worker,dependency_install_step_4,dependency_install,86.32,453.79,128,26,0.8312,0.9212,5,0,0,634.51,SUCCESS,1,QUEUE_BOTTLENECK,CRITICAL
BUILD-1573,PIPE-api,build_step_2,build,173.7,517.25,180,25,0.878,0.6902,9,0,0,1107.65,SUCCESS,1,QUEUE_BOTTLENECK,HIGH
BUILD-1574,PIPE-core,unit_test_step_3,unit_test,148.36,67.54,55,14,0.7971,0.7423,11,0,4,669.1,SUCCESS,0,NONE,NONE
BUILD-1574,PIPE-api,checkout_step_1,checkout,23.45,73.98,0,0,1.0,0.5455,7,0,0,159.8,SUCCESS,0,NONE,NONE
BUILD-1574,PIPE-worker,dependency_install_step_1,dependency_install,142.11,92.17,198,29,0.8722,0.7688,7,0,0,485.21,SUCCESS,0,NONE,NONE
BUILD-1575,PIPE-ml,checkout_step_2,checkout,21.32,15.41,0,0,1.0,0.5532,15,0,3,183.77,SUCCESS,0,NONE,NONE
BUILD-1575,PIPE-web,integration_test_step_1,integration_test,132.11,612.68,0,0,1.0,0.4763,8,0,0,1039.31,SUCCESS,1,QUEUE_BOTTLENECK,HIGH
BUILD-1575,PIPE-api,compile_step_2,compile,78.64,47.84,52,26,0.6667,0.2998,8,0,0,316.13,SUCCESS,0,NONE,NONE
BUILD-1576,PIPE-ml,unit_test_step_4,unit_test,393.77,29.16,127,4,0.9695,0.6364,13,0,0,1859.07,SUCCESS,1,SLOW_TASK,MEDIUM
BUILD-1576,PIPE-auth,lint_step_4,lint,26.97,26.0,115,19,0.8582,0.6445,13,0,6,171.95,SUCCESS,0,NONE,NONE
BUILD-1576,PIPE-auth,lint_step_3,lint,56.89,501.44,123,28,0.8146,0.4864,14,0,0,818.57,SUCCESS,0,NONE,NONE
BUILD-1577,PIPE-core,package_step_3,package,25.19,22.67,0,0,1.0,0.6532,8,2,0,119.03,FAILED,0,NONE,NONE
BUILD-1577,PIPE-auth,lint_step_1,lint,68.07,156.22,1,60,0.0164,0.5685,11,1,6,462.45,FAILED,0,NONE,NONE
BUILD-1577,PIPE-core,checkout_step_2,checkout,44.95,41.96,0,0,1.0,0.4673,9,0,6,225.03,SUCCESS,0,NONE,NONE
BUILD-1578,PIPE-api,build_step_1,build,49.28,212.25,188,19,0.9082,0.4685,13,0,0,466.59,SUCCESS,0,NONE,NONE
BUILD-1578,PIPE-auth,compile_step_2,compile,200.18,648.67,164,27,0.8586,0.5455,4,1,4,986.69,FAILED,1,QUEUE_BOTTLENECK,HIGH
BUILD-1578,PIPE-web,security_scan_step_4,security_scan,132.68,589.99,0,0,1.0,0.4229,16,0,4,1362.94,SUCCESS,1,QUEUE_BOTTLENECK,HIGH
BUILD-1579,PIPE-worker,compile_step_3,compile,85.62,25.03,14,109,0.1138,0.3464,18,0,0,583.0,SUCCESS,0,NONE,NONE
BUILD-1579,PIPE-worker,build_step_1,build,133.77,61.9,91,15,0.8585,0.4868,16,1,3,858.52,FAILED,0,NONE,NONE
BUILD-1579,PIPE-ml,dependency_install_step_2,dependency_install,29.69,12.47,114,6,0.95,0.5342,4,0,3,99.57,SUCCESS,0,NONE,NONE
BUILD-1580,PIPE-worker,lint_step_3,lint,51.93,461.02,146,6,0.9605,0.5502,6,0,0,616.01,SUCCESS,1,QUEUE_BOTTLENECK,HIGH
BUILD-1580,PIPE-worker,build_step_2,build,43.21,30.33,95,7,0.9314,0.4397,6,2,4,149.44,FAILED,0,NONE,NONE
BUILD-1580,PIPE-core,compile_step_3,compile,67.47,160.41,188,11,0.9447,0.6882,9,0,3,398.17,SUCCESS,0,NONE,LOW
BUILD-1581,PIPE-api,unit_test_step_3,unit_test,40.6,613.67,85,11,0.8854,0.798,9,0,0,784.07,SUCCESS,1,QUEUE_BOTTLENECK,HIGH
BUILD-1581,PIPE-auth,checkout_step_2,checkout,20.63,89.16,0,0,1.0,0.5679,5,0,0,179.08,SUCCESS,0,NONE,NONE
BUILD-1581,PIPE-ml,dependency_install_step_4,dependency_install,36.26,38.59,119,19,0.8623,0.4984,15,0,4,284.35,SUCCESS,0,NONE,NONE
BUILD-1582,PIPE-api,dependency_install_step_3,dependency_install,87.24,321.89,85,24,0.7798,0.6329,5,0,4,519.33,SUCCESS,1,QUEUE_BOTTLENECK,HIGH
BUILD-1582,PIPE-auth,checkout_step_1,checkout,13.37,481.4,0,0,1.0,0.5346,12,0,2,566.73,SUCCESS,1,QUEUE_BOTTLENECK,HIGH
BUILD-1582,PIPE-web,unit_test_step_3,unit_test,57.05,29.48,143,22,0.8667,0.422,16,0,0,380.39,SUCCESS,0,NONE,NONE
BUILD-1583,PIPE-ml,compile_step_4,compile,122.37,666.18,196,16,0.9245,0.5936,8,0,3,1067.57,SUCCESS,1,QUEUE_BOTTLENECK,HIGH
BUILD-1583,PIPE-worker,unit_test_step_1,unit_test,158.37,24.67,6,93,0.0606,0.9812,16,1,6,967.57,FAILED,1,LOW_CACHE_EFFICIENCY,CRITICAL
BUILD-1583,PIPE-auth,package_step_4,package,37.47,80.47,0,0,1.0,0.4879,12,0,0,286.32,SUCCESS,0,NONE,LOW
BUILD-1584,PIPE-api,unit_test_step_4,unit_test,110.27,87.55,192,15,0.9275,0.3073,14,1,5,672.4,FAILED,0,NONE,NONE
BUILD-1584,PIPE-worker,compile_step_2,compile,224.17,133.63,173,27,0.865,0.5547,12,1,0,1093.31,FAILED,1,SLOW_TASK,MEDIUM
BUILD-1584,PIPE-core,compile_step_4,compile,51.41,40.81,147,17,0.8963,0.9354,11,0,5,277.86,SUCCESS,1,AGENT_UTILISATION,MEDIUM
BUILD-1585,PIPE-auth,build_step_3,build,208.2,118.96,84,20,0.8077,0.5743,8,0,4,755.88,SUCCESS,0,NONE,LOW
BUILD-1585,PIPE-auth,integration_test_step_1,integration_test,65.37,91.63,0,0,1.0,0.9843,12,0,2,417.05,SUCCESS,0,NONE,NONE
BUILD-1585,PIPE-api,lint_step_3,lint,30.37,707.07,188,21,0.8995,0.5064,12,0,0,862.47,SUCCESS,1,QUEUE_BOTTLENECK,HIGH
BUILD-1586,PIPE-worker,compile_step_3,compile,39.44,111.23,167,20,0.893,0.6735,6,0,0,223.67,SUCCESS,0,NONE,NONE
BUILD-1586,PIPE-web,integration_test_step_3,integration_test,195.79,132.51,0,0,1.0,0.9487,12,0,3,1007.3,SUCCESS,1,AGENT_UTILISATION,HIGH
BUILD-1586,PIPE-core,unit_test_step_4,unit_test,152.4,58.14,68,28,0.7083,0.9272,12,0,0,745.56,SUCCESS,0,NONE,NONE
BUILD-1587,PIPE-core,unit_test_step_3,unit_test,77.16,169.61,117,12,0.907,0.3943,16,0,3,625.88,SUCCESS,0,NONE,NONE
BUILD-1587,PIPE-worker,package_step_1,package,16.44,499.8,0,0,1.0,0.5209,14,1,0,625.67,FAILED,1,QUEUE_BOTTLENECK,HIGH
BUILD-1587,PIPE-web,lint_step_1,lint,60.18,215.77,175,28,0.8621,0.5528,8,0,2,426.97,SUCCESS,0,NONE,NONE
BUILD-1588,PIPE-auth,integration_test_step_2,integration_test,36.21,20.06,0,0,1.0,0.7387,13,1,6,228.74,FAILED,0,NONE,NONE
BUILD-1588,PIPE-worker,integration_test_step_2,integration_test,153.44,29.26,0,0,1.0,0.5946,14,0,0,839.42,SUCCESS,0,NONE,NONE
BUILD-1588,PIPE-ml,unit_test_step_1,unit_test,98.88,99.36,99,6,0.9429,0.6229,4,0,0,291.02,SUCCESS,0,NONE,NONE
BUILD-1589,PIPE-core,checkout_step_2,checkout,59.1,100.91,0,0,1.0,0.5576,8,0,3,314.96,SUCCESS,0,NONE,NONE
BUILD-1589,PIPE-core,integration_test_step_3,integration_test,318.01,78.42,0,0,1.0,0.4766,17,0,2,1997.98,SUCCESS,1,SLOW_TASK,MEDIUM
BUILD-1589,PIPE-api,compile_step_4,compile,51.22,114.75,10,129,0.0719,0.7837,12,0,5,363.33,SUCCESS,1,LOW_CACHE_EFFICIENCY,MEDIUM
BUILD-1590,PIPE-core,dependency_install_step_3,dependency_install,99.34,72.24,195,9,0.9559,0.4785,7,0,4,363.07,SUCCESS,0,NONE,NONE
BUILD-1590,PIPE-worker,checkout_step_3,checkout,56.51,82.04,0,0,1.0,0.3463,14,0,6,396.7,SUCCESS,0,NONE,NONE
BUILD-1590,PIPE-api,compile_step_1,compile,127.84,631.37,150,23,0.8671,0.6887,14,0,5,1286.04,SUCCESS,1,QUEUE_BOTTLENECK,HIGH
BUILD-1591,PIPE-api,unit_test_step_2,unit_test,189.22,170.38,146,15,0.9068,0.9819,18,0,4,1421.16,SUCCESS,1,AGENT_UTILISATION,HIGH
BUILD-1591,PIPE-web,checkout_step_4,checkout,42.83,403.93,0,0,1.0,0.4071,13,0,0,657.69,SUCCESS,0,NONE,NONE
BUILD-1591,PIPE-api,compile_step_3,compile,331.2,26.34,145,5,0.9667,0.927,14,2,0,1682.63,FAILED,1,SLOW_TASK,CRITICAL
BUILD-1592,PIPE-api,checkout_step_2,checkout,16.19,38.25,0,0,1.0,0.417,6,0,4,111.24,SUCCESS,0,NONE,NONE
BUILD-1592,PIPE-worker,dependency_install_step_2,dependency_install,58.82,93.67,55,20,0.7333,0.487,16,1,0,461.21,FAILED,0,NONE,NONE
BUILD-1592,PIPE-ml,build_step_1,build,113.92,100.31,17,137,0.1104,0.7009,13,0,0,650.83,SUCCESS,0,NONE,NONE
BUILD-1593,PIPE-web,dependency_install_step_2,dependency_install,136.01,60.1,187,25,0.8821,0.472,6,0,3,386.29,SUCCESS,0,NONE,LOW
BUILD-1593,PIPE-worker,lint_step_1,lint,64.1,66.84,119,26,0.8207,0.5974,17,1,3,493.09,FAILED,0,NONE,NONE
BUILD-1593,PIPE-auth,build_step_4,build,57.25,209.34,141,18,0.8868,0.6547,7,0,0,387.36,SUCCESS,0,NONE,LOW
BUILD-1594,PIPE-web,checkout_step_1,checkout,36.74,22.95,0,0,1.0,0.1996,5,0,0,137.45,SUCCESS,0,NONE,NONE
BUILD-1594,PIPE-worker,package_step_2,package,42.2,42.03,0,0,1.0,0.3156,9,0,4,203.12,SUCCESS,0,NONE,LOW
BUILD-1594,PIPE-api,build_step_2,build,168.07,54.08,141,16,0.8981,0.4161,4,0,4,322.77,SUCCESS,1,PARALLELISATION_OPPORTUNITY,MEDIUM
BUILD-1595,PIPE-ml,unit_test_step_3,unit_test,134.46,396.97,8,87,0.0842,0.5445,7,0,5,755.98,SUCCESS,1,QUEUE_BOTTLENECK,CRITICAL
BUILD-1595,PIPE-ml,integration_test_step_1,integration_test,129.26,92.44,0,0,1.0,0.1512,6,0,0,418.63,SUCCESS,0,NONE,NONE
BUILD-1595,PIPE-ml,integration_test_step_2,integration_test,227.32,120.59,0,0,1.0,0.6096,17,0,4,1490.94,SUCCESS,1,SLOW_TASK,HIGH
BUILD-1596,PIPE-core,package_step_3,package,5.0,107.58,0,0,1.0,0.6024,4,0,0,156.96,SUCCESS,0,NONE,NONE
BUILD-1596,PIPE-worker,checkout_step_1,checkout,45.8,306.47,0,0,1.0,0.4911,12,0,5,538.58,SUCCESS,1,QUEUE_BOTTLENECK,HIGH
BUILD-1596,PIPE-core,dependency_install_step_4,dependency_install,38.85,95.84,64,6,0.9143,0.3567,4,0,3,209.76,SUCCESS,0,NONE,NONE
BUILD-1597,PIPE-core,integration_test_step_2,integration_test,221.2,29.28,0,0,1.0,0.7638,4,1,0,382.49,FAILED,1,SLOW_TASK,MEDIUM
BUILD-1597,PIPE-auth,compile_step_1,compile,106.21,577.17,135,27,0.8333,0.5848,4,1,0,751.12,FAILED,1,QUEUE_BOTTLENECK,HIGH
BUILD-1597,PIPE-auth,unit_test_step_2,unit_test,227.66,26.65,14,61,0.1867,0.3261,5,0,0,440.38,SUCCESS,1,LOW_CACHE_EFFICIENCY,CRITICAL
BUILD-1598,PIPE-ml,unit_test_step_1,unit_test,202.12,38.92,97,5,0.951,0.9484,17,0,0,1299.99,SUCCESS,1,AGENT_UTILISATION,MEDIUM
BUILD-1598,PIPE-web,lint_step_1,lint,10.82,75.26,5,110,0.0435,0.2567,5,2,3,81.58,FAILED,0,NONE,NONE
BUILD-1598,PIPE-api,lint_step_3,lint,42.3,140.34,83,7,0.9222,0.5258,5,2,3,246.45,FAILED,0,NONE,NONE
BUILD-1599,PIPE-web,lint_step_2,lint,34.11,89.13,54,20,0.7297,0.5332,15,0,0,305.24,SUCCESS,0,NONE,NONE
BUILD-1599,PIPE-auth,checkout_step_2,checkout,10.3,37.91,0,0,1.0,0.5686,9,0,0,109.22,SUCCESS,0,NONE,LOW
BUILD-1599,PIPE-worker,integration_test_step_3,integration_test,22.51,175.72,0,0,1.0,0.9243,14,0,0,314.32,SUCCESS,0,NONE,NONE
BUILD-1600,PIPE-auth,compile_step_4,compile,144.42,366.27,18,125,0.1259,0.9121,18,0,5,1335.66,SUCCESS,1,QUEUE_BOTTLENECK,CRITICAL
BUILD-1600,PIPE-auth,build_step_3,build,115.56,69.53,155,10,0.9394,0.2626,10,0,0,531.02,SUCCESS,0,NONE,NONE
BUILD-1600,PIPE-api,unit_test_step_1,unit_test,152.51,20.32,118,11,0.9147,0.5341,4,0,0,263.29,SUCCESS,0,NONE,NONE
BUILD-1601,PIPE-core,package_step_1,package,24.09,60.59,0,0,1.0,0.5964,13,0,2,202.8,SUCCESS,0,NONE,LOW
BUILD-1601,PIPE-auth,security_scan_step_2,security_scan,79.19,26.99,0,0,1.0,0.4456,14,0,3,449.0,SUCCESS,0,NONE,NONE
BUILD-1601,PIPE-web,unit_test_step_3,unit_test,88.69,51.89,179,7,0.9624,0.9411,13,0,3,485.84,SUCCESS,0,NONE,NONE
BUILD-1602,PIPE-core,dependency_install_step_2,dependency_install,60.06,86.21,87,29,0.75,0.9216,18,0,0,506.19,SUCCESS,0,NONE,LOW
BUILD-1602,PIPE-core,checkout_step_4,checkout,39.43,141.54,0,0,1.0,0.7457,15,0,0,405.47,SUCCESS,0,NONE,NONE
BUILD-1602,PIPE-core,unit_test_step_1,unit_test,38.93,555.95,0,42,0.0,0.6192,17,0,0,844.02,SUCCESS,1,QUEUE_BOTTLENECK,CRITICAL
BUILD-1603,PIPE-ml,dependency_install_step_2,dependency_install,38.44,514.8,166,25,0.8691,0.3705,14,0,0,736.19,SUCCESS,1,QUEUE_BOTTLENECK,HIGH
BUILD-1603,PIPE-ml,security_scan_step_1,security_scan,70.84,194.21,0,0,1.0,0.3876,15,0,0,606.37,SUCCESS,0,NONE,LOW
BUILD-1603,PIPE-auth,unit_test_step_3,unit_test,288.57,23.31,0,116,0.0,0.6462,13,0,2,1374.2,SUCCESS,1,LOW_CACHE_EFFICIENCY,CRITICAL
BUILD-1604,PIPE-core,security_scan_step_2,security_scan,284.69,163.87,0,0,0.9288,0.9845,5,0,4,717.37,SUCCESS,1,SLOW_TASK,CRITICAL
BUILD-1604,PIPE-ml,compile_step_2,compile,163.31,108.15,129,6,0.9556,0.5551,7,0,0,558.93,SUCCESS,0,NONE,LOW
BUILD-1604,PIPE-api,compile_step_2,compile,127.05,44.48,164,12,0.9318,0.6336,13,0,0,648.88,SUCCESS,0,NONE,NONE
BUILD-1605,PIPE-worker,unit_test_step_2,unit_test,99.44,219.53,17,57,0.2297,0.4965,14,0,0,754.61,SUCCESS,1,LOW_CACHE_EFFICIENCY,MEDIUM
BUILD-1605,PIPE-auth,build_step_2,build,212.17,109.6,181,16,0.9188,0.5247,16,2,0,1348.19,FAILED,0,NONE,NONE
BUILD-1605,PIPE-core,unit_test_step_1,unit_test,110.18,39.92,84,16,0.84,0.6371,18,0,3,778.41,SUCCESS,0,NONE,NONE
BUILD-1606,PIPE-api,compile_step_4,compile,195.54,417.56,90,21,0.8108,0.9736,16,0,0,1537.9,SUCCESS,1,QUEUE_BOTTLENECK,CRITICAL
BUILD-1606,PIPE-core,integration_test_step_4,integration_test,92.19,75.26,0,0,1.0,0.336,16,0,0,577.19,SUCCESS,0,NONE,NONE
BUILD-1606,PIPE-worker,dependency_install_step_1,dependency_install,55.52,502.19,0,0,0.9288,0.6866,10,1,6,745.55,FAILED,1,QUEUE_BOTTLENECK,HIGH
BUILD-1607,PIPE-api,unit_test_step_4,unit_test,74.71,480.64,5,65,0.0714,0.5925,6,0,0,679.89,SUCCESS,1,QUEUE_BOTTLENECK,CRITICAL
BUILD-1607,PIPE-core,compile_step_2,compile,53.82,535.59,186,24,0.8857,0.5918,11,0,4,778.58,SUCCESS,0,NONE,NONE
BUILD-1607,PIPE-ml,checkout_step_3,checkout,92.27,11.07,0,0,1.0,0.707,11,0,0,404.83,SUCCESS,0,NONE,NONE
BUILD-1608,PIPE-core,dependency_install_step_1,dependency_install,52.81,135.37,15,132,0.102,0.6141,14,0,3,422.75,SUCCESS,1,LOW_CACHE_EFFICIENCY,MEDIUM
BUILD-1608,PIPE-web,compile_step_4,compile,51.05,384.9,186,7,0.9637,0.4894,9,0,5,601.85,SUCCESS,0,NONE,NONE
BUILD-1608,PIPE-api,unit_test_step_1,unit_test,92.96,311.88,149,13,0.9198,0.3955,16,0,2,870.61,SUCCESS,1,QUEUE_BOTTLENECK,HIGH
BUILD-1609,PIPE-auth,build_step_4,build,131.56,91.0,119,27,0.8151,0.684,11,0,2,616.35,SUCCESS,0,NONE,NONE
BUILD-1609,PIPE-web,checkout_step_4,checkout,44.61,106.48,0,0,1.0,0.9665,12,0,0,314.19,SUCCESS,0,NONE,NONE
BUILD-1609,PIPE-api,compile_step_3,compile,133.85,134.58,128,25,0.8366,0.5544,15,0,0,893.06,SUCCESS,0,NONE,NONE
BUILD-1610,PIPE-web,lint_step_4,lint,21.69,18.67,141,7,0.9527,0.4654,13,2,4,137.4,FAILED,0,NONE,NONE
BUILD-1610,PIPE-ml,lint_step_1,lint,15.51,708.53,176,26,0.8713,0.6653,12,0,5,801.68,SUCCESS,0,NONE,NONE
BUILD-1610,PIPE-api,compile_step_3,compile,61.12,28.09,95,25,0.7917,0.9587,12,0,0,340.31,SUCCESS,0,NONE,NONE
BUILD-1611,PIPE-worker,compile_step_1,compile,93.21,98.01,3,45,0.0625,0.7014,6,0,4,335.7,SUCCESS,0,NONE,LOW
BUILD-1611,PIPE-ml,dependency_install_step_1,dependency_install,22.14,484.57,129,21,0.86,0.2855,12,0,3,611.05,SUCCESS,1,QUEUE_BOTTLENECK,HIGH
BUILD-1611,PIPE-core,security_scan_step_4,security_scan,208.55,714.51,0,0,1.0,0.9311,6,1,0,1173.16,FAILED,1,QUEUE_BOTTLENECK,CRITICAL
BUILD-1612,PIPE-core,integration_test_step_1,integration_test,80.52,543.5,0,0,1.0,0.4537,4,0,0,698.77,SUCCESS,1,QUEUE_BOTTLENECK,HIGH
BUILD-1612,PIPE-worker,lint_step_2,lint,36.03,552.05,75,20,0.7895,0.6085,16,0,0,786.86,SUCCESS,1,QUEUE_BOTTLENECK,HIGH
BUILD-1612,PIPE-core,build_step_4,build,196.86,31.87,11,127,0.0797,0.5602,16,0,6,1182.71,SUCCESS,1,LOW_CACHE_EFFICIENCY,HIGH
BUILD-1613,PIPE-ml,compile_step_4,compile,82.71,11.16,143,2,0.9862,0.5858,5,0,3,181.81,SUCCESS,0,NONE,NONE
BUILD-1613,PIPE-core,unit_test_step_2,unit_test,106.77,42.36,163,18,0.9006,0.5588,11,0,0,495.91,SUCCESS,0,NONE,NONE
BUILD-1613,PIPE-worker,dependency_install_step_4,dependency_install,38.06,696.52,16,54,0.2286,0.5424,11,0,0,867.42,SUCCESS,1,QUEUE_BOTTLENECK,CRITICAL
BUILD-1614,PIPE-ml,integration_test_step_4,integration_test,211.38,147.41,0,0,1.0,0.774,5,0,0,560.56,SUCCESS,0,NONE,LOW
BUILD-1614,PIPE-worker,integration_test_step_1,integration_test,170.83,27.4,0,0,1.0,0.9641,16,2,0,1018.43,FAILED,0,NONE,NONE
BUILD-1614,PIPE-web,unit_test_step_1,unit_test,87.46,378.3,0,0,0.9288,0.7855,6,0,2,577.41,SUCCESS,0,NONE,NONE
BUILD-1615,PIPE-core,lint_step_4,lint,10.09,13.58,191,13,0.9363,0.7021,8,0,5,57.26,SUCCESS,0,NONE,NONE
BUILD-1615,PIPE-web,checkout_step_1,checkout,29.74,28.93,0,0,1.0,0.3085,18,0,0,264.88,SUCCESS,0,NONE,NONE
BUILD-1615,PIPE-core,compile_step_1,compile,123.13,62.12,87,14,0.8614,0.966,11,0,6,569.47,SUCCESS,1,AGENT_UTILISATION,MEDIUM
BUILD-1616,PIPE-web,build_step_2,build,133.29,32.48,3,119,0.0246,0.6409,7,0,0,387.47,SUCCESS,0,NONE,NONE
BUILD-1616,PIPE-api,checkout_step_3,checkout,33.25,215.27,0,0,1.0,0.4203,13,0,3,403.66,SUCCESS,0,NONE,LOW
BUILD-1616,PIPE-core,unit_test_step_1,unit_test,85.98,52.69,190,14,0.9314,0.3473,10,0,0,392.31,SUCCESS,0,NONE,NONE
BUILD-1617,PIPE-web,compile_step_1,compile,183.26,593.13,80,30,0.7273,0.4908,18,0,0,1767.39,SUCCESS,1,QUEUE_BOTTLENECK,HIGH
BUILD-1617,PIPE-worker,unit_test_step_4,unit_test,220.57,13.82,15,71,0.1744,0.6467,9,0,6,765.52,SUCCESS,1,LOW_CACHE_EFFICIENCY,CRITICAL
BUILD-1617,PIPE-core,build_step_4,build,37.53,50.41,7,115,0.0574,0.5911,13,0,3,252.83,SUCCESS,0,NONE,NONE
BUILD-1618,PIPE-ml,checkout_step_4,checkout,44.4,327.81,0,0,1.0,0.4706,4,0,4,440.16,SUCCESS,1,QUEUE_BOTTLENECK,HIGH
BUILD-1618,PIPE-web,lint_step_4,lint,19.42,57.32,59,13,0.8194,0.9558,5,1,5,112.15,FAILED,0,NONE,NONE
BUILD-1618,PIPE-worker,lint_step_4,lint,36.48,50.8,108,17,0.864,0.2423,4,0,2,134.61,SUCCESS,0,NONE,NONE
BUILD-1619,PIPE-api,build_step_3,build,46.2,46.33,178,29,0.8599,0.7145,11,0,3,255.77,SUCCESS,0,NONE,NONE
BUILD-1619,PIPE-worker,security_scan_step_4,security_scan,157.92,190.93,0,0,1.0,0.4102,6,0,0,575.47,SUCCESS,0,NONE,NONE
BUILD-1619,PIPE-worker,compile_step_1,compile,37.24,13.17,102,6,0.9444,0.4534,5,0,0,102.28,SUCCESS,0,NONE,NONE
BUILD-1620,PIPE-auth,package_step_4,package,28.35,114.47,0,0,1.0,0.4144,9,0,0,252.01,SUCCESS,0,NONE,NONE
BUILD-1620,PIPE-worker,integration_test_step_4,integration_test,57.59,90.15,0,0,1.0,0.6545,16,0,0,460.31,SUCCESS,0,NONE,NONE
BUILD-1620,PIPE-ml,compile_step_1,compile,168.94,43.47,110,10,0.9167,0.9478,16,1,0,1036.79,FAILED,0,NONE,NONE
BUILD-1621,PIPE-api,unit_test_step_4,unit_test,175.45,183.54,133,21,0.8636,0.3513,10,0,4,849.67,SUCCESS,0,NONE,NONE
BUILD-1621,PIPE-core,security_scan_step_4,security_scan,176.23,58.5,0,0,1.0,0.4165,8,0,0,579.09,SUCCESS,0,NONE,NONE
BUILD-1621,PIPE-api,lint_step_3,lint,32.17,625.23,6,150,0.0385,0.4989,17,0,3,863.16,SUCCESS,1,QUEUE_BOTTLENECK,CRITICAL
BUILD-1622,PIPE-api,package_step_2,package,15.06,50.69,0,0,1.0,0.9661,5,0,0,125.21,SUCCESS,0,NONE,NONE
BUILD-1622,PIPE-auth,dependency_install_step_4,dependency_install,199.41,491.3,9,60,0.1304,0.5773,12,0,0,1385.87,SUCCESS,1,QUEUE_BOTTLENECK,CRITICAL
BUILD-1622,PIPE-worker,integration_test_step_2,integration_test,101.5,599.11,0,0,1.0,0.6832,5,0,3,810.34,SUCCESS,0,NONE,NONE
BUILD-1623,PIPE-api,lint_step_1,lint,22.89,665.71,118,7,0.944,0.3746,8,0,2,785.36,SUCCESS,0,NONE,NONE
BUILD-1623,PIPE-worker,unit_test_step_1,unit_test,257.5,83.59,70,14,0.8333,0.7692,11,0,2,1127.11,SUCCESS,0,NONE,NONE
BUILD-1623,PIPE-web,integration_test_step_2,integration_test,70.11,40.28,0,0,1.0,0.3917,6,0,0,226.49,SUCCESS,0,NONE,NONE
BUILD-1624,PIPE-worker,dependency_install_step_3,dependency_install,36.98,12.77,111,19,0.8538,0.9404,7,0,4,146.4,SUCCESS,0,NONE,NONE
BUILD-1624,PIPE-api,build_step_3,build,87.1,371.18,107,6,0.9469,0.4372,6,0,0,580.25,SUCCESS,1,QUEUE_BOTTLENECK,HIGH
BUILD-1624,PIPE-core,dependency_install_step_1,dependency_install,33.76,93.72,62,11,0.8493,0.5422,13,0,0,289.71,SUCCESS,0,NONE,NONE
BUILD-1625,PIPE-worker,unit_test_step_3,unit_test,95.88,353.74,92,19,0.8288,0.7156,9,0,6,689.23,SUCCESS,0,NONE,NONE
BUILD-1625,PIPE-worker,security_scan_step_4,security_scan,125.97,144.79,0,0,1.0,0.9806,15,0,2,831.38,SUCCESS,0,NONE,NONE
BUILD-1625,PIPE-auth,checkout_step_1,checkout,42.26,94.33,0,0,1.0,0.5262,6,0,0,212.79,SUCCESS,0,NONE,NONE
BUILD-1626,PIPE-web,build_step_2,build,225.24,157.83,188,20,0.9038,0.4241,13,0,3,1229.8,SUCCESS,1,SLOW_TASK,HIGH
BUILD-1626,PIPE-api,dependency_install_step_1,dependency_install,127.29,118.57,67,3,0.9571,0.4894,9,0,2,560.14,SUCCESS,0,NONE,NONE
BUILD-1626,PIPE-ml,compile_step_3,compile,75.5,178.14,58,9,0.8657,0.6574,13,0,0,576.14,SUCCESS,0,NONE,NONE
BUILD-1627,PIPE-api,integration_test_step_2,integration_test,71.91,14.42,0,0,1.0,0.4042,17,0,0,487.46,SUCCESS,0,NONE,NONE
BUILD-1627,PIPE-auth,checkout_step_2,checkout,12.87,537.67,0,0,1.0,0.5262,16,0,6,664.82,SUCCESS,1,QUEUE_BOTTLENECK,HIGH
BUILD-1627,PIPE-core,unit_test_step_3,unit_test,36.57,61.95,84,3,0.9655,0.9729,7,0,5,179.27,SUCCESS,1,AGENT_UTILISATION,MEDIUM
BUILD-1628,PIPE-web,integration_test_step_3,integration_test,182.33,559.64,0,0,1.0,0.2815,10,0,2,1251.16,SUCCESS,1,QUEUE_BOTTLENECK,HIGH
BUILD-1628,PIPE-auth,dependency_install_step_4,dependency_install,22.9,106.66,75,20,0.7895,0.9728,10,0,4,212.08,SUCCESS,0,NONE,NONE
BUILD-1628,PIPE-worker,dependency_install_step_4,dependency_install,23.26,34.99,131,6,0.9562,0.6442,12,0,3,154.33,SUCCESS,0,NONE,NONE
BUILD-1629,PIPE-auth,unit_test_step_4,unit_test,40.79,11.36,51,20,0.7183,0.5836,14,0,3,251.46,SUCCESS,0,NONE,NONE
BUILD-1629,PIPE-api,dependency_install_step_1,dependency_install,50.93,332.9,134,13,0.9116,0.9637,5,0,2,457.88,SUCCESS,1,QUEUE_BOTTLENECK,CRITICAL
BUILD-1629,PIPE-web,compile_step_1,compile,81.43,33.72,168,22,0.8842,0.9427,11,0,0,375.8,SUCCESS,1,AGENT_UTILISATION,MEDIUM
BUILD-1630,PIPE-web,build_step_2,build,145.39,56.93,110,24,0.8209,0.6565,14,0,0,812.65,SUCCESS,0,NONE,NONE
BUILD-1630,PIPE-auth,dependency_install_step_1,dependency_install,123.17,20.49,176,3,0.9832,0.5172,14,0,0,650.91,SUCCESS,0,NONE,NONE
BUILD-1630,PIPE-api,integration_test_step_4,integration_test,74.15,62.19,0,0,1.0,0.5045,13,0,0,431.31,SUCCESS,0,NONE,NONE
BUILD-1631,PIPE-web,package_step_3,package,22.29,329.59,0,0,1.0,0.4666,14,0,0,492.98,SUCCESS,1,QUEUE_BOTTLENECK,HIGH
BUILD-1631,PIPE-auth,dependency_install_step_2,dependency_install,31.51,94.47,161,24,0.8703,0.3274,6,0,0,196.7,SUCCESS,0,NONE,NONE
BUILD-1631,PIPE-worker,dependency_install_step_2,dependency_install,41.4,108.35,131,25,0.8397,0.5681,16,0,3,362.92,SUCCESS,0,NONE,NONE
BUILD-1632,PIPE-core,lint_step_2,lint,13.96,55.18,153,7,0.9563,0.5238,8,0,4,133.75,SUCCESS,0,NONE,NONE
BUILD-1632,PIPE-ml,checkout_step_2,checkout,14.37,104.86,0,0,1.0,0.6846,8,0,2,203.13,SUCCESS,0,NONE,NONE
BUILD-1632,PIPE-auth,security_scan_step_4,security_scan,64.72,106.16,0,0,1.0,0.4105,11,1,2,393.01,FAILED,0,NONE,NONE
BUILD-1633,PIPE-web,lint_step_1,lint,12.6,22.03,99,7,0.934,0.9853,17,0,0,126.4,SUCCESS,0,NONE,NONE
BUILD-1633,PIPE-core,security_scan_step_1,security_scan,204.15,90.5,0,0,1.0,0.3046,16,0,4,1251.37,SUCCESS,0,NONE,NONE
BUILD-1633,PIPE-core,checkout_step_2,checkout,39.49,10.86,0,0,1.0,0.9689,4,0,0,114.1,SUCCESS,0,NONE,NONE
BUILD-1634,PIPE-ml,checkout_step_4,checkout,5.69,70.09,0,0,1.0,0.94,14,0,5,128.86,SUCCESS,0,NONE,NONE
BUILD-1634,PIPE-worker,compile_step_3,compile,242.87,549.62,108,16,0.871,0.8001,8,0,3,1287.4,SUCCESS,1,QUEUE_BOTTLENECK,CRITICAL
BUILD-1634,PIPE-api,security_scan_step_2,security_scan,128.48,90.21,0,0,1.0,0.4886,16,2,0,855.59,FAILED,0,NONE,NONE
BUILD-1635,PIPE-web,security_scan_step_4,security_scan,45.97,40.46,0,0,1.0,0.4706,15,0,0,296.86,SUCCESS,0,NONE,NONE
BUILD-1635,PIPE-ml,dependency_install_step_2,dependency_install,110.76,39.99,149,18,0.8922,0.2242,10,0,3,449.57,SUCCESS,0,NONE,NONE
BUILD-1635,PIPE-auth,compile_step_1,compile,160.2,47.92,67,17,0.7976,0.6992,9,0,2,597.42,SUCCESS,0,NONE,NONE
BUILD-1636,PIPE-worker,integration_test_step_2,integration_test,86.42,499.53,0,0,1.0,0.4095,4,0,3,641.61,SUCCESS,1,QUEUE_BOTTLENECK,HIGH
BUILD-1636,PIPE-web,lint_step_1,lint,16.87,17.48,8,84,0.087,0.4663,9,0,4,105.25,SUCCESS,1,LOW_CACHE_EFFICIENCY,MEDIUM
BUILD-1636,PIPE-worker,integration_test_step_1,integration_test,116.7,539.97,0,0,1.0,0.7704,16,0,3,1253.07,SUCCESS,1,QUEUE_BOTTLENECK,HIGH
BUILD-1637,PIPE-worker,integration_test_step_1,integration_test,166.27,50.3,0,0,1.0,0.6058,7,0,2,512.36,SUCCESS,0,NONE,NONE
BUILD-1637,PIPE-core,integration_test_step_2,integration_test,59.71,57.28,0,0,1.0,0.6786,18,0,2,466.7,SUCCESS,0,NONE,NONE
BUILD-1637,PIPE-web,compile_step_1,compile,174.04,60.4,7,101,0.0648,0.6304,8,0,0,603.25,SUCCESS,1,LOW_CACHE_EFFICIENCY,MEDIUM
BUILD-1638,PIPE-ml,integration_test_step_1,integration_test,76.42,27.21,0,0,1.0,0.5042,18,0,0,566.65,SUCCESS,0,NONE,NONE
BUILD-1638,PIPE-worker,checkout_step_4,checkout,19.78,23.77,0,0,1.0,0.6873,9,0,5,121.58,SUCCESS,0,NONE,NONE
BUILD-1638,PIPE-worker,lint_step_4,lint,10.5,21.36,67,13,0.8375,0.4329,18,0,0,145.85,SUCCESS,0,NONE,NONE
BUILD-1639,PIPE-auth,checkout_step_1,checkout,24.4,586.44,0,0,1.0,0.4147,15,0,6,769.23,SUCCESS,1,QUEUE_BOTTLENECK,HIGH
BUILD-1639,PIPE-web,compile_step_4,compile,225.17,39.19,148,2,0.9867,0.6026,7,0,4,634.83,SUCCESS,1,SLOW_TASK,HIGH
BUILD-1639,PIPE-core,compile_step_2,compile,77.94,148.48,180,9,0.9524,0.5315,10,0,5,443.02,SUCCESS,0,NONE,NONE
BUILD-1640,PIPE-core,integration_test_step_2,integration_test,100.34,21.35,0,0,1.0,0.5199,10,0,0,401.71,SUCCESS,0,NONE,NONE
BUILD-1640,PIPE-core,integration_test_step_4,integration_test,65.62,124.82,0,0,1.0,0.3909,9,0,0,380.19,SUCCESS,0,NONE,NONE
BUILD-1640,PIPE-core,unit_test_step_2,unit_test,101.81,39.61,5,129,0.0373,0.5136,13,0,0,518.37,SUCCESS,0,NONE,NONE
BUILD-1641,PIPE-ml,build_step_3,build,204.58,61.44,127,20,0.8639,0.9182,17,0,6,1322.61,SUCCESS,1,AGENT_UTILISATION,HIGH
BUILD-1641,PIPE-worker,lint_step_1,lint,6.16,22.2,163,2,0.9879,0.4564,7,0,3,79.5,SUCCESS,0,NONE,NONE
BUILD-1641,PIPE-ml,build_step_1,build,98.36,54.35,198,20,0.9083,0.4284,17,0,0,682.67,SUCCESS,0,NONE,NONE
BUILD-1642,PIPE-auth,build_step_4,build,95.68,709.86,10,138,0.0676,0.6062,16,0,0,1292.8,SUCCESS,1,QUEUE_BOTTLENECK,CRITICAL
BUILD-1642,PIPE-core,unit_test_step_3,unit_test,161.11,52.65,18,77,0.1895,0.2839,7,0,0,484.33,SUCCESS,0,NONE,NONE
BUILD-1642,PIPE-core,security_scan_step_2,security_scan,222.09,28.39,0,0,1.0,0.4432,14,2,6,1143.36,FAILED,1,SLOW_TASK,HIGH
BUILD-1643,PIPE-auth,package_step_4,package,37.05,75.26,0,0,1.0,0.6708,6,1,6,718.38,FAILED,1,QUEUE_BOTTLENECK,HIGH
BUILD-1643,PIPE-worker,dependency_install_step_3,dependency_install,108.03,230.55,91,10,0.901,0.6652,18,0,0,969.61,SUCCESS,0,NONE,NONE
BUILD-1643,PIPE-core,security_scan_step_1,security_scan,146.82,22.62,0,0,1.0,0.4571,10,0,5,556.37,SUCCESS,0,NONE,NONE
BUILD-1644,PIPE-web,security_scan_step_1,security_scan,154.88,38.7,0,0,1.0,0.6503,13,0,0,779.3,SUCCESS,0,NONE,NONE
BUILD-1644,PIPE-ml,build_step_2,build,109.86,29.52,73,12,0.8588,0.9695,11,0,6,483.67,SUCCESS,0,NONE,NONE
BUILD-1644,PIPE-worker,integration_test_step_1,integration_test,202.65,13.0,0,0,1.0,0.9408,4,0,0,327.16,SUCCESS,1,AGENT_UTILISATION,MEDIUM
BUILD-1645,PIPE-core,unit_test_step_4,unit_test,115.9,75.26,13,110,0.1057,0.3769,17,0,0,1452.55,SUCCESS,1,QUEUE_BOTTLENECK,CRITICAL
BUILD-1645,PIPE-web,lint_step_1,lint,5.63,138.72,4,106,0.0364,0.5869,13,0,5,199.77,SUCCESS,1,LOW_CACHE_EFFICIENCY,MEDIUM
BUILD-1645,PIPE-ml,compile_step_1,compile,113.81,55.5,18,127,0.1241,0.9363,13,0,5,618.16,SUCCESS,1,LOW_CACHE_EFFICIENCY,HIGH
BUILD-1646,PIPE-worker,unit_test_step_1,unit_test,97.98,13.38,54,9,0.8571,0.2659,11,1,0,415.39,FAILED,0,NONE,NONE
BUILD-1646,PIPE-worker,dependency_install_step_3,dependency_install,32.73,80.06,19,88,0.1776,0.4019,6,0,0,191.96,SUCCESS,1,LOW_CACHE_EFFICIENCY,MEDIUM
BUILD-1646,PIPE-worker,build_step_1,build,71.3,551.85,125,27,0.8224,0.5196,14,0,0,949.78,SUCCESS,1,QUEUE_BOTTLENECK,HIGH
BUILD-1647,PIPE-api,unit_test_step_1,unit_test,85.02,122.24,89,9,0.9082,0.3845,7,1,0,385.42,FAILED,0,NONE,NONE
BUILD-1647,PIPE-worker,unit_test_step_1,unit_test,157.0,303.75,164,2,0.988,0.9447,16,0,4,1224.72,SUCCESS,1,QUEUE_BOTTLENECK,CRITICAL
BUILD-1647,PIPE-core,compile_step_2,compile,194.7,17.93,178,26,0.8725,0.9565,12,0,0,881.81,SUCCESS,0,NONE,NONE
BUILD-1648,PIPE-core,package_step_4,package,34.11,46.23,0,0,1.0,0.4097,18,0,6,287.66,SUCCESS,0,NONE,NONE
BUILD-1648,PIPE-worker,compile_step_3,compile,136.14,14.79,155,6,0.9627,0.4407,6,0,5,325.77,SUCCESS,0,NONE,NONE
BUILD-1648,PIPE-auth,package_step_4,package,5.0,83.52,0,0,1.0,0.9594,9,0,0,146.02,SUCCESS,1,AGENT_UTILISATION,MEDIUM
BUILD-1649,PIPE-ml,build_step_2,build,149.21,31.11,97,21,0.822,0.4335,6,0,0,377.34,SUCCESS,0,NONE,LOW
BUILD-1649,PIPE-worker,unit_test_step_4,unit_test,211.66,142.42,154,7,0.9565,0.4589,9,0,0,868.05,SUCCESS,0,NONE,NONE
BUILD-1649,PIPE-ml,lint_step_2,lint,11.14,21.38,172,29,0.8557,0.3991,12,0,0,89.9,SUCCESS,0,NONE,NONE
BUILD-1650,PIPE-worker,checkout_step_1,checkout,38.21,112.37,0,0,1.0,0.643,4,0,4,212.32,SUCCESS,0,NONE,NONE
BUILD-1650,PIPE-core,compile_step_2,compile,62.13,127.8,89,6,0.9368,0.2933,4,1,3,233.97,FAILED,0,NONE,LOW
BUILD-1650,PIPE-ml,security_scan_step_4,security_scan,27.67,530.01,0,0,1.0,0.7677,15,0,3,695.4,SUCCESS,0,NONE,NONE
BUILD-1651,PIPE-web,security_scan_step_1,security_scan,95.99,175.71,0,0,1.0,0.9484,7,0,6,426.51,SUCCESS,1,AGENT_UTILISATION,MEDIUM
BUILD-1651,PIPE-worker,dependency_install_step_4,dependency_install,54.78,56.82,148,11,0.9308,0.3625,16,0,2,394.54,SUCCESS,0,NONE,NONE
BUILD-1651,PIPE-ml,integration_test_step_1,integration_test,125.1,49.71,0,0,1.0,0.6934,17,0,0,824.97,SUCCESS,0,NONE,NONE
BUILD-1652,PIPE-auth,package_step_1,package,24.21,72.36,0,0,1.0,0.6882,18,0,0,249.73,SUCCESS,0,NONE,NONE
BUILD-1652,PIPE-auth,build_step_1,build,189.47,12.24,152,19,0.8889,0.9458,4,0,2,323.06,SUCCESS,1,AGENT_UTILISATION,MEDIUM
BUILD-1652,PIPE-worker,integration_test_step_4,integration_test,113.84,485.91,0,0,1.0,0.4287,13,0,0,1041.41,SUCCESS,1,QUEUE_BOTTLENECK,HIGH
BUILD-1653,PIPE-ml,build_step_3,build,150.37,160.76,7,141,0.0473,0.656,11,0,2,783.33,SUCCESS,1,LOW_CACHE_EFFICIENCY,MEDIUM
BUILD-1653,PIPE-ml,dependency_install_step_3,dependency_install,83.57,44.51,1,103,0.0096,0.6416,7,0,0,275.4,SUCCESS,1,LOW_CACHE_EFFICIENCY,MEDIUM
BUILD-1653,PIPE-web,checkout_step_4,checkout,54.32,670.69,0,0,1.0,0.7456,14,0,0,990.8,SUCCESS,1,QUEUE_BOTTLENECK,HIGH
BUILD-1654,PIPE-auth,lint_step_1,lint,22.43,80.38,99,8,0.9252,0.6674,7,0,4,151.01,SUCCESS,0,NONE,NONE
BUILD-1654,PIPE-worker,compile_step_1,compile,132.69,14.02,56,16,0.7778,0.7066,12,0,2,603.71,SUCCESS,0,NONE,NONE
BUILD-1654,PIPE-core,security_scan_step_4,security_scan,128.38,94.19,0,0,1.0,0.9646,16,0,0,834.21,SUCCESS,0,NONE,NONE
BUILD-1655,PIPE-ml,integration_test_step_3,integration_test,158.94,461.88,0,0,1.0,0.6127,14,0,4,1296.03,SUCCESS,1,QUEUE_BOTTLENECK,HIGH
BUILD-1655,PIPE-web,unit_test_step_3,unit_test,181.87,586.02,192,27,0.8767,0.6778,4,0,4,897.56,SUCCESS,1,QUEUE_BOTTLENECK,HIGH
BUILD-1655,PIPE-core,compile_step_4,compile,186.96,35.82,150,23,0.8671,0.4849,13,0,5,902.63,SUCCESS,1,PARALLELISATION_OPPORTUNITY,MEDIUM
BUILD-1656,PIPE-worker,checkout_step_3,checkout,10.25,516.81,0,0,1.0,0.6874,17,0,4,611.19,SUCCESS,1,QUEUE_BOTTLENECK,HIGH
BUILD-1656,PIPE-core,unit_test_step_1,unit_test,74.92,238.44,189,6,0.9692,0.4665,16,0,0,676.09,SUCCESS,0,NONE,NONE
BUILD-1656,PIPE-api,lint_step_1,lint,51.03,48.62,189,19,0.9087,0.6272,8,0,5,214.01,SUCCESS,0,NONE,NONE
BUILD-1657,PIPE-core,dependency_install_step_3,dependency_install,10.99,483.11,73,30,0.7087,0.2967,15,0,0,593.11,SUCCESS,1,QUEUE_BOTTLENECK,HIGH
BUILD-1657,PIPE-ml,compile_step_4,compile,142.78,676.55,6,117,0.0488,0.652,8,0,0,1117.31,SUCCESS,1,QUEUE_BOTTLENECK,CRITICAL
BUILD-1657,PIPE-core,lint_step_4,lint,45.29,17.44,192,17,0.9187,0.6486,4,0,0,108.76,SUCCESS,0,NONE,NONE
BUILD-1658,PIPE-ml,integration_test_step_3,integration_test,111.36,73.72,0,0,1.0,0.9501,7,0,0,378.82,SUCCESS,0,NONE,NONE
BUILD-1658,PIPE-core,compile_step_3,compile,29.4,50.53,137,7,0.9514,0.5873,7,0,0,144.44,SUCCESS,0,NONE,NONE
BUILD-1658,PIPE-web,package_step_2,package,41.13,713.06,0,0,1.0,0.4765,13,0,0,943.39,SUCCESS,0,NONE,NONE
BUILD-1659,PIPE-web,security_scan_step_3,security_scan,200.82,13.4,0,0,1.0,0.2553,16,1,0,1158.66,FAILED,0,NONE,NONE
BUILD-1659,PIPE-api,build_step_2,build,92.14,376.78,124,14,0.8986,0.2573,17,0,4,952.12,SUCCESS,1,QUEUE_BOTTLENECK,HIGH
BUILD-1659,PIPE-worker,build_step_4,build,75.41,27.26,83,29,0.7411,0.2585,7,0,2,263.11,SUCCESS,0,NONE,NONE
BUILD-1660,PIPE-core,dependency_install_step_4,dependency_install,40.37,610.97,54,6,0.9,0.5565,17,0,5,882.88,SUCCESS,0,NONE,NONE
BUILD-1660,PIPE-core,compile_step_1,compile,88.61,60.94,12,70,0.1463,0.4868,4,0,0,241.36,SUCCESS,0,NONE,NONE
BUILD-1660,PIPE-ml,integration_test_step_3,integration_test,177.19,23.71,0,0,1.0,0.7893,13,0,0,889.0,SUCCESS,0,NONE,NONE
BUILD-1661,PIPE-api,checkout_step_2,checkout,16.1,22.13,0,0,1.0,0.9118,6,1,3,86.1,FAILED,0,NONE,NONE
BUILD-1661,PIPE-worker,lint_step_4,lint,67.04,285.07,78,20,0.7959,0.405,6,0,0,463.68,SUCCESS,0,NONE,NONE
BUILD-1661,PIPE-core,dependency_install_step_4,dependency_install,141.38,25.01,176,11,0.9412,0.5121,8,0,0,443.75,SUCCESS,0,NONE,NONE
BUILD-1662,PIPE-web,compile_step_3,compile,241.34,36.22,107,18,0.856,0.9551,12,1,0,1097.54,FAILED,1,SLOW_TASK,CRITICAL
BUILD-1662,PIPE-ml,integration_test_step_4,integration_test,33.19,170.0,0,0,1.0,0.505,7,0,4,294.63,SUCCESS,0,NONE,NONE
BUILD-1662,PIPE-worker,dependency_install_step_2,dependency_install,90.04,43.99,88,5,0.9462,0.7613,11,1,0,444.24,FAILED,0,NONE,NONE
BUILD-1663,PIPE-api,package_step_4,package,19.94,671.05,0,0,1.0,0.4214,6,0,4,750.18,SUCCESS,1,QUEUE_BOTTLENECK,HIGH
BUILD-1663,PIPE-worker,build_step_2,build,95.21,175.29,153,2,0.9871,0.9548,9,0,0,492.23,SUCCESS,0,NONE,LOW
BUILD-1663,PIPE-web,package_step_1,package,5.0,568.8,0,0,1.0,0.5487,15,0,0,649.38,SUCCESS,1,QUEUE_BOTTLENECK,HIGH
BUILD-1664,PIPE-core,compile_step_1,compile,196.42,115.44,65,13,0.8333,0.9763,8,0,0,723.23,SUCCESS,0,NONE,NONE
BUILD-1664,PIPE-auth,compile_step_4,compile,63.55,35.96,143,8,0.947,0.9772,16,0,0,441.15,SUCCESS,1,AGENT_UTILISATION,MEDIUM
BUILD-1664,PIPE-auth,checkout_step_4,checkout,11.32,434.89,0,0,1.0,0.6139,5,0,0,484.89,SUCCESS,1,QUEUE_BOTTLENECK,HIGH
BUILD-1665,PIPE-auth,unit_test_step_3,unit_test,121.25,285.93,104,15,0.8739,0.6,18,0,0,1074.9,SUCCESS,0,NONE,NONE
BUILD-1665,PIPE-worker,compile_step_4,compile,134.16,15.99,145,23,0.8631,0.447,16,0,0,825.98,SUCCESS,0,NONE,NONE
BUILD-1665,PIPE-worker,lint_step_1,lint,28.24,53.04,51,27,0.6538,0.4696,13,0,5,205.13,SUCCESS,0,NONE,NONE
BUILD-1666,PIPE-api,build_step_2,build,169.99,75.26,172,8,0.9556,0.692,6,0,4,495.88,SUCCESS,0,NONE,LOW
BUILD-1666,PIPE-auth,build_step_3,build,111.62,134.24,12,142,0.0779,0.5116,11,0,0,622.09,SUCCESS,0,NONE,NONE
BUILD-1666,PIPE-worker,unit_test_step_2,unit_test,123.92,75.26,107,25,0.8106,0.5196,9,0,3,467.61,SUCCESS,0,NONE,LOW
BUILD-1667,PIPE-core,compile_step_1,compile,76.49,310.28,108,26,0.806,0.4449,12,0,0,666.56,SUCCESS,0,NONE,NONE
BUILD-1667,PIPE-core,integration_test_step_2,integration_test,144.64,156.59,0,0,1.0,0.9731,14,0,0,886.02,SUCCESS,1,AGENT_UTILISATION,MEDIUM
BUILD-1667,PIPE-web,build_step_3,build,161.0,450.38,163,12,0.9314,0.7472,15,0,0,1342.71,SUCCESS,0,NONE,NONE
BUILD-1668,PIPE-core,checkout_step_4,checkout,46.41,32.43,0,0,1.0,0.2552,7,0,0,184.07,SUCCESS,0,NONE,NONE
BUILD-1668,PIPE-ml,lint_step_2,lint,5.0,31.74,105,8,0.9292,0.5681,10,0,0,69.86,SUCCESS,0,NONE,NONE
BUILD-1668,PIPE-worker,build_step_4,build,100.63,488.95,50,8,0.8621,0.7772,4,0,3,659.57,SUCCESS,0,NONE,NONE
BUILD-1669,PIPE-auth,lint_step_2,lint,5.0,48.08,1,121,0.0082,0.4262,15,0,0,99.26,SUCCESS,0,NONE,NONE
BUILD-1669,PIPE-ml,integration_test_step_4,integration_test,47.02,57.95,0,0,1.0,0.5831,12,0,6,290.24,SUCCESS,0,NONE,NONE
BUILD-1669,PIPE-worker,lint_step_1,lint,5.0,15.34,153,8,0.9503,0.6013,14,0,0,82.33,SUCCESS,0,NONE,NONE
BUILD-1670,PIPE-web,package_step_1,package,42.16,43.12,0,0,1.0,0.393,9,0,6,194.28,SUCCESS,0,NONE,NONE
BUILD-1670,PIPE-auth,security_scan_step_4,security_scan,181.07,18.58,0,0,1.0,0.4897,15,0,0,1026.15,SUCCESS,0,NONE,NONE
BUILD-1670,PIPE-ml,unit_test_step_1,unit_test,74.61,153.92,130,28,0.8228,0.1873,17,0,0,632.42,SUCCESS,0,NONE,NONE
BUILD-1671,PIPE-worker,lint_step_4,lint,6.92,10.06,7,115,0.0574,0.6374,10,0,0,94.25,SUCCESS,1,LOW_CACHE_EFFICIENCY,MEDIUM
BUILD-1671,PIPE-auth,security_scan_step_1,security_scan,294.0,131.29,0,0,1.0,0.5479,9,0,4,1103.23,SUCCESS,1,SLOW_TASK,HIGH
BUILD-1671,PIPE-core,checkout_step_1,checkout,5.0,97.87,0,0,1.0,0.3553,15,0,3,174.69,SUCCESS,0,NONE,NONE
BUILD-1672,PIPE-auth,security_scan_step_3,security_scan,79.52,13.34,0,0,1.0,0.2432,17,0,5,511.34,SUCCESS,0,NONE,NONE
BUILD-1672,PIPE-ml,unit_test_step_2,unit_test,135.91,23.94,14,107,0.1157,0.5639,14,0,0,744.75,SUCCESS,0,NONE,NONE
BUILD-1672,PIPE-core,unit_test_step_1,unit_test,170.22,147.71,6,129,0.0444,0.6715,13,0,0,940.33,SUCCESS,1,LOW_CACHE_EFFICIENCY,MEDIUM
BUILD-1673,PIPE-auth,integration_test_step_3,integration_test,77.63,18.21,0,0,1.0,0.7114,9,0,0,294.32,SUCCESS,0,NONE,NONE
BUILD-1673,PIPE-worker,dependency_install_step_2,dependency_install,48.56,52.74,163,6,0.9645,0.5846,16,0,3,348.36,SUCCESS,0,NONE,NONE
BUILD-1673,PIPE-worker,unit_test_step_1,unit_test,79.44,398.73,131,25,0.8397,0.3714,12,0,0,751.27,SUCCESS,1,QUEUE_BOTTLENECK,HIGH
BUILD-1674,PIPE-auth,package_step_3,package,42.15,65.16,0,0,1.0,0.6715,18,0,0,348.89,SUCCESS,0,NONE,NONE
BUILD-1674,PIPE-worker,compile_step_1,compile,109.71,483.86,136,18,0.8831,0.4155,10,0,2,907.42,SUCCESS,1,QUEUE_BOTTLENECK,HIGH
BUILD-1674,PIPE-web,checkout_step_4,checkout,43.41,86.0,0,0,1.0,0.5166,6,0,2,199.93,SUCCESS,0,NONE,NONE
BUILD-1675,PIPE-auth,integration_test_step_3,integration_test,45.33,636.33,0,0,1.0,0.8063,17,0,0,929.42,SUCCESS,1,QUEUE_BOTTLENECK,HIGH
BUILD-1675,PIPE-worker,checkout_step_2,checkout,11.61,85.34,0,0,1.0,0.5972,17,1,2,192.27,FAILED,0,NONE,NONE
BUILD-1675,PIPE-worker,dependency_install_step_3,dependency_install,165.11,19.24,104,18,0.8525,0.4255,4,0,2,289.28,SUCCESS,0,NONE,NONE
BUILD-1676,PIPE-ml,unit_test_step_1,unit_test,323.51,17.74,121,25,0.8288,0.9767,8,2,0,964.85,FAILED,1,SLOW_TASK,CRITICAL
BUILD-1676,PIPE-ml,checkout_step_4,checkout,17.28,86.37,0,0,1.0,0.2585,18,0,0,249.07,SUCCESS,0,NONE,NONE
BUILD-1676,PIPE-web,package_step_3,package,23.36,336.37,0,0,1.0,0.4939,13,2,2,479.1,FAILED,0,NONE,NONE
BUILD-1677,PIPE-web,lint_step_4,lint,24.04,141.58,180,2,0.989,0.418,11,0,0,268.41,SUCCESS,0,NONE,NONE
BUILD-1677,PIPE-web,integration_test_step_1,integration_test,153.92,700.73,0,0,1.0,0.6313,4,0,4,935.54,SUCCESS,1,QUEUE_BOTTLENECK,HIGH
BUILD-1677,PIPE-core,lint_step_1,lint,29.41,41.14,85,12,0.8763,0.5988,13,2,4,219.05,FAILED,0,NONE,NONE
BUILD-1678,PIPE-api,checkout_step_4,checkout,45.19,85.06,0,0,1.0,0.3246,12,0,2,309.07,SUCCESS,0,NONE,NONE
BUILD-1678,PIPE-core,unit_test_step_4,unit_test,23.14,62.36,183,25,0.8798,0.497,4,0,4,127.84,SUCCESS,0,NONE,NONE
BUILD-1678,PIPE-ml,unit_test_step_4,unit_test,49.33,54.22,120,5,0.96,0.3893,6,0,5,175.2,SUCCESS,0,NONE,LOW
BUILD-1679,PIPE-ml,unit_test_step_4,unit_test,228.03,51.0,92,16,0.8519,0.1823,11,0,5,967.7,SUCCESS,1,SLOW_TASK,HIGH
BUILD-1679,PIPE-api,security_scan_step_4,security_scan,210.27,44.69,0,0,1.0,0.5343,7,0,0,618.55,SUCCESS,0,NONE,NONE
BUILD-1679,PIPE-auth,build_step_1,build,153.76,13.5,125,26,0.8278,0.9563,10,0,0,610.92,SUCCESS,0,NONE,NONE
BUILD-1680,PIPE-auth,integration_test_step_1,integration_test,51.78,78.02,0,0,1.0,0.5382,7,0,5,236.6,SUCCESS,0,NONE,NONE
BUILD-1680,PIPE-auth,unit_test_step_1,unit_test,75.61,39.55,108,17,0.864,0.817,13,1,0,413.18,FAILED,0,NONE,NONE
BUILD-1680,PIPE-worker,compile_step_3,compile,83.27,30.93,164,3,0.982,0.3414,12,0,4,398.92,SUCCESS,0,NONE,NONE
BUILD-1681,PIPE-core,integration_test_step_4,integration_test,144.89,56.49,0,0,1.0,0.6082,7,0,0,460.18,SUCCESS,0,NONE,NONE
BUILD-1681,PIPE-auth,integration_test_step_1,integration_test,156.88,200.33,0,0,1.0,0.2618,11,0,5,854.03,SUCCESS,0,NONE,NONE
BUILD-1681,PIPE-auth,integration_test_step_3,integration_test,118.84,53.96,0,0,1.0,0.5007,15,0,0,727.77,SUCCESS,0,NONE,NONE
BUILD-1682,PIPE-web,integration_test_step_4,integration_test,113.21,54.85,0,0,1.0,0.5998,17,2,0,773.71,FAILED,0,NONE,LOW
BUILD-1682,PIPE-api,integration_test_step_1,integration_test,74.97,83.77,0,0,1.0,0.3595,16,0,0,532.94,SUCCESS,0,NONE,NONE
BUILD-1682,PIPE-auth,build_step_1,build,131.02,371.22,188,18,0.9126,0.3852,17,0,0,1204.45,SUCCESS,1,QUEUE_BOTTLENECK,HIGH
BUILD-1683,PIPE-api,lint_step_1,lint,22.92,14.79,152,14,0.9157,0.6602,17,0,5,169.07,SUCCESS,0,NONE,NONE
BUILD-1683,PIPE-api,unit_test_step_2,unit_test,38.34,10.53,17,117,0.1269,0.5398,7,0,0,164.22,SUCCESS,0,NONE,NONE
BUILD-1683,PIPE-ml,compile_step_4,compile,185.13,61.3,130,3,0.9774,0.4665,9,0,0,675.46,SUCCESS,0,NONE,NONE
BUILD-1684,PIPE-api,package_step_2,package,5.0,19.72,0,0,1.0,0.5916,4,0,0,76.16,SUCCESS,0,NONE,NONE
BUILD-1684,PIPE-ml,build_step_2,build,83.32,524.84,60,23,0.7229,0.5408,9,0,2,809.28,SUCCESS,1,QUEUE_BOTTLENECK,HIGH
BUILD-1684,PIPE-auth,unit_test_step_2,unit_test,74.56,172.1,121,10,0.9237,0.9353,9,0,2,431.74,SUCCESS,1,AGENT_UTILISATION,MEDIUM
BUILD-1685,PIPE-web,checkout_step_4,checkout,5.0,142.74,0,0,1.0,0.5944,15,0,4,200.32,SUCCESS,0,NONE,NONE
BUILD-1685,PIPE-api,unit_test_step_4,unit_test,61.67,679.39,150,28,0.8427,0.3499,12,0,0,956.25,SUCCESS,0,NONE,NONE
BUILD-1685,PIPE-worker,integration_test_step_1,integration_test,169.83,165.67,0,0,1.0,0.986,14,0,0,1024.95,SUCCESS,0,NONE,NONE
BUILD-1686,PIPE-auth,compile_step_4,compile,81.55,113.78,125,2,0.9843,0.5205,7,0,0,336.12,SUCCESS,0,NONE,NONE
BUILD-1686,PIPE-core,checkout_step_2,checkout,28.16,122.54,0,0,1.0,0.7008,11,0,0,267.65,SUCCESS,0,NONE,NONE
BUILD-1686,PIPE-web,integration_test_step_4,integration_test,280.1,70.19,0,0,1.0,0.1674,6,0,5,696.0,SUCCESS,1,SLOW_TASK,HIGH
BUILD-1687,PIPE-api,dependency_install_step_4,dependency_install,20.82,161.63,103,24,0.811,0.9231,13,0,4,275.25,SUCCESS,0,NONE,NONE
BUILD-1687,PIPE-api,compile_step_3,compile,77.33,593.74,145,4,0.9732,0.6077,14,0,0,1022.01,SUCCESS,1,QUEUE_BOTTLENECK,HIGH
BUILD-1687,PIPE-worker,checkout_step_4,checkout,19.47,153.45,0,0,1.0,0.5789,16,0,3,317.78,SUCCESS,0,NONE,NONE
BUILD-1688,PIPE-web,lint_step_3,lint,62.69,203.18,174,10,0.9457,0.5403,18,0,2,653.67,SUCCESS,0,NONE,NONE
BUILD-1688,PIPE-api,build_step_1,build,96.27,95.11,18,110,0.1406,0.9248,17,0,4,698.52,SUCCESS,1,LOW_CACHE_EFFICIENCY,HIGH
BUILD-1688,PIPE-web,security_scan_step_4,security_scan,103.87,221.22,0,0,1.0,0.9193,13,0,0,740.76,SUCCESS,1,AGENT_UTILISATION,MEDIUM
BUILD-1689,PIPE-worker,compile_step_2,compile,100.12,19.49,82,19,0.8119,0.2854,14,0,2,568.83,SUCCESS,0,NONE,NONE
BUILD-1689,PIPE-worker,package_step_3,package,6.22,35.05,0,0,1.0,0.5551,13,0,0,85.06,SUCCESS,0,NONE,NONE
BUILD-1689,PIPE-auth,build_step_4,build,142.42,93.73,146,15,0.9068,0.7099,5,1,0,360.0,FAILED,0,NONE,NONE
BUILD-1690,PIPE-api,compile_step_1,compile,176.36,425.05,82,6,0.9318,0.5103,7,0,3,895.35,SUCCESS,1,QUEUE_BOTTLENECK,HIGH
BUILD-1690,PIPE-ml,unit_test_step_4,unit_test,157.83,98.59,174,13,0.9305,0.7255,4,0,0,364.65,SUCCESS,0,NONE,NONE
BUILD-1690,PIPE-ml,compile_step_4,compile,309.74,625.81,92,8,0.92,0.5959,17,0,0,2502.47,SUCCESS,1,QUEUE_BOTTLENECK,CRITICAL
BUILD-1691,PIPE-worker,build_step_2,build,50.84,51.2,63,5,0.9265,0.6967,7,0,6,209.42,SUCCESS,0,NONE,NONE
BUILD-1691,PIPE-web,security_scan_step_4,security_scan,91.88,56.0,0,0,1.0,0.8007,9,0,5,383.05,SUCCESS,0,NONE,NONE
BUILD-1691,PIPE-web,lint_step_3,lint,81.88,94.58,17,81,0.1735,0.9428,6,0,3,309.95,SUCCESS,1,LOW_CACHE_EFFICIENCY,HIGH
BUILD-1692,PIPE-web,lint_step_3,lint,5.0,201.24,86,7,0.9247,0.7871,12,2,0,243.15,FAILED,0,NONE,NONE
BUILD-1692,PIPE-api,checkout_step_3,checkout,15.55,125.46,0,0,1.0,0.6553,15,0,3,236.99,SUCCESS,0,NONE,NONE
BUILD-1692,PIPE-core,dependency_install_step_4,dependency_install,35.35,87.36,131,8,0.9424,0.9863,17,0,0,356.03,SUCCESS,0,NONE,NONE
BUILD-1693,PIPE-worker,unit_test_step_4,unit_test,344.82,87.25,63,24,0.7241,0.5406,9,0,0,1190.68,SUCCESS,0,NONE,NONE
BUILD-1693,PIPE-api,checkout_step_2,checkout,16.31,15.05,0,0,1.0,0.5684,5,0,0,94.8,SUCCESS,0,NONE,NONE
BUILD-1693,PIPE-core,package_step_1,package,24.45,78.61,0,0,1.0,0.2742,12,0,0,198.81,SUCCESS,0,NONE,NONE
BUILD-1694,PIPE-web,unit_test_step_2,unit_test,178.09,23.72,63,15,0.8077,0.5932,14,0,6,938.97,SUCCESS,0,NONE,NONE
BUILD-1694,PIPE-api,build_step_1,build,138.8,39.7,100,2,0.9804,0.4278,4,0,0,287.12,SUCCESS,0,NONE,NONE
BUILD-1694,PIPE-web,package_step_3,package,10.55,11.52,0,0,1.0,0.9353,9,0,2,68.06,SUCCESS,0,NONE,LOW
BUILD-1695,PIPE-api,checkout_step_4,checkout,29.1,243.18,0,0,1.0,0.9498,5,0,0,319.65,SUCCESS,0,NONE,LOW
BUILD-1695,PIPE-worker,unit_test_step_2,unit_test,89.33,12.68,86,6,0.9348,0.9141,6,0,6,242.64,SUCCESS,0,NONE,NONE
BUILD-1695,PIPE-ml,dependency_install_step_3,dependency_install,147.13,116.57,74,23,0.7629,0.6368,16,1,3,958.2,FAILED,0,NONE,NONE
BUILD-1696,PIPE-web,dependency_install_step_1,dependency_install,53.35,141.48,143,7,0.9533,0.1779,5,0,0,258.49,SUCCESS,0,NONE,NONE
BUILD-1696,PIPE-worker,security_scan_step_3,security_scan,74.09,457.05,0,0,1.0,0.2513,12,0,5,794.02,SUCCESS,1,QUEUE_BOTTLENECK,HIGH
BUILD-1696,PIPE-worker,lint_step_2,lint,31.96,78.53,159,8,0.9521,0.606,15,1,0,276.05,FAILED,0,NONE,NONE
BUILD-1697,PIPE-api,unit_test_step_4,unit_test,167.17,10.94,112,10,0.918,0.7251,12,0,0,770.25,SUCCESS,0,NONE,NONE
BUILD-1697,PIPE-web,unit_test_step_1,unit_test,166.4,58.49,12,91,0.1165,0.7087,9,0,0,614.82,SUCCESS,1,LOW_CACHE_EFFICIENCY,MEDIUM
BUILD-1697,PIPE-worker,package_step_3,package,16.31,72.13,0,0,1.0,0.6253,12,1,0,193.4,FAILED,0,NONE,NONE
BUILD-1698,PIPE-core,compile_step_3,compile,132.93,14.35,198,24,0.8919,0.8101,8,0,0,416.32,SUCCESS,0,NONE,NONE
BUILD-1698,PIPE-worker,unit_test_step_3,unit_test,233.52,395.52,193,20,0.9061,0.6303,15,0,0,1674.45,SUCCESS,1,QUEUE_BOTTLENECK,CRITICAL
BUILD-1698,PIPE-auth,integration_test_step_3,integration_test,145.84,26.08,0,0,1.0,0.6486,7,0,0,435.94,SUCCESS,0,NONE,NONE
BUILD-1699,PIPE-auth,dependency_install_step_1,dependency_install,98.41,167.64,20,98,0.1695,0.5417,15,0,0,737.75,SUCCESS,0,NONE,NONE
BUILD-1699,PIPE-api,compile_step_2,compile,205.36,71.13,190,12,0.9406,0.5639,10,0,2,842.38,SUCCESS,0,NONE,NONE
BUILD-1699,PIPE-auth,dependency_install_step_4,dependency_install,26.32,203.6,189,27,0.875,0.5465,10,0,0,338.08,SUCCESS,0,NONE,NONE
BUILD-1700,PIPE-core,unit_test_step_2,unit_test,127.8,31.88,7,42,0.1429,0.6372,7,0,0,369.82,SUCCESS,1,LOW_CACHE_EFFICIENCY,MEDIUM
BUILD-1700,PIPE-api,lint_step_1,lint,41.01,115.05,158,28,0.8495,0.7296,12,2,0,345.92,FAILED,0,NONE,NONE
BUILD-1700,PIPE-web,integration_test_step_1,integration_test,120.08,540.96,0,0,1.0,0.9408,8,0,0,897.26,SUCCESS,1,QUEUE_BOTTLENECK,CRITICAL
BUILD-1701,PIPE-worker,unit_test_step_3,unit_test,179.93,38.02,198,28,0.8761,0.7756,10,0,0,703.49,SUCCESS,0,NONE,NONE
BUILD-1701,PIPE-api,integration_test_step_4,integration_test,235.94,713.12,0,0,1.0,0.5861,17,0,3,2166.19,SUCCESS,1,QUEUE_BOTTLENECK,CRITICAL
BUILD-1701,PIPE-auth,compile_step_1,compile,184.6,40.56,20,92,0.1786,0.6451,10,0,5,721.1,SUCCESS,1,LOW_CACHE_EFFICIENCY,HIGH
BUILD-1702,PIPE-worker,package_step_1,package,64.92,33.96,0,0,1.0,0.4242,7,0,2,224.27,SUCCESS,0,NONE,NONE
BUILD-1702,PIPE-core,dependency_install_step_1,dependency_install,95.31,543.59,113,20,0.8496,0.6575,15,0,3,1064.26,SUCCESS,1,QUEUE_BOTTLENECK,HIGH
BUILD-1702,PIPE-api,compile_step_3,compile,110.11,96.75,157,28,0.8486,0.6101,16,0,0,747.56,SUCCESS,0,NONE,NONE
BUILD-1703,PIPE-core,lint_step_3,lint,43.62,478.07,2,150,0.0132,0.7172,13,0,6,719.62,SUCCESS,1,QUEUE_BOTTLENECK,CRITICAL
BUILD-1703,PIPE-core,dependency_install_step_1,dependency_install,41.56,154.13,71,26,0.732,0.9357,17,0,2,434.68,SUCCESS,0,NONE,NONE
BUILD-1703,PIPE-auth,lint_step_4,lint,58.35,179.81,153,19,0.8895,0.3676,15,0,0,501.48,SUCCESS,0,NONE,NONE
BUILD-1704,PIPE-api,dependency_install_step_2,dependency_install,106.92,131.34,134,11,0.9241,0.5201,18,0,2,827.4,SUCCESS,0,NONE,NONE
BUILD-1704,PIPE-ml,unit_test_step_1,unit_test,68.91,25.97,75,8,0.9036,0.4353,10,1,5,323.64,FAILED,0,NONE,LOW
BUILD-1704,PIPE-ml,build_step_4,build,221.04,563.47,75,20,0.7895,0.7036,18,2,5,1994.58,FAILED,1,QUEUE_BOTTLENECK,CRITICAL
BUILD-1705,PIPE-ml,build_step_2,build,77.11,263.21,72,11,0.8675,0.9195,6,0,0,451.77,SUCCESS,0,NONE,NONE
BUILD-1705,PIPE-worker,build_step_1,build,206.53,41.52,161,17,0.9045,0.5533,9,0,6,743.39,SUCCESS,1,PARALLELISATION_OPPORTUNITY,MEDIUM
BUILD-1705,PIPE-core,compile_step_1,compile,250.18,447.72,127,21,0.8581,0.4027,14,0,0,1703.85,SUCCESS,1,QUEUE_BOTTLENECK,CRITICAL
BUILD-1706,PIPE-web,dependency_install_step_2,dependency_install,100.65,708.74,62,4,0.9394,0.6096,5,0,5,901.02,SUCCESS,0,NONE,NONE
BUILD-1706,PIPE-api,unit_test_step_4,unit_test,189.36,53.57,136,7,0.951,0.6362,6,0,2,495.28,SUCCESS,0,NONE,LOW
BUILD-1706,PIPE-ml,unit_test_step_4,unit_test,90.56,22.82,14,114,0.1094,0.4753,15,0,0,554.26,SUCCESS,0,NONE,NONE
BUILD-1707,PIPE-worker,integration_test_step_2,integration_test,166.19,105.56,0,0,1.0,0.9206,5,0,0,445.84,SUCCESS,0,NONE,NONE
BUILD-1707,PIPE-web,build_step_4,build,139.41,285.24,179,11,0.9421,0.4528,17,0,0,1148.63,SUCCESS,0,NONE,NONE
BUILD-1707,PIPE-worker,unit_test_step_3,unit_test,52.17,14.78,12,41,0.2264,0.4692,14,1,4,286.43,FAILED,1,LOW_CACHE_EFFICIENCY,MEDIUM
BUILD-1708,PIPE-core,lint_step_1,lint,34.91,12.27,157,29,0.8441,0.2087,4,0,0,94.57,SUCCESS,0,NONE,NONE
BUILD-1708,PIPE-core,checkout_step_4,checkout,62.93,16.95,0,0,1.0,0.6255,14,0,0,366.18,SUCCESS,0,NONE,NONE
BUILD-1708,PIPE-auth,dependency_install_step_4,dependency_install,139.18,34.52,3,55,0.0517,0.3856,16,0,3,871.34,SUCCESS,1,LOW_CACHE_EFFICIENCY,MEDIUM
BUILD-1709,PIPE-api,dependency_install_step_2,dependency_install,90.22,54.72,170,12,0.9341,0.5586,12,0,0,458.71,SUCCESS,0,NONE,NONE
BUILD-1709,PIPE-core,compile_step_1,compile,120.19,40.49,165,21,0.8871,0.4149,7,0,0,372.03,SUCCESS,0,NONE,NONE
BUILD-1709,PIPE-web,security_scan_step_3,security_scan,139.64,43.68,0,0,1.0,0.5965,11,0,0,610.5,SUCCESS,0,NONE,NONE
BUILD-1710,PIPE-core,lint_step_4,lint,12.12,20.27,142,17,0.8931,0.4685,4,0,2,92.97,SUCCESS,0,NONE,NONE
BUILD-1710,PIPE-core,build_step_1,build,274.71,32.61,9,150,0.0566,0.4902,9,0,3,952.73,SUCCESS,1,LOW_CACHE_EFFICIENCY,CRITICAL
BUILD-1710,PIPE-auth,lint_step_1,lint,45.55,11.92,170,19,0.8995,0.4878,11,0,2,208.33,SUCCESS,0,NONE,NONE
BUILD-1711,PIPE-ml,unit_test_step_2,unit_test,120.92,665.15,138,17,0.8903,0.6011,12,0,0,1193.37,SUCCESS,1,QUEUE_BOTTLENECK,HIGH
BUILD-1711,PIPE-api,unit_test_step_1,unit_test,99.89,33.06,19,132,0.1258,0.5456,11,0,5,465.05,SUCCESS,0,NONE,NONE
BUILD-1711,PIPE-core,compile_step_3,compile,148.32,28.59,176,27,0.867,0.6838,13,0,0,732.4,SUCCESS,0,NONE,NONE
BUILD-1712,PIPE-auth,build_step_1,build,210.64,40.73,160,20,0.8889,0.6207,15,0,0,1199.75,SUCCESS,0,NONE,NONE
BUILD-1712,PIPE-worker,checkout_step_1,checkout,10.1,43.73,0,0,1.0,0.8089,10,0,0,117.62,SUCCESS,0,NONE,NONE
BUILD-1712,PIPE-core,checkout_step_3,checkout,26.94,531.44,0,0,1.0,0.6014,18,0,6,747.31,SUCCESS,0,NONE,NONE
BUILD-1713,PIPE-core,dependency_install_step_2,dependency_install,35.47,266.99,99,17,0.8534,0.5937,13,0,0,484.16,SUCCESS,0,NONE,NONE
BUILD-1713,PIPE-web,unit_test_step_4,unit_test,266.13,160.0,0,108,0.0,0.2982,6,0,3,738.23,SUCCESS,1,LOW_CACHE_EFFICIENCY,CRITICAL
BUILD-1713,PIPE-web,unit_test_step_1,unit_test,149.55,116.13,82,11,0.8817,0.9474,9,0,2,640.1,SUCCESS,0,NONE,NONE
BUILD-1714,PIPE-web,compile_step_3,compile,120.64,12.54,57,14,0.8028,0.5153,11,0,3,514.61,SUCCESS,0,NONE,NONE
BUILD-1714,PIPE-core,compile_step_2,compile,176.32,48.76,10,126,0.0735,0.8112,9,0,6,630.89,SUCCESS,1,LOW_CACHE_EFFICIENCY,HIGH
BUILD-1714,PIPE-api,unit_test_step_2,unit_test,104.86,621.93,4,117,0.0331,0.5068,6,0,0,865.52,SUCCESS,1,QUEUE_BOTTLENECK,CRITICAL
BUILD-1715,PIPE-worker,dependency_install_step_4,dependency_install,14.16,55.82,4,146,0.0267,0.923,8,0,0,136.42,SUCCESS,1,LOW_CACHE_EFFICIENCY,HIGH
BUILD-1715,PIPE-api,build_step_3,build,41.86,51.22,153,14,0.9162,0.7808,11,0,3,264.35,SUCCESS,0,NONE,NONE
BUILD-1715,PIPE-core,package_step_1,package,10.88,17.08,0,0,1.0,0.3843,12,1,0,118.01,FAILED,0,NONE,NONE
BUILD-1716,PIPE-web,checkout_step_2,checkout,44.04,513.36,0,0,1.0,0.9725,13,1,0,738.59,FAILED,1,QUEUE_BOTTLENECK,CRITICAL
BUILD-1716,PIPE-ml,compile_step_3,compile,167.54,92.96,174,4,0.9775,0.6787,4,1,4,369.63,FAILED,0,NONE,NONE
BUILD-1716,PIPE-web,unit_test_step_4,unit_test,210.86,422.08,146,24,0.8588,0.5906,8,0,0,1047.78,SUCCESS,1,QUEUE_BOTTLENECK,HIGH
BUILD-1717,PIPE-web,package_step_3,package,10.67,503.8,0,0,1.0,0.7011,13,0,4,569.78,SUCCESS,1,QUEUE_BOTTLENECK,HIGH
BUILD-1717,PIPE-ml,lint_step_2,lint,25.68,430.58,148,22,0.8706,0.5743,11,0,4,584.1,SUCCESS,0,NONE,NONE
BUILD-1717,PIPE-worker,security_scan_step_2,security_scan,139.96,25.22,0,0,1.0,0.7011,5,0,2,311.44,SUCCESS,0,NONE,NONE
BUILD-1718,PIPE-ml,unit_test_step_4,unit_test,90.56,26.51,159,12,0.9298,0.9308,6,0,0,259.18,SUCCESS,0,NONE,LOW
BUILD-1718,PIPE-core,lint_step_2,lint,21.26,50.79,132,17,0.8859,0.7385,10,0,0,159.5,SUCCESS,0,NONE,NONE
BUILD-1718,PIPE-api,checkout_step_1,checkout,93.05,14.68,0,0,1.0,0.5814,14,0,0,496.88,SUCCESS,0,NONE,NONE
BUILD-1719,PIPE-worker,dependency_install_step_2,dependency_install,120.97,513.08,15,55,0.2143,0.3318,13,0,6,1115.97,SUCCESS,1,QUEUE_BOTTLENECK,CRITICAL
BUILD-1719,PIPE-ml,compile_step_3,compile,73.04,28.31,71,4,0.9467,0.5923,6,0,3,203.33,SUCCESS,0,NONE,NONE
BUILD-1719,PIPE-web,lint_step_2,lint,77.93,188.24,88,29,0.7521,0.6849,15,1,5,644.31,FAILED,0,NONE,NONE
BUILD-1720,PIPE-ml,integration_test_step_4,integration_test,126.46,86.06,0,0,1.0,0.7028,11,0,5,619.28,SUCCESS,0,NONE,NONE
BUILD-1720,PIPE-api,lint_step_4,lint,13.06,152.0,137,30,0.8204,0.3117,12,0,0,250.37,SUCCESS,0,NONE,NONE
BUILD-1720,PIPE-core,lint_step_3,lint,19.93,336.26,124,7,0.9466,0.3789,17,0,0,499.81,SUCCESS,1,QUEUE_BOTTLENECK,HIGH
BUILD-1721,PIPE-core,lint_step_4,lint,88.24,23.15,138,9,0.9388,0.5909,18,0,5,140.39,SUCCESS,0,NONE,NONE
BUILD-1721,PIPE-worker,integration_test_step_4,integration_test,116.3,135.39,0,0,1.0,0.5782,8,0,6,491.19,SUCCESS,0,NONE,NONE
BUILD-1721,PIPE-web,lint_step_1,lint,22.3,55.63,130,2,0.9848,0.7886,13,0,6,185.33,SUCCESS,0,NONE,NONE
BUILD-1722,PIPE-core,dependency_install_step_1,dependency_install,35.53,31.91,164,30,0.8454,0.4638,11,0,0,187.23,SUCCESS,0,NONE,NONE
BUILD-1722,PIPE-auth,unit_test_step_2,unit_test,140.44,54.13,85,4,0.9551,0.9658,5,0,0,316.43,SUCCESS,1,AGENT_UTILISATION,MEDIUM
BUILD-1722,PIPE-core,dependency_install_step_2,dependency_install,25.68,34.46,190,29,0.8676,0.3617,17,0,4,237.76,SUCCESS,0,NONE,NONE
BUILD-1723,PIPE-ml,integration_test_step_2,integration_test,178.31,12.86,0,0,1.0,0.7029,8,0,3,530.36,SUCCESS,1,PARALLELISATION_OPPORTUNITY,MEDIUM
BUILD-1723,PIPE-ml,integration_test_step_2,integration_test,87.4,589.35,0,0,1.0,0.4501,14,0,0,1056.2,SUCCESS,1,QUEUE_BOTTLENECK,HIGH
BUILD-1723,PIPE-api,dependency_install_step_2,dependency_install,91.9,42.78,119,12,0.9084,0.9571,18,0,0,648.35,SUCCESS,0,NONE,LOW
BUILD-1724,PIPE-api,unit_test_step_2,unit_test,62.69,25.93,183,15,0.9242,0.7309,5,1,3,159.8,FAILED,0,NONE,LOW
BUILD-1724,PIPE-core,build_step_3,build,83.2,66.15,149,28,0.8418,0.6873,17,0,0,619.24,SUCCESS,0,NONE,NONE
BUILD-1724,PIPE-worker,security_scan_step_4,security_scan,122.48,536.52,0,0,1.0,0.3338,6,0,0,833.58,SUCCESS,1,QUEUE_BOTTLENECK,HIGH
BUILD-1725,PIPE-worker,security_scan_step_1,security_scan,89.3,51.32,0,0,1.0,0.4766,17,0,0,626.29,SUCCESS,0,NONE,NONE
BUILD-1725,PIPE-worker,build_step_2,build,57.5,360.14,157,10,0.9401,0.3253,17,1,0,736.92,FAILED,0,NONE,NONE
BUILD-1725,PIPE-auth,unit_test_step_1,unit_test,163.43,14.89,145,3,0.9797,0.531,18,0,0,1089.7,SUCCESS,0,NONE,NONE
BUILD-1726,PIPE-core,unit_test_step_1,unit_test,91.3,167.66,16,133,0.1074,0.2597,14,0,2,632.66,SUCCESS,0,NONE,LOW
BUILD-1726,PIPE-core,compile_step_1,compile,282.71,19.43,180,12,0.9375,0.9631,7,0,0,750.54,SUCCESS,1,SLOW_TASK,CRITICAL
BUILD-1726,PIPE-core,compile_step_2,compile,137.16,11.02,140,18,0.8861,0.9614,4,2,0,221.36,FAILED,0,NONE,NONE
BUILD-1727,PIPE-web,unit_test_step_4,unit_test,246.97,564.65,165,19,0.8967,0.4929,5,0,5,1049.31,SUCCESS,1,QUEUE_BOTTLENECK,CRITICAL
BUILD-1727,PIPE-ml,dependency_install_step_2,dependency_install,47.53,25.5,2,53,0.0364,0.4228,18,0,0,347.86,SUCCESS,0,NONE,NONE
BUILD-1727,PIPE-core,integration_test_step_4,integration_test,132.43,75.26,0,0,1.0,0.3717,9,0,3,461.21,SUCCESS,0,NONE,NONE
BUILD-1728,PIPE-core,unit_test_step_1,unit_test,205.07,85.35,135,19,0.8766,0.3907,7,0,4,634.28,SUCCESS,0,NONE,NONE
BUILD-1728,PIPE-worker,security_scan_step_3,security_scan,80.61,35.52,0,0,1.0,0.5317,7,0,0,290.52,SUCCESS,0,NONE,NONE
BUILD-1728,PIPE-api,unit_test_step_2,unit_test,67.48,715.47,173,12,0.9351,0.5526,5,0,5,862.38,SUCCESS,1,QUEUE_BOTTLENECK,HIGH
BUILD-1729,PIPE-worker,integration_test_step_2,integration_test,144.9,425.28,0,0,1.0,0.5104,7,1,0,808.83,FAILED,0,NONE,NONE
BUILD-1729,PIPE-api,build_step_4,build,116.15,501.36,160,20,0.8889,0.6492,14,0,0,1119.58,SUCCESS,1,QUEUE_BOTTLENECK,HIGH
BUILD-1729,PIPE-ml,security_scan_step_2,security_scan,90.32,68.59,0,0,1.0,0.7358,9,0,0,399.58,SUCCESS,0,NONE,LOW
BUILD-1730,PIPE-auth,unit_test_step_2,unit_test,77.73,44.11,18,100,0.1525,0.9566,15,0,0,498.96,SUCCESS,1,LOW_CACHE_EFFICIENCY,HIGH
BUILD-1730,PIPE-api,integration_test_step_2,integration_test,160.18,84.59,0,0,1.0,0.5408,11,0,0,746.81,SUCCESS,0,NONE,NONE
BUILD-1730,PIPE-auth,compile_step_3,compile,69.1,573.72,179,14,0.9275,0.4952,16,2,0,1008.32,FAILED,1,QUEUE_BOTTLENECK,HIGH
BUILD-1731,PIPE-api,checkout_step_2,checkout,39.4,33.66,0,0,1.0,0.4711,7,0,2,161.05,SUCCESS,0,NONE,NONE
BUILD-1731,PIPE-ml,unit_test_step_4,unit_test,179.33,22.97,19,146,0.1152,0.4864,15,0,0,985.18,SUCCESS,0,NONE,NONE
BUILD-1731,PIPE-worker,dependency_install_step_3,dependency_install,16.47,39.0,152,14,0.9157,0.5177,10,0,0,128.42,SUCCESS,0,NONE,NONE
BUILD-1732,PIPE-api,dependency_install_step_3,dependency_install,162.46,600.7,143,6,0.9597,0.4592,17,0,0,1610.86,SUCCESS,1,QUEUE_BOTTLENECK,HIGH
BUILD-1732,PIPE-worker,security_scan_step_3,security_scan,300.31,61.72,0,0,1.0,0.7067,7,0,0,844.51,SUCCESS,0,NONE,NONE
BUILD-1732,PIPE-web,compile_step_1,compile,215.91,168.03,122,17,0.8777,0.6775,10,1,5,981.77,FAILED,0,NONE,NONE
BUILD-1733,PIPE-auth,dependency_install_step_3,dependency_install,27.6,639.84,61,4,0.9385,0.5171,17,0,2,837.57,SUCCESS,0,NONE,NONE
BUILD-1733,PIPE-web,integration_test_step_2,integration_test,250.4,114.07,0,0,1.0,0.5805,18,0,0,1749.24,SUCCESS,1,SLOW_TASK,MEDIUM
BUILD-1733,PIPE-api,compile_step_3,compile,143.19,305.33,141,17,0.8924,0.5126,13,0,6,979.37,SUCCESS,1,QUEUE_BOTTLENECK,HIGH
BUILD-1734,PIPE-core,lint_step_4,lint,13.39,34.58,179,15,0.9227,0.5998,10,0,3,119.49,SUCCESS,0,NONE,LOW
BUILD-1734,PIPE-api,checkout_step_4,checkout,21.4,27.22,0,0,1.0,0.3984,10,0,0,118.12,SUCCESS,0,NONE,NONE
BUILD-1734,PIPE-auth,compile_step_2,compile,131.64,75.07,82,11,0.8817,0.9542,16,1,0,853.61,FAILED,0,NONE,NONE
BUILD-1735,PIPE-api,checkout_step_4,checkout,49.32,416.31,0,0,1.0,0.9771,14,0,6,698.07,SUCCESS,1,QUEUE_BOTTLENECK,CRITICAL
BUILD-1735,PIPE-core,integration_test_step_3,integration_test,173.75,25.48,0,0,1.0,0.3662,11,0,0,712.24,SUCCESS,0,NONE,NONE
BUILD-1735,PIPE-ml,security_scan_step_2,security_scan,132.13,37.4,0,0,1.0,0.8294,10,0,3,549.66,SUCCESS,0,NONE,NONE
BUILD-1736,PIPE-core,build_step_1,build,63.61,129.17,184,28,0.8679,0.626,7,1,2,309.53,FAILED,0,NONE,NONE
BUILD-1736,PIPE-web,build_step_1,build,186.89,375.12,109,12,0.9008,0.6449,8,1,0,930.89,FAILED,0,NONE,NONE
BUILD-1736,PIPE-api,integration_test_step_1,integration_test,47.0,12.86,0,0,1.0,0.5138,18,0,5,352.33,SUCCESS,0,NONE,LOW
BUILD-1737,PIPE-worker,unit_test_step_1,unit_test,145.09,16.44,85,6,0.9341,0.6487,10,0,0,554.86,SUCCESS,0,NONE,NONE
BUILD-1737,PIPE-web,lint_step_3,lint,19.75,96.67,138,24,0.8519,0.4485,17,0,0,251.01,SUCCESS,0,NONE,NONE
BUILD-1737,PIPE-api,security_scan_step_2,security_scan,55.53,429.22,0,0,1.0,0.4252,11,0,0,679.76,SUCCESS,0,NONE,NONE
BUILD-1738,PIPE-api,checkout_step_1,checkout,8.93,61.12,0,0,1.0,0.9744,10,0,4,121.36,SUCCESS,0,NONE,NONE
BUILD-1738,PIPE-ml,dependency_install_step_4,dependency_install,21.24,88.54,75,18,0.8065,0.3555,10,0,0,182.57,SUCCESS,0,NONE,NONE
BUILD-1738,PIPE-api,unit_test_step_2,unit_test,166.44,19.33,141,2,0.986,0.9609,14,0,0,879.7,SUCCESS,1,AGENT_UTILISATION,MEDIUM
BUILD-1739,PIPE-worker,build_step_2,build,194.73,104.47,13,95,0.1204,0.5908,17,2,0,1294.61,FAILED,0,NONE,NONE
BUILD-1739,PIPE-ml,unit_test_step_4,unit_test,93.18,14.44,97,19,0.8362,0.677,13,0,0,467.73,SUCCESS,0,NONE,LOW
BUILD-1739,PIPE-web,integration_test_step_2,integration_test,101.34,15.94,0,0,1.0,0.3933,5,0,0,213.24,SUCCESS,0,NONE,NONE
BUILD-1740,PIPE-worker,compile_step_4,compile,218.43,207.22,6,111,0.0513,0.7324,15,0,0,1377.06,SUCCESS,1,LOW_CACHE_EFFICIENCY,MEDIUM
BUILD-1740,PIPE-ml,package_step_3,package,19.9,648.07,0,0,1.0,0.6649,18,0,0,819.56,SUCCESS,1,QUEUE_BOTTLENECK,HIGH
BUILD-1740,PIPE-auth,dependency_install_step_1,dependency_install,26.05,125.21,11,90,0.1089,0.5331,5,0,0,194.74,SUCCESS,0,NONE,NONE
BUILD-1741,PIPE-web,unit_test_step_1,unit_test,140.37,555.02,61,2,0.9683,0.5897,6,0,0,906.14,SUCCESS,1,QUEUE_BOTTLENECK,HIGH
BUILD-1741,PIPE-auth,package_step_4,package,15.77,120.55,0,0,1.0,0.4151,4,0,0,198.58,SUCCESS,0,NONE,NONE
BUILD-1741,PIPE-core,dependency_install_step_2,dependency_install,88.32,61.02,20,104,0.1613,0.8201,14,1,6,520.37,FAILED,1,LOW_CACHE_EFFICIENCY,MEDIUM
BUILD-1742,PIPE-core,unit_test_step_3,unit_test,39.65,438.57,7,148,0.0452,0.3345,13,0,0,653.08,SUCCESS,1,QUEUE_BOTTLENECK,CRITICAL
BUILD-1742,PIPE-worker,dependency_install_step_1,dependency_install,151.93,501.89,100,2,0.9804,0.7237,16,0,5,1395.13,SUCCESS,1,QUEUE_BOTTLENECK,HIGH
BUILD-1742,PIPE-api,compile_step_4,compile,22.52,16.17,123,2,0.984,0.5804,9,0,4,108.1,SUCCESS,0,NONE,NONE
BUILD-1743,PIPE-ml,package_step_3,package,25.21,66.96,0,0,1.0,0.6154,18,0,5,265.71,SUCCESS,0,NONE,NONE
BUILD-1743,PIPE-web,integration_test_step_3,integration_test,188.02,266.44,0,0,1.0,0.524,9,0,0,875.91,SUCCESS,0,NONE,NONE
BUILD-1743,PIPE-auth,security_scan_step_4,security_scan,117.2,34.39,0,0,0.9288,0.601,7,0,0,375.3,SUCCESS,0,NONE,NONE
BUILD-1744,PIPE-auth,lint_step_2,lint,14.46,13.09,190,15,0.9268,0.7362,17,0,5,152.23,SUCCESS,0,NONE,NONE
BUILD-1744,PIPE-auth,compile_step_2,compile,306.08,648.89,167,17,0.9076,0.5425,11,1,0,1875.21,FAILED,1,QUEUE_BOTTLENECK,CRITICAL
BUILD-1744,PIPE-auth,compile_step_2,compile,97.41,14.5,193,8,0.9602,0.7454,14,0,0,516.67,SUCCESS,0,NONE,NONE
BUILD-1745,PIPE-auth,security_scan_step_1,security_scan,91.69,77.67,0,0,1.0,0.5998,16,0,2,606.58,SUCCESS,0,NONE,NONE
BUILD-1745,PIPE-auth,compile_step_4,compile,100.52,623.15,63,16,0.7975,0.5799,6,0,0,870.72,SUCCESS,1,QUEUE_BOTTLENECK,HIGH
BUILD-1745,PIPE-auth,checkout_step_4,checkout,71.86,38.13,0,0,1.0,0.645,11,0,0,332.53,SUCCESS,0,NONE,NONE
BUILD-1746,PIPE-web,security_scan_step_1,security_scan,197.15,10.85,0,0,1.0,0.7367,5,0,0,400.18,SUCCESS,0,NONE,NONE
BUILD-1746,PIPE-core,security_scan_step_1,security_scan,152.5,31.77,0,0,1.0,0.4072,14,0,4,832.76,SUCCESS,0,NONE,NONE
BUILD-1746,PIPE-core,dependency_install_step_4,dependency_install,55.09,100.7,109,28,0.7956,0.6519,11,0,2,362.83,SUCCESS,0,NONE,NONE
BUILD-1747,PIPE-ml,build_step_1,build,215.87,629.55,197,2,0.9899,0.5119,17,0,0,1952.4,SUCCESS,0,NONE,NONE
BUILD-1747,PIPE-api,integration_test_step_4,integration_test,31.42,105.1,0,0,1.0,0.3627,9,0,3,250.91,SUCCESS,0,NONE,NONE
BUILD-1747,PIPE-auth,security_scan_step_3,security_scan,118.84,61.52,0,0,1.0,0.4336,5,0,0,289.21,SUCCESS,0,NONE,NONE
BUILD-1748,PIPE-ml,checkout_step_2,checkout,52.25,279.03,0,0,1.0,0.9333,14,0,0,569.9,SUCCESS,0,NONE,NONE
BUILD-1748,PIPE-ml,dependency_install_step_4,dependency_install,53.21,63.29,156,6,0.963,0.557,12,0,5,339.55,SUCCESS,0,NONE,NONE
BUILD-1748,PIPE-core,package_step_2,package,34.4,58.55,0,0,1.0,0.4892,17,0,0,313.09,SUCCESS,0,NONE,NONE
BUILD-1749,PIPE-ml,dependency_install_step_4,dependency_install,58.63,285.52,13,43,0.2321,0.2343,12,0,0,591.04,SUCCESS,0,NONE,NONE
BUILD-1749,PIPE-core,integration_test_step_1,integration_test,53.22,38.47,0,0,1.0,0.5003,13,0,0,319.88,SUCCESS,0,NONE,NONE
BUILD-1749,PIPE-auth,integration_test_step_1,integration_test,85.43,18.43,0,0,1.0,0.7328,4,0,4,184.62,SUCCESS,0,NONE,NONE
BUILD-1750,PIPE-auth,dependency_install_step_2,dependency_install,176.49,50.7,157,16,0.9075,0.4015,16,0,0,1064.27,SUCCESS,0,NONE,NONE
BUILD-1750,PIPE-api,lint_step_1,lint,22.46,64.68,73,23,0.7604,0.6116,6,1,3,140.17,FAILED,0,NONE,NONE
BUILD-1750,PIPE-web,checkout_step_2,checkout,30.41,99.86,0,0,1.0,0.4443,7,0,0,234.35,SUCCESS,0,NONE,NONE
BUILD-1751,PIPE-worker,unit_test_step_2,unit_test,77.67,53.59,10,77,0.1149,0.6975,15,0,0,511.23,SUCCESS,1,LOW_CACHE_EFFICIENCY,MEDIUM
BUILD-1751,PIPE-auth,build_step_2,build,112.44,13.94,145,9,0.9416,0.7968,5,0,0,266.03,SUCCESS,0,NONE,NONE
BUILD-1751,PIPE-auth,unit_test_step_1,unit_test,159.54,17.73,0,92,0.0,0.9621,13,0,0,786.06,SUCCESS,1,LOW_CACHE_EFFICIENCY,HIGH
BUILD-1752,PIPE-api,unit_test_step_3,unit_test,192.14,312.77,104,29,0.782,0.5552,5,0,0,690.89,SUCCESS,0,NONE,NONE
BUILD-1752,PIPE-ml,unit_test_step_2,unit_test,105.7,51.1,3,115,0.0254,0.5992,10,0,3,442.75,SUCCESS,1,LOW_CACHE_EFFICIENCY,MEDIUM
BUILD-1752,PIPE-ml,unit_test_step_4,unit_test,231.92,365.39,4,112,0.0345,0.7711,11,0,6,1281.4,SUCCESS,1,QUEUE_BOTTLENECK,CRITICAL
BUILD-1753,PIPE-ml,integration_test_step_1,integration_test,196.97,12.75,0,0,1.0,0.3303,8,0,0,610.56,SUCCESS,0,NONE,NONE
BUILD-1753,PIPE-api,lint_step_4,lint,53.58,37.25,193,17,0.919,0.4311,4,0,3,129.73,SUCCESS,0,NONE,NONE
BUILD-1753,PIPE-api,integration_test_step_4,integration_test,301.55,180.54,0,0,1.0,0.3274,7,0,3,955.07,SUCCESS,1,SLOW_TASK,HIGH
BUILD-1754,PIPE-web,unit_test_step_4,unit_test,101.6,13.26,67,19,0.7791,0.428,6,0,0,281.49,SUCCESS,0,NONE,LOW
BUILD-1754,PIPE-api,lint_step_2,lint,40.09,16.08,10,52,0.1613,0.5527,8,0,3,178.05,SUCCESS,1,LOW_CACHE_EFFICIENCY,MEDIUM
BUILD-1754,PIPE-core,checkout_step_2,checkout,9.57,184.54,0,0,1.0,0.6299,4,0,0,251.49,SUCCESS,0,NONE,LOW
BUILD-1755,PIPE-ml,unit_test_step_1,unit_test,142.49,22.2,106,15,0.876,0.4987,7,0,0,389.68,SUCCESS,0,NONE,NONE
BUILD-1755,PIPE-ml,unit_test_step_2,unit_test,99.44,116.87,169,25,0.8711,0.4743,15,0,0,684.68,SUCCESS,0,NONE,LOW
BUILD-1755,PIPE-core,compile_step_1,compile,55.17,295.11,62,17,0.7848,0.5871,11,0,0,565.39,SUCCESS,0,NONE,NONE
BUILD-1756,PIPE-core,lint_step_3,lint,19.24,549.68,0,107,0.0,0.2654,16,0,0,690.07,SUCCESS,1,QUEUE_BOTTLENECK,CRITICAL
BUILD-1756,PIPE-auth,compile_step_3,compile,93.78,41.31,157,21,0.882,0.4521,13,0,0,513.9,SUCCESS,0,NONE,NONE
BUILD-1756,PIPE-worker,unit_test_step_1,unit_test,185.3,104.03,79,24,0.767,0.5691,12,0,0,918.62,SUCCESS,0,NONE,NONE
BUILD-1757,PIPE-web,unit_test_step_2,unit_test,145.8,114.54,147,26,0.8497,0.4736,7,0,0,522.62,SUCCESS,0,NONE,NONE
BUILD-1757,PIPE-api,integration_test_step_4,integration_test,121.56,98.71,0,0,1.0,0.8295,4,0,0,288.25,SUCCESS,0,NONE,NONE
BUILD-1757,PIPE-web,security_scan_step_1,security_scan,317.17,234.38,0,0,1.0,0.633,18,0,3,2289.97,SUCCESS,1,SLOW_TASK,HIGH
BUILD-1758,PIPE-core,compile_step_1,compile,294.78,464.43,74,23,0.7629,0.6191,14,0,3,1943.16,SUCCESS,1,QUEUE_BOTTLENECK,CRITICAL
BUILD-1758,PIPE-core,integration_test_step_4,integration_test,160.73,21.55,0,0,1.0,0.3865,8,0,5,512.96,SUCCESS,0,NONE,NONE
BUILD-1758,PIPE-auth,unit_test_step_4,unit_test,72.13,46.21,17,111,0.1328,0.2085,7,1,3,268.81,FAILED,0,NONE,NONE
BUILD-1759,PIPE-auth,build_step_2,build,203.2,135.31,70,26,0.7292,0.6669,6,0,0,616.22,SUCCESS,0,NONE,NONE
BUILD-1759,PIPE-auth,dependency_install_step_2,dependency_install,14.33,132.57,10,116,0.0794,0.651,5,1,5,187.3,FAILED,1,LOW_CACHE_EFFICIENCY,MEDIUM
BUILD-1759,PIPE-ml,build_step_2,build,57.42,166.89,14,61,0.1867,0.9493,6,0,2,325.5,SUCCESS,1,LOW_CACHE_EFFICIENCY,HIGH
BUILD-1760,PIPE-auth,dependency_install_step_4,dependency_install,49.1,30.4,172,12,0.9348,0.4503,12,0,0,283.97,SUCCESS,0,NONE,NONE
BUILD-1760,PIPE-auth,unit_test_step_3,unit_test,143.91,15.58,64,12,0.8421,0.4955,17,0,6,894.56,SUCCESS,0,NONE,NONE
BUILD-1760,PIPE-web,package_step_3,package,21.54,115.45,0,0,1.0,0.9842,13,0,0,272.3,SUCCESS,0,NONE,NONE
BUILD-1761,PIPE-worker,checkout_step_2,checkout,40.1,118.77,0,0,1.0,0.5167,17,0,5,394.9,SUCCESS,0,NONE,NONE
BUILD-1761,PIPE-core,dependency_install_step_4,dependency_install,51.23,45.07,140,16,0.8974,0.5357,15,0,4,336.81,SUCCESS,0,NONE,NONE
BUILD-1761,PIPE-api,unit_test_step_1,unit_test,143.16,428.66,104,18,0.8525,0.6158,15,0,0,1208.34,SUCCESS,1,QUEUE_BOTTLENECK,HIGH
BUILD-1762,PIPE-worker,unit_test_step_2,unit_test,166.12,74.64,6,122,0.0469,0.7451,11,1,0,760.62,FAILED,0,NONE,NONE
BUILD-1762,PIPE-ml,security_scan_step_1,security_scan,101.21,57.97,0,0,1.0,0.6849,15,0,0,618.17,SUCCESS,0,NONE,NONE
BUILD-1762,PIPE-worker,integration_test_step_3,integration_test,88.24,108.19,0,0,1.0,0.9613,17,1,0,867.04,FAILED,0,NONE,NONE
BUILD-1763,PIPE-api,unit_test_step_2,unit_test,107.58,146.13,145,18,0.8896,0.6544,12,0,0,644.13,SUCCESS,0,NONE,NONE
BUILD-1763,PIPE-api,security_scan_step_1,security_scan,82.3,414.38,0,0,1.0,0.7433,15,0,4,889.58,SUCCESS,1,QUEUE_BOTTLENECK,HIGH
BUILD-1763,PIPE-web,dependency_install_step_3,dependency_install,58.02,357.28,97,12,0.8899,0.4751,18,1,0,750.34,FAILED,1,QUEUE_BOTTLENECK,HIGH
BUILD-1764,PIPE-web,lint_step_4,lint,116.03,34.55,77,28,0.7333,0.6594,6,0,6,295.85,SUCCESS,0,NONE,NONE
BUILD-1764,PIPE-auth,integration_test_step_3,integration_test,205.82,28.95,0,0,1.0,0.2407,15,0,4,1140.92,SUCCESS,0,NONE,NONE
BUILD-1764,PIPE-core,integration_test_step_1,integration_test,131.62,39.09,0,0,1.0,0.7016,13,0,6,688.66,SUCCESS,0,NONE,LOW
BUILD-1765,PIPE-auth,unit_test_step_3,unit_test,97.48,176.15,0,0,0.9288,0.9667,8,0,0,499.43,SUCCESS,0,NONE,NONE
BUILD-1765,PIPE-api,security_scan_step_4,security_scan,70.22,138.54,0,0,1.0,0.6154,7,0,0,327.74,SUCCESS,0,NONE,NONE
BUILD-1765,PIPE-auth,checkout_step_2,checkout,59.33,103.49,0,0,1.0,0.4425,7,0,0,295.38,SUCCESS,0,NONE,NONE
BUILD-1766,PIPE-worker,integration_test_step_3,integration_test,181.1,47.02,0,0,1.0,0.6372,6,0,0,468.07,SUCCESS,0,NONE,NONE
BUILD-1766,PIPE-web,checkout_step_2,checkout,74.3,44.94,0,0,1.0,0.9811,14,0,4,445.72,SUCCESS,0,NONE,NONE
BUILD-1766,PIPE-core,checkout_step_1,checkout,32.32,93.25,0,0,1.0,0.3843,8,0,0,221.16,SUCCESS,0,NONE,NONE
BUILD-1767,PIPE-api,security_scan_step_1,security_scan,77.87,389.58,0,0,1.0,0.3974,16,0,0,873.57,SUCCESS,0,NONE,NONE
BUILD-1767,PIPE-worker,compile_step_1,compile,63.76,319.65,159,23,0.8736,0.988,9,0,0,564.66,SUCCESS,1,QUEUE_BOTTLENECK,CRITICAL
BUILD-1767,PIPE-auth,compile_step_3,compile,70.56,56.91,17,119,0.125,0.3069,18,0,3,537.61,SUCCESS,1,LOW_CACHE_EFFICIENCY,MEDIUM
BUILD-1768,PIPE-web,lint_step_1,lint,82.28,72.06,180,28,0.8654,0.4998,17,1,0,584.46,FAILED,0,NONE,NONE
BUILD-1768,PIPE-core,integration_test_step_3,integration_test,96.72,206.22,0,0,1.0,0.6161,6,0,3,436.07,SUCCESS,0,NONE,NONE
BUILD-1768,PIPE-worker,security_scan_step_4,security_scan,88.55,17.33,0,0,1.0,0.518,10,0,0,348.17,SUCCESS,0,NONE,NONE
BUILD-1769,PIPE-auth,unit_test_step_3,unit_test,159.66,618.55,17,140,0.1083,0.2927,13,0,0,1399.78,SUCCESS,1,QUEUE_BOTTLENECK,CRITICAL
BUILD-1769,PIPE-web,dependency_install_step_2,dependency_install,67.38,53.68,95,18,0.8407,0.6371,8,0,6,277.15,SUCCESS,0,NONE,NONE
BUILD-1769,PIPE-api,package_step_3,package,15.63,28.08,0,0,1.0,0.5699,15,0,0,147.39,SUCCESS,0,NONE,NONE
BUILD-1770,PIPE-auth,unit_test_step_3,unit_test,112.41,253.17,7,133,0.05,0.3718,10,0,0,672.18,SUCCESS,0,NONE,NONE
BUILD-1770,PIPE-worker,compile_step_3,compile,81.22,62.41,11,60,0.1549,0.653,17,0,0,600.71,SUCCESS,1,LOW_CACHE_EFFICIENCY,MEDIUM
BUILD-1770,PIPE-auth,package_step_3,package,27.03,337.99,0,0,1.0,0.4239,17,2,0,556.1,FAILED,0,NONE,NONE
BUILD-1771,PIPE-auth,build_step_4,build,145.99,13.39,19,52,0.2676,0.5257,11,0,0,614.38,SUCCESS,0,NONE,NONE
BUILD-1771,PIPE-auth,dependency_install_step_1,dependency_install,65.59,13.55,137,10,0.932,0.982,12,0,4,336.66,SUCCESS,0,NONE,NONE
BUILD-1771,PIPE-auth,integration_test_step_4,integration_test,207.1,26.36,0,0,1.0,0.5556,11,0,2,870.02,SUCCESS,0,NONE,NONE
BUILD-1772,PIPE-core,unit_test_step_1,unit_test,88.24,134.23,160,20,0.8889,0.9717,17,0,2,423.73,SUCCESS,0,NONE,NONE
BUILD-1772,PIPE-api,lint_step_3,lint,22.88,238.97,164,5,0.9704,0.6223,11,0,0,385.44,SUCCESS,0,NONE,LOW
BUILD-1772,PIPE-web,checkout_step_4,checkout,29.73,63.69,0,0,1.0,0.5506,10,0,0,196.8,SUCCESS,0,NONE,NONE
BUILD-1773,PIPE-api,dependency_install_step_2,dependency_install,19.2,23.48,161,20,0.8895,0.2665,4,0,2,95.42,SUCCESS,0,NONE,NONE
BUILD-1773,PIPE-worker,unit_test_step_2,unit_test,139.27,113.42,84,28,0.75,0.4936,18,0,0,1039.46,SUCCESS,0,NONE,LOW
BUILD-1773,PIPE-ml,unit_test_step_2,unit_test,88.24,251.5,81,11,0.8804,0.4874,17,0,0,802.67,SUCCESS,0,NONE,NONE
BUILD-1774,PIPE-auth,compile_step_4,compile,194.4,81.27,12,146,0.0759,0.4058,16,1,3,1201.33,FAILED,1,LOW_CACHE_EFFICIENCY,HIGH
BUILD-1774,PIPE-auth,integration_test_step_2,integration_test,122.72,110.16,0,0,1.0,0.6943,12,0,6,652.88,SUCCESS,0,NONE,NONE
BUILD-1774,PIPE-core,security_scan_step_1,security_scan,82.41,578.71,0,0,1.0,0.9673,16,0,4,1084.63,SUCCESS,1,QUEUE_BOTTLENECK,CRITICAL
BUILD-1775,PIPE-core,package_step_2,package,37.14,695.58,0,0,1.0,0.5206,18,0,0,976.08,SUCCESS,1,QUEUE_BOTTLENECK,HIGH
BUILD-1775,PIPE-ml,unit_test_step_3,unit_test,159.75,134.34,62,30,0.6739,0.4498,9,0,5,668.33,SUCCESS,0,NONE,NONE
BUILD-1775,PIPE-web,security_scan_step_2,security_scan,90.01,119.35,0,0,1.0,0.2368,12,0,0,537.03,SUCCESS,0,NONE,NONE
BUILD-1776,PIPE-core,unit_test_step_2,unit_test,176.44,101.3,157,4,0.9752,0.6369,17,0,0,1190.52,SUCCESS,0,NONE,NONE
BUILD-1776,PIPE-worker,compile_step_3,compile,200.12,36.56,94,23,0.8034,0.3141,6,0,4,506.41,SUCCESS,0,NONE,NONE
BUILD-1776,PIPE-auth,integration_test_step_4,integration_test,114.58,81.89,0,0,1.0,0.4114,11,0,0,547.91,SUCCESS,0,NONE,NONE
BUILD-1777,PIPE-ml,compile_step_3,compile,93.58,120.94,85,20,0.8095,0.3441,7,0,2,400.3,SUCCESS,0,NONE,NONE
BUILD-1777,PIPE-api,unit_test_step_4,unit_test,131.21,433.75,56,10,0.8485,0.3306,4,0,0,667.29,SUCCESS,1,QUEUE_BOTTLENECK,HIGH
BUILD-1777,PIPE-core,compile_step_4,compile,124.2,145.12,0,0,0.9288,0.6982,16,0,6,897.97,SUCCESS,0,NONE,LOW
BUILD-1778,PIPE-core,integration_test_step_1,integration_test,112.15,55.66,0,0,1.0,0.2563,4,0,4,266.25,SUCCESS,0,NONE,NONE
BUILD-1778,PIPE-ml,compile_step_3,compile,168.96,99.07,135,22,0.8599,0.6045,9,0,0,671.13,SUCCESS,0,NONE,NONE
BUILD-1778,PIPE-api,package_step_4,package,82.65,51.54,0,0,1.0,0.6438,18,0,0,596.65,SUCCESS,0,NONE,LOW
BUILD-1779,PIPE-worker,checkout_step_1,checkout,18.83,713.49,0,0,1.0,0.677,17,0,0,850.24,SUCCESS,1,QUEUE_BOTTLENECK,HIGH
BUILD-1779,PIPE-worker,checkout_step_4,checkout,31.9,37.68,0,0,1.0,0.785,5,0,3,124.49,SUCCESS,0,NONE,NONE
BUILD-1779,PIPE-worker,lint_step_3,lint,8.33,144.62,9,100,0.0826,0.6191,18,0,0,252.66,SUCCESS,0,NONE,NONE
BUILD-1780,PIPE-ml,checkout_step_4,checkout,21.19,51.63,0,0,1.0,0.5461,14,0,3,173.89,SUCCESS,0,NONE,NONE
BUILD-1780,PIPE-core,lint_step_2,lint,40.65,15.12,200,13,0.939,0.9672,14,0,3,262.41,SUCCESS,1,AGENT_UTILISATION,MEDIUM
BUILD-1780,PIPE-ml,compile_step_2,compile,33.24,24.18,13,76,0.1461,0.5482,9,0,6,184.96,SUCCESS,0,NONE,NONE
BUILD-1781,PIPE-api,checkout_step_1,checkout,11.9,41.97,0,0,1.0,0.5002,5,0,4,109.59,SUCCESS,0,NONE,NONE
BUILD-1781,PIPE-api,dependency_install_step_1,dependency_install,122.14,32.84,178,12,0.9368,0.6789,11,0,3,528.02,SUCCESS,0,NONE,NONE
BUILD-1781,PIPE-web,compile_step_1,compile,142.7,142.22,92,25,0.7863,0.4259,12,0,2,777.86,SUCCESS,0,NONE,NONE
BUILD-1782,PIPE-ml,security_scan_step_4,security_scan,106.04,43.02,0,0,1.0,0.7218,17,0,3,724.85,SUCCESS,0,NONE,NONE
BUILD-1782,PIPE-core,unit_test_step_2,unit_test,140.96,654.41,145,8,0.9477,0.4677,10,0,3,1187.28,SUCCESS,0,NONE,NONE
BUILD-1782,PIPE-auth,lint_step_3,lint,5.0,172.35,175,19,0.9021,0.6754,9,0,6,223.21,SUCCESS,0,NONE,NONE
BUILD-1783,PIPE-ml,build_step_1,build,207.19,17.03,191,14,0.9317,0.5234,16,0,0,1220.99,SUCCESS,0,NONE,NONE
BUILD-1783,PIPE-web,lint_step_2,lint,30.15,109.65,3,115,0.0254,0.3039,12,0,0,292.02,SUCCESS,0,NONE,NONE
BUILD-1783,PIPE-core,security_scan_step_2,security_scan,118.34,31.81,0,0,1.0,0.9108,8,0,6,414.39,SUCCESS,1,AGENT_UTILISATION,MEDIUM
BUILD-1784,PIPE-api,compile_step_2,compile,141.22,529.59,144,20,0.878,0.2997,17,0,6,1405.06,SUCCESS,0,NONE,NONE
BUILD-1784,PIPE-core,dependency_install_step_3,dependency_install,11.97,500.49,125,4,0.969,0.6947,8,0,4,580.04,SUCCESS,1,QUEUE_BOTTLENECK,HIGH
BUILD-1784,PIPE-ml,compile_step_2,compile,169.78,194.63,132,9,0.9362,0.9597,4,0,4,485.44,SUCCESS,1,AGENT_UTILISATION,HIGH
BUILD-1785,PIPE-core,security_scan_step_1,security_scan,66.6,42.93,0,0,1.0,0.7834,18,0,0,479.44,SUCCESS,0,NONE,NONE
BUILD-1785,PIPE-web,compile_step_4,compile,69.86,242.05,110,25,0.8148,0.4652,9,0,0,488.79,SUCCESS,0,NONE,NONE
BUILD-1785,PIPE-api,integration_test_step_1,integration_test,158.32,536.68,0,0,1.0,0.7835,17,0,5,1523.01,SUCCESS,1,QUEUE_BOTTLENECK,HIGH
BUILD-1786,PIPE-web,security_scan_step_1,security_scan,91.77,491.94,0,0,1.0,0.6171,18,0,0,1109.7,SUCCESS,1,QUEUE_BOTTLENECK,HIGH
BUILD-1786,PIPE-ml,integration_test_step_1,integration_test,265.1,357.94,0,0,1.0,0.8034,17,0,0,1983.09,SUCCESS,1,QUEUE_BOTTLENECK,CRITICAL
BUILD-1786,PIPE-api,security_scan_step_2,security_scan,140.55,93.86,0,0,1.0,0.9895,12,0,0,730.37,SUCCESS,0,NONE,NONE
BUILD-1787,PIPE-core,integration_test_step_4,integration_test,325.67,384.11,0,0,1.0,0.447,6,0,0,1114.9,SUCCESS,1,QUEUE_BOTTLENECK,CRITICAL
BUILD-1787,PIPE-worker,package_step_1,package,31.62,32.79,0,0,1.0,0.3576,11,0,2,169.93,SUCCESS,0,NONE,LOW
BUILD-1787,PIPE-auth,compile_step_3,compile,148.92,178.9,191,22,0.8967,0.3542,15,0,5,979.06,SUCCESS,0,NONE,NONE
BUILD-1788,PIPE-web,integration_test_step_4,integration_test,68.82,44.33,0,0,1.0,0.4531,7,0,4,247.19,SUCCESS,0,NONE,LOW
BUILD-1788,PIPE-web,dependency_install_step_1,dependency_install,91.66,14.59,55,24,0.6962,0.5838,18,0,5,629.38,SUCCESS,0,NONE,LOW
BUILD-1788,PIPE-auth,checkout_step_2,checkout,92.43,14.47,0,0,1.0,0.5971,9,0,5,325.99,SUCCESS,0,NONE,NONE
BUILD-1789,PIPE-auth,package_step_1,package,11.43,33.32,0,0,1.0,0.961,17,0,0,132.86,SUCCESS,0,NONE,NONE
BUILD-1789,PIPE-worker,unit_test_step_3,unit_test,207.97,36.63,12,82,0.1277,0.3792,9,0,0,722.39,SUCCESS,0,NONE,NONE
BUILD-1789,PIPE-auth,build_step_4,build,39.61,31.73,158,24,0.8681,0.5724,13,0,2,253.49,SUCCESS,0,NONE,NONE
BUILD-1790,PIPE-api,build_step_2,build,162.77,60.29,0,0,0.9288,0.6073,17,0,0,1056.2,SUCCESS,1,LOW_CACHE_EFFICIENCY,MEDIUM
BUILD-1790,PIPE-worker,lint_step_3,lint,43.46,121.51,70,26,0.7292,0.5782,4,2,4,215.41,FAILED,0,NONE,NONE
BUILD-1790,PIPE-auth,integration_test_step_3,integration_test,139.03,10.24,0,0,1.0,0.6151,15,0,0,794.03,SUCCESS,0,NONE,NONE
BUILD-1791,PIPE-web,unit_test_step_1,unit_test,192.37,23.23,162,6,0.9643,0.7764,13,0,0,926.86,SUCCESS,0,NONE,NONE
BUILD-1791,PIPE-ml,checkout_step_3,checkout,42.56,319.14,0,0,1.0,0.9521,15,2,0,570.54,FAILED,1,QUEUE_BOTTLENECK,CRITICAL
BUILD-1791,PIPE-auth,lint_step_4,lint,34.3,109.88,155,28,0.847,0.4105,10,0,0,250.56,SUCCESS,0,NONE,NONE
BUILD-1792,PIPE-ml,build_step_2,build,85.6,103.7,5,131,0.0368,0.4952,4,0,2,248.59,SUCCESS,0,NONE,NONE
BUILD-1792,PIPE-core,unit_test_step_3,unit_test,97.24,15.08,158,17,0.9029,0.5407,14,2,0,546.61,FAILED,0,NONE,NONE
BUILD-1792,PIPE-auth,dependency_install_step_3,dependency_install,89.09,35.39,197,17,0.9206,0.7661,5,0,5,237.29,SUCCESS,0,NONE,NONE
BUILD-1793,PIPE-web,security_scan_step_3,security_scan,94.74,64.43,0,0,1.0,0.422,12,0,0,492.39,SUCCESS,0,NONE,NONE
BUILD-1793,PIPE-web,checkout_step_1,checkout,14.85,61.37,0,0,1.0,0.6878,12,0,0,173.16,SUCCESS,0,NONE,NONE
BUILD-1793,PIPE-web,lint_step_1,lint,88.24,68.42,158,10,0.9405,0.367,8,0,4,344.25,SUCCESS,0,NONE,NONE
BUILD-1794,PIPE-worker,compile_step_1,compile,224.65,38.89,159,9,0.9464,0.2948,4,0,0,369.26,SUCCESS,1,SLOW_TASK,MEDIUM
BUILD-1794,PIPE-web,security_scan_step_2,security_scan,201.7,318.08,0,0,1.0,0.9447,16,0,0,1494.3,SUCCESS,1,QUEUE_BOTTLENECK,CRITICAL
BUILD-1794,PIPE-web,integration_test_step_2,integration_test,33.32,410.57,0,0,1.0,0.2943,6,0,0,532.82,SUCCESS,0,NONE,NONE
BUILD-1795,PIPE-ml,integration_test_step_4,integration_test,181.08,18.48,0,0,1.0,0.4065,13,0,2,886.37,SUCCESS,0,NONE,NONE
BUILD-1795,PIPE-ml,build_step_1,build,89.49,24.88,100,11,0.9009,0.7282,5,0,3,224.76,SUCCESS,0,NONE,NONE
BUILD-1795,PIPE-auth,unit_test_step_4,unit_test,89.5,707.96,116,10,0.9206,0.4485,4,0,0,888.72,SUCCESS,1,QUEUE_BOTTLENECK,HIGH
BUILD-1796,PIPE-core,integration_test_step_4,integration_test,85.53,155.04,0,0,1.0,0.5737,15,0,0,662.98,SUCCESS,0,NONE,NONE
BUILD-1796,PIPE-core,integration_test_step_2,integration_test,246.9,59.35,0,0,1.0,0.5014,16,0,3,1478.63,SUCCESS,1,SLOW_TASK,HIGH
BUILD-1796,PIPE-ml,unit_test_step_3,unit_test,66.75,34.69,89,27,0.7672,0.3765,15,1,0,428.18,FAILED,0,NONE,NONE
BUILD-1797,PIPE-web,package_step_2,package,59.38,97.75,0,0,1.0,0.663,14,0,3,417.4,SUCCESS,0,NONE,LOW
BUILD-1797,PIPE-api,unit_test_step_4,unit_test,108.99,44.94,144,14,0.9114,0.5807,12,0,6,520.68,SUCCESS,0,NONE,NONE
BUILD-1797,PIPE-core,lint_step_3,lint,73.67,417.74,194,24,0.8899,0.6946,5,0,0,594.45,SUCCESS,0,NONE,NONE
BUILD-1798,PIPE-api,integration_test_step_3,integration_test,81.4,52.14,0,0,1.0,0.4439,13,0,0,447.48,SUCCESS,0,NONE,NONE
BUILD-1798,PIPE-web,integration_test_step_2,integration_test,125.23,20.25,0,0,0.9288,0.8048,7,0,0,358.89,SUCCESS,0,NONE,NONE
BUILD-1798,PIPE-worker,unit_test_step_3,unit_test,112.64,78.18,59,17,0.7763,0.9438,9,0,0,463.37,SUCCESS,1,AGENT_UTILISATION,MEDIUM
BUILD-1799,PIPE-ml,dependency_install_step_3,dependency_install,59.17,188.04,187,17,0.9167,0.4998,5,0,0,329.02,SUCCESS,0,NONE,NONE
BUILD-1799,PIPE-ml,checkout_step_3,checkout,55.63,49.84,0,0,1.0,0.3306,4,0,0,161.2,SUCCESS,0,NONE,NONE
BUILD-1799,PIPE-core,compile_step_3,compile,166.5,163.0,63,23,0.7326,0.9243,5,0,0,491.12,SUCCESS,0,NONE,NONE
BUILD-1800,PIPE-web,integration_test_step_3,integration_test,108.37,16.64,0,0,1.0,0.9822,18,0,0,734.41,SUCCESS,0,NONE,NONE
BUILD-1800,PIPE-web,unit_test_step_3,unit_test,155.98,17.68,10,74,0.119,0.3694,15,0,4,862.37,SUCCESS,1,LOW_CACHE_EFFICIENCY,HIGH
BUILD-1800,PIPE-ml,unit_test_step_2,unit_test,144.31,56.51,110,29,0.7914,0.9147,9,0,6,551.44,SUCCESS,0,NONE,NONE
BUILD-1801,PIPE-web,unit_test_step_3,unit_test,102.38,23.52,178,5,0.9727,0.4534,10,1,0,411.8,FAILED,0,NONE,NONE
BUILD-1801,PIPE-web,integration_test_step_1,integration_test,139.58,50.94,0,0,1.0,0.5082,7,0,0,433.6,SUCCESS,0,NONE,NONE
BUILD-1801,PIPE-worker,checkout_step_1,checkout,98.42,28.98,0,0,1.0,0.5517,16,0,0,638.73,SUCCESS,0,NONE,LOW
BUILD-1802,PIPE-ml,package_step_4,package,12.45,20.81,0,0,1.0,0.7401,15,0,0,105.67,SUCCESS,0,NONE,NONE
BUILD-1802,PIPE-auth,compile_step_1,compile,119.48,84.72,9,87,0.0938,0.7566,10,1,0,536.36,FAILED,1,LOW_CACHE_EFFICIENCY,MEDIUM
BUILD-1802,PIPE-api,integration_test_step_4,integration_test,160.66,384.13,0,0,1.0,0.9754,9,0,0,934.91,SUCCESS,1,QUEUE_BOTTLENECK,CRITICAL
BUILD-1803,PIPE-core,unit_test_step_1,unit_test,61.25,86.18,119,20,0.8561,0.9692,12,0,0,381.39,SUCCESS,1,AGENT_UTILISATION,MEDIUM
BUILD-1803,PIPE-web,compile_step_1,compile,229.97,56.6,78,25,0.7573,0.3985,13,0,0,1153.35,SUCCESS,1,SLOW_TASK,MEDIUM
BUILD-1803,PIPE-auth,unit_test_step_4,unit_test,98.77,34.68,100,27,0.7874,0.3179,7,0,6,304.56,SUCCESS,0,NONE,NONE
BUILD-1804,PIPE-core,unit_test_step_4,unit_test,148.2,310.96,104,10,0.9123,0.6886,7,0,3,697.3,SUCCESS,1,QUEUE_BOTTLENECK,HIGH
BUILD-1804,PIPE-auth,checkout_step_3,checkout,12.65,15.46,0,0,1.0,0.6873,18,0,0,134.77,SUCCESS,0,NONE,NONE
BUILD-1804,PIPE-api,unit_test_step_2,unit_test,43.3,29.95,195,15,0.9286,0.4774,17,0,2,320.66,SUCCESS,0,NONE,NONE
BUILD-1805,PIPE-ml,checkout_step_1,checkout,20.22,49.15,0,0,1.0,0.1322,7,0,4,124.07,SUCCESS,0,NONE,NONE
BUILD-1805,PIPE-api,unit_test_step_1,unit_test,221.43,77.37,137,7,0.9514,0.5235,14,0,0,1203.27,SUCCESS,0,NONE,NONE
BUILD-1805,PIPE-web,security_scan_step_1,security_scan,187.33,508.3,0,0,1.0,0.6754,16,0,0,1607.93,SUCCESS,1,QUEUE_BOTTLENECK,HIGH
BUILD-1806,PIPE-core,lint_step_2,lint,27.49,58.68,92,4,0.9583,0.5477,14,0,0,242.52,SUCCESS,0,NONE,LOW
BUILD-1806,PIPE-core,integration_test_step_2,integration_test,117.64,19.31,0,0,1.0,0.4385,17,0,0,771.49,SUCCESS,0,NONE,NONE
BUILD-1806,PIPE-web,integration_test_step_3,integration_test,144.51,43.88,0,0,1.0,0.5133,7,0,4,423.97,SUCCESS,0,NONE,NONE
BUILD-1807,PIPE-core,unit_test_step_3,unit_test,181.12,322.4,165,8,0.9538,0.6922,4,0,4,602.32,SUCCESS,1,QUEUE_BOTTLENECK,HIGH
BUILD-1807,PIPE-ml,unit_test_step_2,unit_test,342.55,58.34,159,18,0.8983,0.5134,5,0,0,692.83,SUCCESS,1,SLOW_TASK,MEDIUM
BUILD-1807,PIPE-core,compile_step_2,compile,282.59,423.88,116,23,0.8345,0.8421,7,0,2,1160.1,SUCCESS,1,QUEUE_BOTTLENECK,CRITICAL
BUILD-1808,PIPE-core,dependency_install_step_2,dependency_install,100.22,46.64,52,8,0.8667,0.9888,11,0,5,457.19,SUCCESS,0,NONE,LOW
BUILD-1808,PIPE-auth,checkout_step_4,checkout,30.96,52.1,0,0,1.0,0.68,5,0,0,124.3,SUCCESS,0,NONE,NONE
BUILD-1808,PIPE-auth,unit_test_step_4,unit_test,172.25,12.95,66,22,0.75,0.8169,5,0,0,352.27,SUCCESS,0,NONE,NONE
BUILD-1809,PIPE-worker,integration_test_step_3,integration_test,48.08,678.64,0,0,1.0,0.3356,13,0,0,927.09,SUCCESS,0,NONE,NONE
BUILD-1809,PIPE-web,integration_test_step_4,integration_test,79.31,10.3,0,0,1.0,0.4048,8,0,4,290.49,SUCCESS,0,NONE,NONE
BUILD-1809,PIPE-ml,lint_step_1,lint,22.08,232.76,195,3,0.9848,0.5016,15,0,4,380.41,SUCCESS,0,NONE,NONE
BUILD-1810,PIPE-ml,package_step_4,package,17.22,56.47,0,0,1.0,0.9285,5,0,0,119.74,SUCCESS,0,NONE,NONE
BUILD-1810,PIPE-auth,dependency_install_step_4,dependency_install,88.24,37.27,8,62,0.1143,0.9634,9,0,5,257.93,SUCCESS,1,LOW_CACHE_EFFICIENCY,HIGH
BUILD-1810,PIPE-ml,dependency_install_step_3,dependency_install,163.3,30.13,50,6,0.8929,0.4301,10,0,6,657.83,SUCCESS,0,NONE,NONE
BUILD-1811,PIPE-web,unit_test_step_2,unit_test,89.14,57.44,109,8,0.9316,0.1909,9,0,0,375.52,SUCCESS,0,NONE,NONE
BUILD-1811,PIPE-auth,integration_test_step_1,integration_test,157.18,37.01,0,0,1.0,0.1302,18,0,0,1046.54,SUCCESS,0,NONE,NONE
BUILD-1811,PIPE-web,unit_test_step_2,unit_test,88.89,32.61,81,2,0.9759,0.33,15,0,0,546.56,SUCCESS,0,NONE,LOW
BUILD-1812,PIPE-auth,compile_step_1,compile,106.52,74.97,199,24,0.8924,0.4355,13,1,6,595.39,FAILED,0,NONE,NONE
BUILD-1812,PIPE-worker,build_step_1,build,242.49,102.56,99,3,0.9706,0.5502,12,0,0,1167.64,SUCCESS,0,NONE,LOW
BUILD-1812,PIPE-web,build_step_4,build,124.91,528.76,12,72,0.1429,0.804,7,0,0,893.89,SUCCESS,1,QUEUE_BOTTLENECK,CRITICAL
BUILD-1813,PIPE-api,compile_step_4,compile,146.66,19.93,17,98,0.1478,0.502,10,0,2,578.39,SUCCESS,0,NONE,LOW
BUILD-1813,PIPE-web,compile_step_3,compile,151.03,31.92,200,27,0.8811,0.8062,14,0,0,797.38,SUCCESS,0,NONE,NONE
BUILD-1813,PIPE-worker,lint_step_1,lint,16.18,43.43,18,141,0.1132,0.512,17,0,0,165.13,SUCCESS,1,LOW_CACHE_EFFICIENCY,MEDIUM
BUILD-1814,PIPE-worker,build_step_3,build,125.87,297.23,50,11,0.8197,0.1649,18,0,5,1144.49,SUCCESS,0,NONE,NONE
BUILD-1814,PIPE-api,build_step_1,build,87.72,13.34,137,29,0.8253,0.4659,11,1,0,375.03,FAILED,0,NONE,NONE
BUILD-1814,PIPE-web,lint_step_3,lint,25.82,53.99,80,5,0.9412,0.9722,11,0,5,201.58,SUCCESS,0,NONE,NONE
BUILD-1815,PIPE-ml,lint_step_4,lint,29.51,33.28,18,141,0.1132,0.502,6,0,4,116.8,SUCCESS,0,NONE,NONE
BUILD-1815,PIPE-ml,checkout_step_2,checkout,135.98,234.33,0,0,1.0,0.5647,8,0,0,659.07,SUCCESS,0,NONE,NONE
BUILD-1815,PIPE-core,build_step_4,build,93.88,35.72,96,29,0.768,0.5522,15,0,0,561.95,SUCCESS,0,NONE,NONE
BUILD-1816,PIPE-auth,unit_test_step_4,unit_test,105.99,109.28,162,21,0.8852,0.6586,4,0,0,295.56,SUCCESS,0,NONE,NONE
BUILD-1816,PIPE-api,unit_test_step_4,unit_test,70.01,20.18,14,48,0.2258,0.3928,5,1,3,165.96,FAILED,1,LOW_CACHE_EFFICIENCY,MEDIUM
BUILD-1816,PIPE-web,dependency_install_step_4,dependency_install,65.66,363.64,58,15,0.7945,0.6402,18,0,3,802.92,SUCCESS,1,QUEUE_BOTTLENECK,HIGH
BUILD-1817,PIPE-api,security_scan_step_2,security_scan,72.07,661.63,0,0,1.0,0.941,13,0,2,1043.95,SUCCESS,1,QUEUE_BOTTLENECK,CRITICAL
BUILD-1817,PIPE-worker,lint_step_1,lint,9.3,71.1,146,20,0.8795,0.6355,8,0,6,127.77,SUCCESS,0,NONE,NONE
BUILD-1817,PIPE-api,dependency_install_step_4,dependency_install,219.26,27.73,85,21,0.8019,0.4554,6,0,0,533.09,SUCCESS,0,NONE,LOW
BUILD-1818,PIPE-worker,build_step_3,build,63.41,21.7,192,12,0.9412,0.3485,11,0,6,317.81,SUCCESS,0,NONE,NONE
BUILD-1818,PIPE-auth,lint_step_3,lint,14.88,564.54,129,30,0.8113,0.9346,16,1,5,680.25,FAILED,1,QUEUE_BOTTLENECK,CRITICAL
BUILD-1818,PIPE-worker,lint_step_3,lint,44.01,94.08,57,17,0.7703,0.3888,10,0,5,280.68,SUCCESS,0,NONE,LOW
BUILD-1819,PIPE-api,checkout_step_2,checkout,64.13,383.51,0,0,1.0,0.5282,5,0,0,527.77,SUCCESS,1,QUEUE_BOTTLENECK,HIGH
BUILD-1819,PIPE-auth,package_step_3,package,31.89,12.26,0,0,1.0,0.5221,18,0,0,272.24,SUCCESS,0,NONE,NONE
BUILD-1819,PIPE-worker,integration_test_step_4,integration_test,118.71,324.27,0,0,1.0,0.7893,11,0,3,833.29,SUCCESS,1,QUEUE_BOTTLENECK,HIGH
BUILD-1820,PIPE-web,integration_test_step_4,integration_test,114.55,653.65,0,0,1.0,0.3721,11,0,2,1146.18,SUCCESS,1,QUEUE_BOTTLENECK,HIGH
BUILD-1820,PIPE-worker,checkout_step_2,checkout,48.7,19.72,0,0,1.0,0.5471,12,1,4,276.35,FAILED,0,NONE,LOW
BUILD-1820,PIPE-core,dependency_install_step_4,dependency_install,143.48,111.8,88,2,0.9778,0.9339,6,0,5,434.18,SUCCESS,0,NONE,NONE
BUILD-1821,PIPE-web,package_step_1,package,22.04,40.17,0,0,1.0,0.5264,13,0,4,181.04,SUCCESS,0,NONE,NONE
BUILD-1821,PIPE-api,build_step_3,build,77.59,72.74,3,85,0.0341,0.5744,14,0,2,475.23,SUCCESS,0,NONE,NONE
BUILD-1821,PIPE-ml,unit_test_step_4,unit_test,192.42,69.56,124,25,0.8322,0.6977,16,2,0,1175.98,FAILED,0,NONE,NONE
BUILD-1822,PIPE-worker,dependency_install_step_2,dependency_install,23.18,79.54,17,130,0.1156,0.5602,10,1,4,180.98,FAILED,0,NONE,NONE
BUILD-1822,PIPE-auth,dependency_install_step_2,dependency_install,49.14,58.51,17,83,0.17,0.6831,5,0,2,199.03,SUCCESS,0,NONE,NONE
BUILD-1822,PIPE-auth,unit_test_step_4,unit_test,77.92,22.65,4,84,0.0455,0.9536,6,1,0,226.18,FAILED,1,LOW_CACHE_EFFICIENCY,HIGH
BUILD-1823,PIPE-api,integration_test_step_3,integration_test,69.86,313.71,0,0,1.0,0.6546,6,0,4,486.83,SUCCESS,1,QUEUE_BOTTLENECK,HIGH
BUILD-1823,PIPE-auth,integration_test_step_2,integration_test,110.19,15.89,0,0,1.0,0.5393,12,0,4,507.56,SUCCESS,0,NONE,NONE
BUILD-1823,PIPE-core,checkout_step_2,checkout,67.51,30.92,0,0,1.0,0.5192,5,0,5,188.92,SUCCESS,0,NONE,NONE
BUILD-1824,PIPE-worker,compile_step_1,compile,207.46,151.05,96,11,0.8972,0.3635,11,0,3,987.36,SUCCESS,0,NONE,NONE
BUILD-1824,PIPE-core,unit_test_step_2,unit_test,159.23,49.64,20,113,0.1504,0.3049,16,0,5,995.72,SUCCESS,1,LOW_CACHE_EFFICIENCY,HIGH
BUILD-1824,PIPE-ml,lint_step_4,lint,23.71,585.43,126,8,0.9403,0.2789,7,0,5,695.43,SUCCESS,1,QUEUE_BOTTLENECK,HIGH
BUILD-1825,PIPE-auth,unit_test_step_4,unit_test,152.0,37.83,12,136,0.0811,0.482,8,0,0,490.28,SUCCESS,0,NONE,LOW
BUILD-1825,PIPE-api,integration_test_step_1,integration_test,227.62,25.11,0,0,1.0,0.4329,18,2,4,1515.21,FAILED,1,SLOW_TASK,HIGH
BUILD-1825,PIPE-worker,integration_test_step_4,integration_test,61.82,75.65,0,0,1.0,0.3012,15,1,6,459.32,FAILED,0,NONE,LOW
BUILD-1826,PIPE-ml,compile_step_2,compile,63.79,35.25,5,91,0.0521,0.6385,16,0,4,433.67,SUCCESS,0,NONE,NONE
BUILD-1826,PIPE-core,compile_step_2,compile,154.8,625.49,118,28,0.8082,0.5357,4,0,2,896.54,SUCCESS,0,NONE,NONE
BUILD-1826,PIPE-ml,dependency_install_step_4,dependency_install,173.77,210.09,9,48,0.1579,0.5553,17,0,0,1266.99,SUCCESS,0,NONE,NONE
BUILD-1827,PIPE-ml,checkout_step_3,checkout,9.16,576.78,0,0,1.0,0.6035,7,0,0,659.13,SUCCESS,0,NONE,NONE
BUILD-1827,PIPE-worker,lint_step_2,lint,37.95,385.91,112,28,0.8,0.1474,16,0,5,627.44,SUCCESS,0,NONE,NONE
BUILD-1827,PIPE-worker,lint_step_1,lint,25.27,201.75,55,27,0.6707,0.4482,10,0,3,338.44,SUCCESS,0,NONE,NONE
BUILD-1828,PIPE-core,checkout_step_2,checkout,58.03,341.51,0,0,1.0,0.4123,13,1,0,643.18,FAILED,0,NONE,LOW
BUILD-1828,PIPE-web,build_step_4,build,88.24,337.66,129,11,0.9214,0.924,12,0,0,892.92,SUCCESS,1,QUEUE_BOTTLENECK,CRITICAL
BUILD-1828,PIPE-web,compile_step_1,compile,165.11,19.19,113,5,0.9576,0.5874,11,0,0,674.44,SUCCESS,0,NONE,NONE
BUILD-1829,PIPE-worker,package_step_3,package,52.73,24.51,0,0,1.0,0.3609,7,0,0,202.99,SUCCESS,0,NONE,NONE
BUILD-1829,PIPE-web,compile_step_2,compile,130.28,27.87,96,27,0.7805,0.5291,9,0,0,470.1,SUCCESS,0,NONE,NONE
BUILD-1829,PIPE-api,compile_step_1,compile,173.5,10.11,173,9,0.9505,0.5842,7,0,3,493.64,SUCCESS,0,NONE,NONE
BUILD-1830,PIPE-worker,compile_step_2,compile,85.65,536.9,114,2,0.9828,0.4902,12,0,0,939.75,SUCCESS,0,NONE,LOW
BUILD-1830,PIPE-api,compile_step_3,compile,151.11,46.56,82,9,0.9011,0.593,9,0,0,581.01,SUCCESS,0,NONE,NONE
BUILD-1830,PIPE-web,compile_step_4,compile,99.88,418.53,118,22,0.8429,0.5585,4,0,0,600.07,SUCCESS,1,QUEUE_BOTTLENECK,HIGH
BUILD-1831,PIPE-ml,security_scan_step_3,security_scan,194.63,21.47,0,0,1.0,0.942,13,0,2,954.11,SUCCESS,0,NONE,NONE
BUILD-1831,PIPE-api,unit_test_step_1,unit_test,72.42,21.82,69,20,0.7753,0.9574,7,0,0,248.51,SUCCESS,1,AGENT_UTILISATION,MEDIUM
BUILD-1831,PIPE-core,compile_step_2,compile,41.33,187.86,115,26,0.8156,0.595,13,0,5,426.45,SUCCESS,0,NONE,NONE
BUILD-1832,PIPE-web,compile_step_1,compile,152.84,57.57,109,7,0.9397,0.3466,14,0,2,844.83,SUCCESS,0,NONE,NONE
BUILD-1832,PIPE-worker,dependency_install_step_4,dependency_install,138.67,338.8,187,23,0.8905,0.2805,15,0,2,1107.46,SUCCESS,1,QUEUE_BOTTLENECK,HIGH
BUILD-1832,PIPE-worker,unit_test_step_1,unit_test,89.41,223.2,64,12,0.8421,0.6499,14,0,0,719.18,SUCCESS,0,NONE,NONE
BUILD-1833,PIPE-worker,unit_test_step_1,unit_test,96.57,96.79,158,2,0.9875,0.6869,12,1,0,520.7,FAILED,0,NONE,LOW
BUILD-1833,PIPE-core,checkout_step_3,checkout,93.64,93.93,0,0,1.0,0.6776,5,0,0,280.4,SUCCESS,0,NONE,NONE
BUILD-1833,PIPE-auth,unit_test_step_1,unit_test,190.07,21.64,8,142,0.0533,0.6523,10,0,6,710.88,SUCCESS,1,LOW_CACHE_EFFICIENCY,HIGH
BUILD-1834,PIPE-core,unit_test_step_4,unit_test,60.9,42.28,72,18,0.8,0.6049,9,0,4,278.17,SUCCESS,0,NONE,NONE
BUILD-1834,PIPE-ml,integration_test_step_3,integration_test,39.28,27.24,0,0,1.0,0.1167,12,0,2,223.36,SUCCESS,0,NONE,LOW
BUILD-1834,PIPE-api,security_scan_step_2,security_scan,169.39,41.63,0,0,1.0,0.6368,12,0,0,771.88,SUCCESS,0,NONE,NONE
BUILD-1835,PIPE-ml,dependency_install_step_2,dependency_install,12.2,71.24,169,18,0.9037,0.5776,15,0,0,157.51,SUCCESS,0,NONE,LOW
BUILD-1835,PIPE-worker,integration_test_step_3,integration_test,174.82,504.34,0,0,1.0,0.2775,8,0,0,1016.19,SUCCESS,1,QUEUE_BOTTLENECK,HIGH
BUILD-1835,PIPE-core,compile_step_4,compile,86.15,67.06,13,88,0.1287,0.3935,15,0,0,549.37,SUCCESS,0,NONE,NONE
BUILD-1836,PIPE-worker,build_step_1,build,36.27,113.81,61,13,0.8243,0.6015,16,0,0,364.66,SUCCESS,0,NONE,NONE
BUILD-1836,PIPE-core,unit_test_step_4,unit_test,59.14,115.36,54,25,0.6835,0.9878,9,0,3,344.97,SUCCESS,1,AGENT_UTILISATION,MEDIUM
BUILD-1836,PIPE-api,lint_step_4,lint,5.88,59.35,101,5,0.9528,0.3683,15,0,0,124.89,SUCCESS,0,NONE,NONE
BUILD-1837,PIPE-core,unit_test_step_4,unit_test,75.99,77.53,3,58,0.0492,0.3238,4,0,0,218.28,SUCCESS,0,NONE,NONE
BUILD-1837,PIPE-core,integration_test_step_3,integration_test,107.4,153.25,0,0,1.0,0.3842,12,0,0,633.52,SUCCESS,0,NONE,NONE
BUILD-1837,PIPE-auth,build_step_4,build,172.61,71.51,183,18,0.9104,0.5087,8,0,4,598.46,SUCCESS,0,NONE,NONE
BUILD-1838,PIPE-api,lint_step_1,lint,14.11,487.68,124,9,0.9323,0.5581,13,0,0,597.26,SUCCESS,1,QUEUE_BOTTLENECK,HIGH
BUILD-1838,PIPE-worker,security_scan_step_3,security_scan,50.52,636.64,0,0,1.0,0.6919,13,0,0,905.54,SUCCESS,1,QUEUE_BOTTLENECK,HIGH
BUILD-1838,PIPE-worker,lint_step_2,lint,35.54,25.45,99,13,0.8839,0.9612,13,0,5,203.97,SUCCESS,1,AGENT_UTILISATION,MEDIUM
BUILD-1839,PIPE-web,integration_test_step_1,integration_test,139.5,545.6,0,0,1.0,0.9772,4,0,3,773.0,SUCCESS,1,QUEUE_BOTTLENECK,CRITICAL
BUILD-1839,PIPE-worker,lint_step_4,lint,28.55,26.99,76,7,0.9157,0.7044,14,0,4,202.87,SUCCESS,0,NONE,NONE
BUILD-1839,PIPE-auth,build_step_2,build,271.02,76.89,53,12,0.8154,0.9851,10,0,0,1084.66,SUCCESS,1,SLOW_TASK,CRITICAL
BUILD-1840,PIPE-api,dependency_install_step_2,dependency_install,119.8,30.59,120,17,0.8759,0.6758,4,0,2,253.88,SUCCESS,0,NONE,NONE
BUILD-1840,PIPE-worker,unit_test_step_3,unit_test,184.88,199.06,122,11,0.9173,0.4853,4,0,4,507.02,SUCCESS,0,NONE,NONE
BUILD-1840,PIPE-auth,integration_test_step_4,integration_test,205.38,112.67,0,0,1.0,0.9321,17,0,2,1372.54,SUCCESS,0,NONE,NONE
BUILD-1841,PIPE-core,lint_step_1,lint,40.03,189.38,4,88,0.0435,0.4499,14,0,2,411.51,SUCCESS,1,LOW_CACHE_EFFICIENCY,MEDIUM
BUILD-1841,PIPE-auth,lint_step_4,lint,31.42,393.48,8,98,0.0755,0.6755,16,0,0,597.1,SUCCESS,1,QUEUE_BOTTLENECK,CRITICAL
BUILD-1841,PIPE-core,lint_step_2,lint,23.58,13.12,146,23,0.8639,0.3723,6,0,6,84.26,SUCCESS,0,NONE,NONE
BUILD-1842,PIPE-api,compile_step_1,compile,109.3,39.46,2,65,0.0299,0.3361,12,0,0,541.76,SUCCESS,0,NONE,NONE
BUILD-1842,PIPE-core,compile_step_3,compile,226.57,37.2,109,7,0.9397,0.4694,5,0,4,452.38,SUCCESS,1,SLOW_TASK,HIGH
BUILD-1842,PIPE-worker,checkout_step_3,checkout,62.31,145.57,0,0,1.0,0.4604,8,0,0,357.77,SUCCESS,0,NONE,NONE
BUILD-1843,PIPE-web,security_scan_step_4,security_scan,185.85,29.31,0,0,1.0,0.9389,7,0,5,538.32,SUCCESS,1,AGENT_UTILISATION,HIGH
BUILD-1843,PIPE-web,compile_step_2,compile,102.97,69.14,10,124,0.0746,0.5361,13,0,0,596.26,SUCCESS,0,NONE,LOW
BUILD-1843,PIPE-api,build_step_4,build,248.54,155.09,198,21,0.9041,0.5981,12,0,6,1230.43,SUCCESS,1,SLOW_TASK,HIGH
BUILD-1844,PIPE-core,security_scan_step_4,security_scan,46.77,53.53,0,0,1.0,0.573,8,0,4,241.86,SUCCESS,0,NONE,LOW
BUILD-1844,PIPE-worker,checkout_step_2,checkout,16.02,176.59,0,0,1.0,0.7539,9,0,0,248.68,SUCCESS,0,NONE,LOW
BUILD-1844,PIPE-worker,build_step_4,build,125.52,50.66,59,4,0.9365,0.9629,12,0,2,593.93,SUCCESS,0,NONE,NONE
BUILD-1845,PIPE-api,unit_test_step_4,unit_test,100.18,22.23,8,96,0.0769,0.2377,12,0,0,488.58,SUCCESS,0,NONE,NONE
BUILD-1845,PIPE-ml,integration_test_step_3,integration_test,205.78,81.15,0,0,1.0,0.3857,11,1,0,910.65,FAILED,0,NONE,NONE
BUILD-1845,PIPE-core,checkout_step_1,checkout,56.18,67.38,0,0,1.0,0.3829,11,1,5,307.79,FAILED,0,NONE,NONE
BUILD-1846,PIPE-api,integration_test_step_3,integration_test,117.61,47.81,0,0,1.0,0.5532,7,0,0,355.16,SUCCESS,0,NONE,NONE
BUILD-1846,PIPE-core,dependency_install_step_1,dependency_install,65.23,42.4,158,28,0.8495,0.9817,4,0,0,159.59,SUCCESS,0,NONE,NONE
BUILD-1846,PIPE-web,checkout_step_3,checkout,9.82,62.88,0,0,1.0,0.4582,11,0,0,151.22,SUCCESS,0,NONE,NONE
BUILD-1847,PIPE-ml,integration_test_step_4,integration_test,176.13,99.07,0,0,1.0,0.4208,9,0,0,692.19,SUCCESS,0,NONE,NONE
BUILD-1847,PIPE-ml,checkout_step_2,checkout,5.0,57.65,0,0,1.0,0.2863,18,1,0,132.94,FAILED,0,NONE,LOW
BUILD-1847,PIPE-auth,security_scan_step_2,security_scan,145.56,36.8,0,0,1.0,0.4773,9,0,6,551.43,SUCCESS,0,NONE,NONE
BUILD-1848,PIPE-worker,compile_step_4,compile,123.17,10.67,127,26,0.8301,0.6308,18,0,0,815.27,SUCCESS,0,NONE,NONE
BUILD-1848,PIPE-api,lint_step_3,lint,24.83,127.65,134,23,0.8535,0.5886,13,0,0,293.61,SUCCESS,0,NONE,NONE
BUILD-1848,PIPE-ml,checkout_step_1,checkout,88.24,17.8,0,0,1.0,0.5323,8,0,0,145.38,SUCCESS,0,NONE,NONE
BUILD-1849,PIPE-auth,unit_test_step_1,unit_test,115.0,66.99,193,22,0.8977,0.9883,17,0,0,791.98,SUCCESS,0,NONE,NONE
BUILD-1849,PIPE-ml,dependency_install_step_2,dependency_install,96.81,55.06,200,19,0.9132,0.2786,18,0,5,699.75,SUCCESS,0,NONE,NONE
BUILD-1849,PIPE-auth,unit_test_step_4,unit_test,145.56,482.4,133,13,0.911,0.7188,17,0,3,1378.85,SUCCESS,0,NONE,NONE
BUILD-1850,PIPE-core,security_scan_step_4,security_scan,79.8,49.14,0,0,1.0,0.5224,6,0,0,258.43,SUCCESS,0,NONE,NONE
BUILD-1850,PIPE-web,checkout_step_2,checkout,19.23,20.03,0,0,1.0,0.9634,4,0,0,91.11,SUCCESS,0,NONE,NONE
BUILD-1850,PIPE-ml,checkout_step_3,checkout,31.09,480.04,0,0,1.0,0.5141,17,0,4,712.9,SUCCESS,1,QUEUE_BOTTLENECK,HIGH
BUILD-1851,PIPE-ml,integration_test_step_1,integration_test,254.22,491.24,0,0,1.0,0.9197,7,1,0,1154.24,FAILED,1,QUEUE_BOTTLENECK,CRITICAL
BUILD-1851,PIPE-auth,unit_test_step_2,unit_test,49.2,41.37,146,28,0.8391,0.4075,4,0,0,138.37,SUCCESS,0,NONE,NONE
BUILD-1851,PIPE-auth,build_step_4,build,92.96,322.09,105,4,0.9633,0.9647,14,0,0,830.89,SUCCESS,1,QUEUE_BOTTLENECK,CRITICAL
BUILD-1852,PIPE-worker,package_step_2,package,25.8,18.71,0,0,1.0,0.7818,18,0,0,230.29,SUCCESS,0,NONE,LOW
BUILD-1852,PIPE-api,dependency_install_step_1,dependency_install,113.66,103.53,84,30,0.7368,0.9614,10,0,0,559.71,SUCCESS,1,AGENT_UTILISATION,MEDIUM
BUILD-1852,PIPE-worker,lint_step_1,lint,5.0,22.57,20,120,0.1429,0.7198,7,0,2,53.29,SUCCESS,1,LOW_CACHE_EFFICIENCY,MEDIUM
BUILD-1853,PIPE-ml,integration_test_step_2,integration_test,116.46,31.4,0,0,1.0,0.4842,18,0,5,810.99,SUCCESS,0,NONE,NONE
BUILD-1853,PIPE-core,lint_step_2,lint,8.26,87.88,67,24,0.7363,0.3384,7,0,6,151.46,SUCCESS,0,NONE,NONE
BUILD-1853,PIPE-ml,lint_step_4,lint,74.1,30.34,19,70,0.2135,0.4738,8,0,3,260.13,SUCCESS,0,NONE,NONE
BUILD-1854,PIPE-web,dependency_install_step_4,dependency_install,35.8,51.31,183,10,0.9482,0.3533,7,0,6,184.16,SUCCESS,0,NONE,NONE
BUILD-1854,PIPE-core,build_step_1,build,129.99,650.11,106,9,0.9217,0.9893,8,1,0,1057.12,FAILED,1,QUEUE_BOTTLENECK,CRITICAL
BUILD-1854,PIPE-core,compile_step_4,compile,144.33,38.48,131,24,0.8452,0.6605,14,0,0,778.1,SUCCESS,0,NONE,NONE
BUILD-1855,PIPE-ml,build_step_4,build,50.42,44.11,63,7,0.9,0.5963,13,0,0,318.26,SUCCESS,0,NONE,NONE
BUILD-1855,PIPE-worker,package_step_4,package,13.83,716.9,0,0,1.0,0.3048,18,0,0,853.79,SUCCESS,1,QUEUE_BOTTLENECK,HIGH
BUILD-1855,PIPE-api,dependency_install_step_3,dependency_install,36.73,104.49,0,62,0.0,0.6241,9,0,0,274.32,SUCCESS,1,LOW_CACHE_EFFICIENCY,MEDIUM
BUILD-1856,PIPE-worker,lint_step_4,lint,47.9,10.21,100,21,0.8264,0.2407,11,0,6,220.59,SUCCESS,0,NONE,NONE
BUILD-1856,PIPE-api,compile_step_4,compile,349.62,57.65,2,101,0.0194,0.6319,10,0,6,1321.95,SUCCESS,1,LOW_CACHE_EFFICIENCY,CRITICAL
BUILD-1856,PIPE-worker,dependency_install_step_3,dependency_install,52.03,268.61,160,5,0.9697,0.9184,9,0,0,472.81,SUCCESS,0,NONE,NONE
BUILD-1857,PIPE-core,lint_step_1,lint,19.22,105.82,58,25,0.6988,0.5017,15,0,0,251.04,SUCCESS,0,NONE,NONE
BUILD-1857,PIPE-auth,dependency_install_step_4,dependency_install,78.44,43.34,93,27,0.775,0.9555,18,0,0,577.66,SUCCESS,0,NONE,LOW
BUILD-1857,PIPE-ml,unit_test_step_4,unit_test,178.82,18.86,124,19,0.8671,0.6342,6,1,2,437.41,FAILED,0,NONE,NONE
BUILD-1858,PIPE-core,integration_test_step_2,integration_test,141.87,72.51,0,0,1.0,0.5256,14,1,0,803.2,FAILED,0,NONE,NONE
BUILD-1858,PIPE-auth,security_scan_step_2,security_scan,123.13,55.52,0,0,1.0,0.4535,6,0,2,341.09,SUCCESS,0,NONE,NONE
BUILD-1858,PIPE-core,checkout_step_3,checkout,6.14,93.91,0,0,1.0,0.9797,5,0,0,127.31,SUCCESS,0,NONE,NONE
BUILD-1859,PIPE-api,unit_test_step_2,unit_test,135.43,38.73,6,93,0.0606,0.9867,11,0,6,576.85,SUCCESS,1,LOW_CACHE_EFFICIENCY,HIGH
BUILD-1859,PIPE-api,checkout_step_2,checkout,23.33,81.58,0,0,1.0,0.5999,18,0,0,263.98,SUCCESS,0,NONE,NONE
BUILD-1859,PIPE-api,integration_test_step_4,integration_test,202.04,26.83,0,0,1.0,0.9307,12,1,0,907.32,FAILED,0,NONE,NONE
BUILD-1860,PIPE-ml,unit_test_step_1,unit_test,75.39,127.81,159,21,0.8833,0.277,12,0,3,472.37,SUCCESS,0,NONE,NONE
BUILD-1860,PIPE-web,unit_test_step_3,unit_test,345.06,648.0,3,95,0.0306,0.3,13,0,0,2257.18,SUCCESS,1,QUEUE_BOTTLENECK,CRITICAL
BUILD-1860,PIPE-ml,compile_step_1,compile,76.63,569.47,74,17,0.8132,0.6368,6,0,0,747.71,SUCCESS,0,NONE,NONE
BUILD-1861,PIPE-auth,dependency_install_step_1,dependency_install,36.27,323.1,0,0,0.9288,0.4374,16,0,0,543.65,SUCCESS,1,QUEUE_BOTTLENECK,CRITICAL
BUILD-1861,PIPE-core,security_scan_step_2,security_scan,136.06,669.29,0,0,1.0,0.7293,15,0,3,1417.44,SUCCESS,1,QUEUE_BOTTLENECK,HIGH
BUILD-1861,PIPE-api,security_scan_step_1,security_scan,111.76,31.33,0,0,1.0,0.6638,7,0,0,355.94,SUCCESS,0,NONE,NONE
BUILD-1862,PIPE-web,lint_step_3,lint,31.02,86.84,137,25,0.8457,0.3567,7,0,2,184.86,SUCCESS,0,NONE,NONE
BUILD-1862,PIPE-api,lint_step_3,lint,15.21,75.93,96,16,0.8571,0.6467,12,0,2,197.69,SUCCESS,0,NONE,NONE
BUILD-1862,PIPE-web,unit_test_step_1,unit_test,31.9,14.78,11,142,0.0719,0.725,18,2,0,243.29,FAILED,1,LOW_CACHE_EFFICIENCY,MEDIUM
BUILD-1863,PIPE-worker,dependency_install_step_4,dependency_install,55.82,519.15,129,28,0.8217,0.5422,6,0,4,687.74,SUCCESS,0,NONE,NONE
BUILD-1863,PIPE-web,security_scan_step_3,security_scan,48.53,221.74,0,0,1.0,0.4088,9,0,4,411.48,SUCCESS,0,NONE,NONE
BUILD-1863,PIPE-auth,integration_test_step_1,integration_test,363.07,674.37,0,0,1.0,0.4774,11,0,4,2109.62,SUCCESS,1,QUEUE_BOTTLENECK,CRITICAL
BUILD-1864,PIPE-worker,unit_test_step_2,unit_test,192.62,21.81,76,4,0.95,0.4647,4,0,0,349.29,SUCCESS,0,NONE,NONE
BUILD-1864,PIPE-auth,unit_test_step_1,unit_test,79.43,10.63,11,124,0.0815,0.2697,6,0,6,194.8,SUCCESS,0,NONE,NONE
BUILD-1864,PIPE-worker,checkout_step_2,checkout,5.0,33.88,0,0,1.0,0.4237,15,1,0,93.55,FAILED,0,NONE,NONE
BUILD-1865,PIPE-auth,integration_test_step_2,integration_test,107.34,697.71,0,0,1.0,0.6331,11,0,0,1146.87,SUCCESS,1,QUEUE_BOTTLENECK,HIGH
BUILD-1865,PIPE-ml,compile_step_4,compile,161.44,18.33,82,16,0.8367,0.9594,18,0,0,1077.43,SUCCESS,0,NONE,NONE
BUILD-1865,PIPE-api,dependency_install_step_4,dependency_install,41.03,20.85,140,30,0.8235,0.6164,12,0,0,250.87,SUCCESS,0,NONE,NONE
BUILD-1866,PIPE-auth,unit_test_step_1,unit_test,131.6,29.97,110,20,0.8462,0.4991,15,0,0,753.93,SUCCESS,0,NONE,LOW
BUILD-1866,PIPE-core,unit_test_step_4,unit_test,88.49,94.82,126,27,0.8235,0.7018,11,0,4,488.47,SUCCESS,0,NONE,NONE
BUILD-1866,PIPE-core,unit_test_step_2,unit_test,263.74,41.76,20,138,0.1266,0.3864,8,0,0,820.94,SUCCESS,1,LOW_CACHE_EFFICIENCY,CRITICAL
BUILD-1867,PIPE-web,package_step_1,package,14.23,44.81,0,0,1.0,0.9119,16,0,0,155.11,SUCCESS,0,NONE,NONE
BUILD-1867,PIPE-api,build_step_3,build,169.0,51.58,195,25,0.8864,0.9564,16,0,0,1022.85,SUCCESS,0,NONE,NONE
BUILD-1867,PIPE-web,unit_test_step_2,unit_test,107.2,36.62,156,23,0.8715,0.7122,12,1,0,513.21,FAILED,0,NONE,NONE
BUILD-1868,PIPE-api,package_step_1,package,14.63,77.69,0,0,1.0,0.5776,7,1,2,171.08,FAILED,0,NONE,NONE
BUILD-1868,PIPE-worker,unit_test_step_4,unit_test,207.39,709.83,99,12,0.8919,0.3874,14,0,0,1776.84,SUCCESS,1,QUEUE_BOTTLENECK,HIGH
BUILD-1868,PIPE-auth,dependency_install_step_2,dependency_install,43.08,196.93,132,11,0.9231,0.9501,18,0,0,511.92,SUCCESS,0,NONE,NONE
BUILD-1869,PIPE-auth,compile_step_1,compile,74.38,89.78,85,28,0.7522,0.615,10,0,4,376.02,SUCCESS,0,NONE,NONE
BUILD-1869,PIPE-web,integration_test_step_2,integration_test,185.83,26.78,0,0,1.0,0.2636,7,0,5,508.68,SUCCESS,0,NONE,LOW
BUILD-1869,PIPE-worker,lint_step_3,lint,29.33,13.29,141,12,0.9216,0.7992,15,0,0,208.37,SUCCESS,0,NONE,NONE
BUILD-1870,PIPE-core,unit_test_step_4,unit_test,57.58,73.43,9,73,0.1098,0.8015,16,0,0,432.03,SUCCESS,0,NONE,NONE
BUILD-1870,PIPE-api,dependency_install_step_2,dependency_install,60.65,29.33,87,17,0.8365,0.7978,16,0,5,396.54,SUCCESS,0,NONE,NONE
BUILD-1870,PIPE-core,build_step_2,build,208.74,44.08,0,0,0.9288,0.5295,15,0,5,1164.22,SUCCESS,0,NONE,NONE
BUILD-1871,PIPE-web,compile_step_1,compile,185.82,36.44,132,27,0.8302,0.687,13,0,4,906.81,SUCCESS,1,PARALLELISATION_OPPORTUNITY,MEDIUM
BUILD-1871,PIPE-worker,checkout_step_4,checkout,13.85,142.93,0,0,1.0,0.4971,16,0,3,267.25,SUCCESS,0,NONE,NONE
BUILD-1871,PIPE-api,integration_test_step_1,integration_test,137.08,18.82,0,0,1.0,0.6146,4,1,4,235.79,FAILED,0,NONE,NONE
BUILD-1872,PIPE-worker,integration_test_step_2,integration_test,61.82,89.49,0,0,1.0,0.2533,18,0,0,503.99,SUCCESS,0,NONE,NONE
BUILD-1872,PIPE-auth,unit_test_step_3,unit_test,125.09,108.58,167,26,0.8653,0.5388,10,0,2,597.78,SUCCESS,0,NONE,NONE
BUILD-1872,PIPE-ml,dependency_install_step_1,dependency_install,125.66,425.05,103,10,0.9115,0.5889,4,0,0,646.53,SUCCESS,0,NONE,NONE
BUILD-1873,PIPE-worker,dependency_install_step_1,dependency_install,80.47,60.98,7,136,0.049,0.5988,7,0,0,283.06,SUCCESS,0,NONE,NONE
BUILD-1873,PIPE-api,integration_test_step_4,integration_test,333.97,115.44,0,0,1.0,0.3827,5,1,2,740.97,FAILED,0,NONE,NONE
BUILD-1873,PIPE-api,dependency_install_step_4,dependency_install,48.79,328.1,17,56,0.2329,0.6275,12,0,0,556.39,SUCCESS,1,QUEUE_BOTTLENECK,CRITICAL
BUILD-1874,PIPE-api,unit_test_step_1,unit_test,47.45,45.51,132,17,0.8859,0.2727,12,0,0,268.6,SUCCESS,0,NONE,NONE
BUILD-1874,PIPE-core,unit_test_step_2,unit_test,83.16,456.61,56,4,0.9333,0.428,6,0,4,686.5,SUCCESS,1,QUEUE_BOTTLENECK,HIGH
BUILD-1874,PIPE-web,unit_test_step_4,unit_test,358.55,87.34,85,25,0.7727,0.7155,11,0,2,1501.96,SUCCESS,0,NONE,NONE
BUILD-1875,PIPE-web,unit_test_step_3,unit_test,109.61,120.48,95,13,0.8796,0.7175,11,0,0,599.22,SUCCESS,0,NONE,NONE
BUILD-1875,PIPE-auth,compile_step_4,compile,197.97,696.82,119,15,0.8881,0.5781,11,0,0,1492.11,SUCCESS,1,QUEUE_BOTTLENECK,HIGH
BUILD-1875,PIPE-core,dependency_install_step_4,dependency_install,64.02,101.91,9,59,0.1324,0.587,4,0,0,233.5,SUCCESS,0,NONE,NONE
BUILD-1876,PIPE-worker,security_scan_step_1,security_scan,23.08,40.13,0,0,1.0,0.4209,8,0,5,120.0,SUCCESS,0,NONE,LOW
BUILD-1876,PIPE-auth,package_step_1,package,11.67,28.98,0,0,1.0,0.6404,10,2,5,92.85,FAILED,0,NONE,NONE
BUILD-1876,PIPE-worker,package_step_3,package,5.0,128.17,0,0,1.0,0.9176,13,0,0,191.25,SUCCESS,0,NONE,NONE
BUILD-1877,PIPE-web,dependency_install_step_3,dependency_install,103.69,58.46,119,4,0.9675,0.6946,16,1,0,658.14,FAILED,0,NONE,LOW
BUILD-1877,PIPE-auth,integration_test_step_3,integration_test,98.8,27.34,0,0,1.0,0.5889,4,0,4,222.72,SUCCESS,0,NONE,NONE
BUILD-1877,PIPE-ml,unit_test_step_1,unit_test,12.16,86.67,14,123,0.1022,0.9462,4,0,2,124.48,SUCCESS,1,LOW_CACHE_EFFICIENCY,HIGH
BUILD-1878,PIPE-worker,package_step_3,package,21.54,58.99,0,0,1.0,0.541,11,0,2,186.18,SUCCESS,0,NONE,NONE
BUILD-1878,PIPE-web,package_step_1,package,36.03,544.75,0,0,1.0,0.7747,18,1,0,818.32,FAILED,0,NONE,LOW
BUILD-1878,PIPE-core,unit_test_step_3,unit_test,91.63,549.71,11,46,0.193,0.9412,14,0,0,1049.76,SUCCESS,1,QUEUE_BOTTLENECK,CRITICAL
BUILD-1879,PIPE-ml,compile_step_2,compile,47.79,469.7,5,119,0.0403,0.7144,11,0,0,685.93,SUCCESS,1,QUEUE_BOTTLENECK,CRITICAL
BUILD-1879,PIPE-web,integration_test_step_3,integration_test,140.24,84.12,0,0,1.0,0.1665,10,0,0,621.02,SUCCESS,0,NONE,NONE
BUILD-1879,PIPE-web,lint_step_2,lint,49.67,25.37,116,23,0.8345,0.68,4,0,4,121.25,SUCCESS,0,NONE,NONE
BUILD-1880,PIPE-web,checkout_step_3,checkout,20.45,611.73,0,0,1.0,0.7772,7,0,0,699.44,SUCCESS,0,NONE,NONE
BUILD-1880,PIPE-worker,lint_step_4,lint,17.34,96.39,164,14,0.9213,0.4836,15,0,0,203.38,SUCCESS,0,NONE,NONE
BUILD-1880,PIPE-web,compile_step_1,compile,108.68,75.26,61,27,0.6932,0.4392,8,0,0,429.92,SUCCESS,0,NONE,NONE
BUILD-1881,PIPE-auth,integration_test_step_1,integration_test,103.95,44.01,0,0,1.0,0.3735,9,0,0,426.21,SUCCESS,0,NONE,NONE
BUILD-1881,PIPE-worker,compile_step_3,compile,65.08,421.05,192,15,0.9275,0.4884,8,0,5,629.98,SUCCESS,0,NONE,NONE
BUILD-1881,PIPE-core,checkout_step_1,checkout,46.74,547.75,0,0,1.0,0.7089,18,0,0,878.74,SUCCESS,1,QUEUE_BOTTLENECK,HIGH
BUILD-1882,PIPE-core,package_step_3,package,10.42,50.44,0,0,1.0,0.5132,12,0,0,126.5,SUCCESS,0,NONE,NONE
BUILD-1882,PIPE-api,checkout_step_3,checkout,18.23,50.66,0,0,1.0,0.6297,12,0,0,162.21,SUCCESS,0,NONE,NONE
BUILD-1882,PIPE-api,integration_test_step_1,integration_test,242.46,118.95,0,0,1.0,0.9823,6,0,4,644.45,SUCCESS,1,SLOW_TASK,CRITICAL
BUILD-1883,PIPE-auth,package_step_4,package,17.96,55.16,0,0,1.0,0.9823,9,0,0,169.03,SUCCESS,0,NONE,NONE
BUILD-1883,PIPE-auth,build_step_4,build,144.32,49.25,76,24,0.76,0.4219,5,0,0,340.12,SUCCESS,0,NONE,NONE
BUILD-1883,PIPE-auth,security_scan_step_3,security_scan,76.21,32.89,0,0,1.0,0.6258,8,0,0,282.29,SUCCESS,0,NONE,NONE
BUILD-1884,PIPE-ml,integration_test_step_3,integration_test,512.31,85.36,0,0,1.0,0.3945,18,0,3,3330.09,SUCCESS,1,SLOW_TASK,HIGH
BUILD-1884,PIPE-worker,compile_step_1,compile,46.7,32.03,86,21,0.8037,0.3064,6,0,0,147.39,SUCCESS,0,NONE,NONE
BUILD-1884,PIPE-auth,unit_test_step_4,unit_test,211.87,227.51,168,17,0.9081,0.6172,8,0,0,859.88,SUCCESS,0,NONE,NONE
BUILD-1885,PIPE-core,compile_step_1,compile,249.99,323.0,84,25,0.7706,0.8384,15,0,0,1678.01,SUCCESS,1,QUEUE_BOTTLENECK,CRITICAL
BUILD-1885,PIPE-core,security_scan_step_4,security_scan,101.71,38.04,0,0,1.0,0.4437,14,0,0,591.67,SUCCESS,0,NONE,NONE
BUILD-1885,PIPE-api,unit_test_step_1,unit_test,101.21,631.76,185,11,0.9439,0.4522,11,0,0,1062.1,SUCCESS,0,NONE,NONE
BUILD-1886,PIPE-core,build_step_1,build,101.95,18.65,152,6,0.962,0.2446,15,0,5,593.8,SUCCESS,0,NONE,LOW
BUILD-1886,PIPE-worker,compile_step_3,compile,78.86,20.59,109,5,0.9561,0.2865,6,0,0,205.53,SUCCESS,0,NONE,NONE
BUILD-1886,PIPE-core,dependency_install_step_4,dependency_install,101.75,112.07,20,131,0.1325,0.5096,11,1,3,527.38,FAILED,1,LOW_CACHE_EFFICIENCY,MEDIUM
BUILD-1887,PIPE-web,compile_step_3,compile,156.7,48.13,76,6,0.9268,0.7219,7,2,0,464.48,FAILED,0,NONE,NONE
BUILD-1887,PIPE-worker,unit_test_step_1,unit_test,61.71,25.94,131,24,0.8452,0.518,9,0,0,252.08,SUCCESS,0,NONE,NONE
BUILD-1887,PIPE-web,unit_test_step_3,unit_test,64.87,75.26,92,22,0.807,0.6688,14,0,3,1068.21,SUCCESS,1,QUEUE_BOTTLENECK,HIGH
BUILD-1888,PIPE-ml,unit_test_step_4,unit_test,156.71,39.64,10,146,0.0641,0.6777,8,0,0,507.37,SUCCESS,0,NONE,NONE
BUILD-1888,PIPE-api,unit_test_step_2,unit_test,170.89,54.74,123,16,0.8849,0.4673,9,0,0,652.81,SUCCESS,0,NONE,NONE
BUILD-1888,PIPE-api,lint_step_4,lint,30.97,590.19,92,8,0.92,0.5909,18,1,0,818.04,FAILED,0,NONE,NONE
BUILD-1889,PIPE-auth,unit_test_step_3,unit_test,79.6,532.83,173,19,0.901,0.3812,10,0,0,855.12,SUCCESS,1,QUEUE_BOTTLENECK,HIGH
BUILD-1889,PIPE-api,unit_test_step_4,unit_test,47.33,33.51,112,6,0.9492,0.9321,18,0,0,367.89,SUCCESS,0,NONE,NONE
BUILD-1889,PIPE-core,package_step_1,package,36.2,42.82,0,0,1.0,0.6039,7,0,0,161.01,SUCCESS,0,NONE,NONE
BUILD-1890,PIPE-ml,security_scan_step_4,security_scan,129.2,15.34,0,0,1.0,0.5956,6,0,0,345.42,SUCCESS,0,NONE,NONE
BUILD-1890,PIPE-worker,unit_test_step_1,unit_test,66.38,530.0,136,18,0.8831,0.6108,13,0,5,864.78,SUCCESS,0,NONE,NONE
BUILD-1890,PIPE-ml,security_scan_step_2,security_scan,80.02,638.19,0,0,1.0,0.4368,18,0,3,1190.1,SUCCESS,1,QUEUE_BOTTLENECK,HIGH
BUILD-1891,PIPE-web,checkout_step_2,checkout,37.95,59.15,0,0,1.0,0.3045,18,0,0,316.31,SUCCESS,0,NONE,NONE
BUILD-1891,PIPE-auth,lint_step_4,lint,87.77,34.41,76,15,0.8352,0.4532,12,0,6,441.96,SUCCESS,0,NONE,NONE
BUILD-1891,PIPE-web,unit_test_step_4,unit_test,110.76,12.58,137,14,0.9073,0.7469,8,0,0,338.21,SUCCESS,0,NONE,NONE
BUILD-1892,PIPE-ml,security_scan_step_4,security_scan,64.88,108.0,0,0,1.0,0.5096,15,0,0,472.17,SUCCESS,0,NONE,NONE
BUILD-1892,PIPE-auth,integration_test_step_3,integration_test,142.7,427.84,0,0,1.0,0.5356,11,1,0,996.62,FAILED,1,QUEUE_BOTTLENECK,HIGH
BUILD-1892,PIPE-worker,build_step_2,build,83.8,45.81,0,0,0.9288,0.6872,14,0,2,504.18,SUCCESS,0,NONE,NONE
BUILD-1893,PIPE-core,integration_test_step_3,integration_test,42.19,60.36,0,0,1.0,0.9237,15,1,0,315.11,FAILED,0,NONE,NONE
BUILD-1893,PIPE-auth,checkout_step_1,checkout,31.78,96.17,0,0,1.0,0.4818,11,0,3,254.05,SUCCESS,0,NONE,NONE
BUILD-1893,PIPE-worker,integration_test_step_1,integration_test,167.07,37.06,0,0,1.0,0.7546,16,0,0,1026.12,SUCCESS,0,NONE,NONE
BUILD-1894,PIPE-web,lint_step_2,lint,41.34,44.98,100,12,0.8929,0.5841,4,0,0,160.55,SUCCESS,0,NONE,NONE
BUILD-1894,PIPE-worker,checkout_step_3,checkout,58.36,33.1,0,0,1.0,0.5054,10,0,0,287.74,SUCCESS,0,NONE,NONE
BUILD-1894,PIPE-web,compile_step_4,compile,109.28,23.85,195,13,0.9375,0.765,4,0,0,194.84,SUCCESS,0,NONE,NONE
BUILD-1895,PIPE-worker,dependency_install_step_1,dependency_install,48.15,125.94,143,30,0.8266,0.5883,17,0,4,461.4,SUCCESS,0,NONE,NONE
BUILD-1895,PIPE-ml,compile_step_3,compile,125.51,475.53,166,30,0.8469,0.2503,12,0,0,1042.63,SUCCESS,1,QUEUE_BOTTLENECK,HIGH
BUILD-1895,PIPE-core,unit_test_step_3,unit_test,63.43,683.23,20,130,0.1333,0.568,8,0,4,877.05,SUCCESS,1,QUEUE_BOTTLENECK,CRITICAL
BUILD-1896,PIPE-web,dependency_install_step_2,dependency_install,48.59,459.26,84,17,0.8317,0.3609,16,0,6,750.41,SUCCESS,1,QUEUE_BOTTLENECK,HIGH
BUILD-1896,PIPE-ml,lint_step_2,lint,59.86,16.22,11,127,0.0797,0.7302,6,0,4,168.21,SUCCESS,0,NONE,NONE
BUILD-1896,PIPE-web,checkout_step_2,checkout,10.48,59.95,0,0,1.0,0.6634,10,0,0,131.06,SUCCESS,0,NONE,LOW
BUILD-1897,PIPE-web,checkout_step_1,checkout,7.55,26.11,0,0,1.0,0.6433,9,0,6,94.07,SUCCESS,0,NONE,NONE
BUILD-1897,PIPE-auth,checkout_step_1,checkout,38.05,73.6,0,0,1.0,0.3929,13,0,0,278.81,SUCCESS,0,NONE,NONE
BUILD-1897,PIPE-api,compile_step_4,compile,157.22,313.84,72,27,0.7273,0.9122,16,0,0,1249.41,SUCCESS,1,QUEUE_BOTTLENECK,CRITICAL
BUILD-1898,PIPE-web,lint_step_3,lint,15.74,116.2,19,138,0.121,0.6198,10,0,5,209.93,SUCCESS,0,NONE,LOW
BUILD-1898,PIPE-worker,compile_step_2,compile,126.67,516.56,0,138,0.0,0.7591,5,0,0,791.61,SUCCESS,1,QUEUE_BOTTLENECK,CRITICAL
BUILD-1898,PIPE-api,checkout_step_3,checkout,5.0,19.29,0,0,1.0,0.4503,4,0,0,78.49,SUCCESS,0,NONE,NONE
BUILD-1899,PIPE-ml,unit_test_step_1,unit_test,116.3,15.04,127,27,0.8247,0.6301,7,0,0,327.89,SUCCESS,0,NONE,NONE
BUILD-1899,PIPE-core,unit_test_step_1,unit_test,54.56,44.56,12,111,0.0976,0.6483,15,0,5,361.29,SUCCESS,0,NONE,NONE
BUILD-1899,PIPE-ml,unit_test_step_1,unit_test,231.52,18.25,67,17,0.7976,0.9501,17,0,0,1439.87,SUCCESS,1,SLOW_TASK,CRITICAL
BUILD-1900,PIPE-core,integration_test_step_4,integration_test,274.63,46.33,0,0,1.0,0.555,17,1,3,1699.66,FAILED,1,SLOW_TASK,HIGH
BUILD-1900,PIPE-api,checkout_step_2,checkout,17.3,60.22,0,0,1.0,0.6943,13,0,0,161.72,SUCCESS,0,NONE,NONE
BUILD-1900,PIPE-auth,unit_test_step_4,unit_test,174.27,396.96,176,16,0.9167,0.7581,15,0,0,1348.09,SUCCESS,1,QUEUE_BOTTLENECK,HIGH
BUILD-1901,PIPE-api,compile_step_4,compile,63.89,32.35,12,43,0.2182,0.5321,14,0,0,368.94,SUCCESS,0,NONE,LOW
BUILD-1901,PIPE-ml,lint_step_1,lint,12.51,90.23,162,29,0.8482,0.5229,7,0,3,162.88,SUCCESS,0,NONE,LOW
BUILD-1901,PIPE-worker,build_step_1,build,75.93,405.56,121,14,0.8963,0.4025,17,0,0,912.63,SUCCESS,1,QUEUE_BOTTLENECK,HIGH
BUILD-1902,PIPE-api,build_step_2,build,87.31,72.65,168,3,0.9825,0.9588,5,0,0,281.9,SUCCESS,0,NONE,NONE
BUILD-1902,PIPE-auth,unit_test_step_1,unit_test,76.87,100.33,0,0,0.9288,0.5534,7,0,0,340.66,SUCCESS,1,LOW_CACHE_EFFICIENCY,MEDIUM
BUILD-1902,PIPE-worker,compile_step_4,compile,169.71,48.52,188,24,0.8868,0.598,7,0,4,501.75,SUCCESS,0,NONE,NONE
BUILD-1903,PIPE-core,build_step_4,build,207.69,80.72,133,19,0.875,0.6805,6,0,4,562.34,SUCCESS,0,NONE,NONE
BUILD-1903,PIPE-core,dependency_install_step_1,dependency_install,45.03,64.26,56,8,0.875,0.6184,12,0,5,270.1,SUCCESS,0,NONE,NONE
BUILD-1903,PIPE-api,integration_test_step_4,integration_test,101.39,120.55,0,0,0.9288,0.5575,17,0,2,768.31,SUCCESS,0,NONE,LOW
BUILD-1904,PIPE-ml,compile_step_3,compile,90.04,26.49,155,15,0.9118,0.2542,8,0,0,308.94,SUCCESS,0,NONE,NONE
BUILD-1904,PIPE-worker,compile_step_1,compile,173.81,417.86,77,16,0.828,0.6717,18,0,2,1532.12,SUCCESS,1,QUEUE_BOTTLENECK,HIGH
BUILD-1904,PIPE-web,compile_step_3,compile,81.49,470.87,8,72,0.1,0.5813,9,0,0,755.19,SUCCESS,1,QUEUE_BOTTLENECK,CRITICAL
BUILD-1905,PIPE-ml,dependency_install_step_4,dependency_install,52.42,27.84,17,88,0.1619,0.9738,8,0,5,224.45,SUCCESS,1,LOW_CACHE_EFFICIENCY,HIGH
BUILD-1905,PIPE-core,checkout_step_2,checkout,50.9,63.74,0,0,1.0,0.5115,16,0,0,384.92,SUCCESS,0,NONE,NONE
BUILD-1905,PIPE-web,build_step_2,build,217.54,28.81,113,14,0.8898,0.6267,8,0,0,697.22,SUCCESS,0,NONE,NONE
BUILD-1906,PIPE-worker,unit_test_step_3,unit_test,191.19,67.73,8,120,0.0625,0.3814,8,0,5,638.43,SUCCESS,1,LOW_CACHE_EFFICIENCY,HIGH
BUILD-1906,PIPE-worker,checkout_step_2,checkout,8.58,45.59,0,0,1.0,0.623,5,0,0,99.02,SUCCESS,0,NONE,NONE
BUILD-1906,PIPE-api,package_step_4,package,5.0,57.81,0,0,1.0,0.5152,8,0,0,125.32,SUCCESS,0,NONE,NONE
BUILD-1907,PIPE-worker,lint_step_2,lint,40.86,25.17,186,13,0.9347,0.5903,17,1,0,325.19,FAILED,0,NONE,NONE
BUILD-1907,PIPE-ml,unit_test_step_2,unit_test,135.51,42.19,196,4,0.98,0.6756,18,0,3,933.55,SUCCESS,0,NONE,NONE
BUILD-1907,PIPE-ml,lint_step_1,lint,15.24,123.99,114,19,0.8571,0.7414,17,0,0,233.24,SUCCESS,0,NONE,LOW
BUILD-1908,PIPE-worker,dependency_install_step_4,dependency_install,42.86,22.89,197,12,0.9426,0.2348,5,0,0,116.22,SUCCESS,0,NONE,NONE
BUILD-1908,PIPE-auth,lint_step_4,lint,41.04,35.81,71,25,0.7396,0.5253,11,0,5,252.2,SUCCESS,0,NONE,NONE
BUILD-1908,PIPE-web,dependency_install_step_1,dependency_install,54.12,82.36,2,122,0.0161,0.6306,7,0,0,254.38,SUCCESS,0,NONE,NONE
BUILD-1909,PIPE-web,integration_test_step_2,integration_test,17.09,47.04,0,0,1.0,0.9533,10,0,0,161.81,SUCCESS,0,NONE,NONE
BUILD-1909,PIPE-ml,unit_test_step_4,unit_test,253.83,76.95,0,0,0.9288,0.9563,4,0,4,448.52,SUCCESS,1,SLOW_TASK,CRITICAL
BUILD-1909,PIPE-ml,integration_test_step_3,integration_test,74.35,112.54,0,0,1.0,0.6017,15,0,6,529.18,SUCCESS,0,NONE,NONE
BUILD-1910,PIPE-web,checkout_step_3,checkout,55.66,462.39,0,0,1.0,0.591,14,0,4,754.54,SUCCESS,0,NONE,NONE
BUILD-1910,PIPE-auth,dependency_install_step_2,dependency_install,77.73,57.92,170,24,0.8763,0.5703,10,0,0,359.87,SUCCESS,0,NONE,NONE
BUILD-1910,PIPE-core,build_step_4,build,113.22,46.99,166,24,0.8737,0.4283,17,0,2,750.89,SUCCESS,0,NONE,NONE
BUILD-1911,PIPE-worker,package_step_3,package,31.73,306.77,0,0,1.0,0.5991,4,0,3,373.34,SUCCESS,0,NONE,NONE
BUILD-1911,PIPE-web,build_step_3,build,207.68,39.9,70,5,0.9333,0.6227,17,0,0,1332.1,SUCCESS,0,NONE,NONE
BUILD-1911,PIPE-web,dependency_install_step_3,dependency_install,63.84,17.02,182,19,0.9055,0.7632,16,0,5,407.76,SUCCESS,0,NONE,NONE
BUILD-1912,PIPE-auth,security_scan_step_4,security_scan,93.52,41.3,0,0,1.0,0.9161,12,0,3,475.92,SUCCESS,0,NONE,NONE
BUILD-1912,PIPE-core,dependency_install_step_1,dependency_install,106.26,18.88,5,91,0.0521,0.7428,13,1,5,555.0,FAILED,0,NONE,NONE
BUILD-1912,PIPE-core,dependency_install_step_4,dependency_install,34.34,36.99,102,19,0.843,0.5115,17,0,0,286.44,SUCCESS,0,NONE,NONE
BUILD-1913,PIPE-worker,lint_step_2,lint,14.36,240.67,50,28,0.641,0.9829,14,0,0,338.78,SUCCESS,0,NONE,NONE
BUILD-1913,PIPE-core,unit_test_step_2,unit_test,117.45,11.81,185,22,0.8937,0.6891,15,0,0,650.24,SUCCESS,0,NONE,NONE
BUILD-1913,PIPE-auth,compile_step_1,compile,120.49,100.92,58,20,0.7436,0.376,18,0,3,916.95,SUCCESS,0,NONE,NONE
BUILD-1914,PIPE-ml,unit_test_step_3,unit_test,63.73,95.97,95,21,0.819,0.4267,4,0,0,241.94,SUCCESS,0,NONE,NONE
BUILD-1914,PIPE-web,unit_test_step_4,unit_test,165.76,633.62,142,23,0.8606,0.5054,16,0,6,1593.62,SUCCESS,1,QUEUE_BOTTLENECK,HIGH
BUILD-1914,PIPE-web,unit_test_step_3,unit_test,176.36,590.06,60,8,0.8824,0.6835,16,0,3,1613.2,SUCCESS,1,QUEUE_BOTTLENECK,HIGH
BUILD-1915,PIPE-worker,integration_test_step_2,integration_test,176.23,512.91,0,0,1.0,0.966,15,0,3,1454.52,SUCCESS,1,QUEUE_BOTTLENECK,CRITICAL
BUILD-1915,PIPE-web,package_step_2,package,32.95,268.23,0,0,1.0,0.7256,15,0,0,463.23,SUCCESS,0,NONE,NONE
BUILD-1915,PIPE-web,lint_step_1,lint,19.94,32.84,72,15,0.8276,0.567,6,0,5,129.9,SUCCESS,0,NONE,NONE
BUILD-1916,PIPE-api,compile_step_2,compile,81.46,10.56,56,3,0.9492,0.7337,9,0,5,298.35,SUCCESS,0,NONE,NONE
BUILD-1916,PIPE-api,dependency_install_step_4,dependency_install,102.21,96.9,8,56,0.125,0.9763,9,0,0,438.58,SUCCESS,1,LOW_CACHE_EFFICIENCY,HIGH
BUILD-1916,PIPE-auth,compile_step_2,compile,146.56,73.51,106,17,0.8618,0.6281,6,0,3,428.41,SUCCESS,0,NONE,NONE
BUILD-1917,PIPE-ml,unit_test_step_1,unit_test,147.32,650.81,129,6,0.9556,0.6312,8,0,0,1110.03,SUCCESS,0,NONE,LOW
BUILD-1917,PIPE-api,dependency_install_step_2,dependency_install,47.41,80.85,187,30,0.8618,0.8193,7,0,0,255.23,SUCCESS,0,NONE,NONE
BUILD-1917,PIPE-api,unit_test_step_4,unit_test,93.07,30.94,53,10,0.8413,0.4956,11,0,0,444.25,SUCCESS,0,NONE,NONE
BUILD-1918,PIPE-ml,security_scan_step_4,security_scan,161.15,97.92,0,0,1.0,0.4679,10,0,0,703.98,SUCCESS,0,NONE,NONE
BUILD-1918,PIPE-web,build_step_3,build,292.13,154.01,86,5,0.9451,0.3085,14,0,0,1606.07,SUCCESS,0,NONE,NONE
BUILD-1918,PIPE-worker,compile_step_3,compile,135.45,41.17,14,65,0.1772,0.6694,13,0,0,702.09,SUCCESS,0,NONE,NONE
BUILD-1919,PIPE-api,unit_test_step_2,unit_test,23.48,66.14,106,21,0.8346,0.3858,18,0,0,239.24,SUCCESS,0,NONE,NONE
BUILD-1919,PIPE-api,security_scan_step_1,security_scan,98.74,34.93,0,0,1.0,0.9456,6,0,0,287.39,SUCCESS,0,NONE,NONE
BUILD-1919,PIPE-worker,package_step_3,package,28.28,51.58,0,0,1.0,0.6983,15,1,5,234.01,FAILED,0,NONE,NONE
BUILD-1920,PIPE-ml,integration_test_step_4,integration_test,144.39,21.94,0,0,1.0,0.6865,10,0,5,574.28,SUCCESS,0,NONE,NONE
BUILD-1920,PIPE-web,lint_step_4,lint,26.62,50.78,141,25,0.8494,0.6443,18,0,4,277.2,SUCCESS,0,NONE,NONE
BUILD-1920,PIPE-worker,unit_test_step_2,unit_test,262.44,578.68,152,9,0.9441,0.5811,11,0,0,1639.16,SUCCESS,1,QUEUE_BOTTLENECK,CRITICAL
BUILD-1921,PIPE-api,integration_test_step_3,integration_test,124.24,16.28,0,0,1.0,0.8549,8,1,0,409.39,FAILED,0,NONE,NONE
BUILD-1921,PIPE-ml,compile_step_3,compile,56.23,103.03,144,8,0.9474,0.94,4,0,4,222.31,SUCCESS,1,AGENT_UTILISATION,MEDIUM
BUILD-1921,PIPE-core,checkout_step_2,checkout,22.3,37.38,0,0,1.0,0.8256,7,0,0,137.05,SUCCESS,0,NONE,NONE
BUILD-1922,PIPE-web,security_scan_step_4,security_scan,162.5,66.34,0,0,1.0,0.6291,6,0,6,449.53,SUCCESS,1,PARALLELISATION_OPPORTUNITY,MEDIUM
BUILD-1922,PIPE-worker,compile_step_2,compile,142.26,63.89,12,40,0.2308,0.6021,13,0,6,740.07,SUCCESS,1,LOW_CACHE_EFFICIENCY,MEDIUM
BUILD-1922,PIPE-worker,unit_test_step_1,unit_test,246.38,65.97,4,92,0.0417,0.5773,18,0,0,1677.88,SUCCESS,1,LOW_CACHE_EFFICIENCY,CRITICAL
BUILD-1923,PIPE-auth,integration_test_step_2,integration_test,90.78,347.77,0,0,1.0,0.6601,13,0,5,797.39,SUCCESS,1,QUEUE_BOTTLENECK,HIGH
BUILD-1923,PIPE-core,lint_step_1,lint,15.32,24.84,156,11,0.9341,0.442,16,0,0,138.25,SUCCESS,0,NONE,NONE
BUILD-1923,PIPE-core,compile_step_4,compile,129.89,118.32,157,15,0.9128,0.5932,17,0,0,925.68,SUCCESS,0,NONE,NONE
BUILD-1924,PIPE-api,unit_test_step_1,unit_test,182.45,22.5,133,6,0.9568,0.5198,13,1,5,886.42,FAILED,0,NONE,NONE
BUILD-1924,PIPE-core,integration_test_step_4,integration_test,176.87,109.18,0,0,1.0,0.2577,15,0,0,1079.41,SUCCESS,0,NONE,NONE
BUILD-1924,PIPE-auth,compile_step_4,compile,163.14,15.18,140,3,0.979,0.6196,10,0,0,627.61,SUCCESS,0,NONE,NONE
BUILD-1925,PIPE-ml,compile_step_2,compile,222.4,78.24,196,22,0.8991,0.3899,14,0,0,1183.8,SUCCESS,1,SLOW_TASK,MEDIUM
BUILD-1925,PIPE-ml,dependency_install_step_2,dependency_install,131.27,69.26,141,10,0.9338,0.3011,13,0,2,700.74,SUCCESS,0,NONE,NONE
BUILD-1925,PIPE-worker,checkout_step_2,checkout,27.02,15.51,0,0,1.0,0.9723,12,0,0,159.76,SUCCESS,1,AGENT_UTILISATION,MEDIUM
BUILD-1926,PIPE-worker,integration_test_step_4,integration_test,76.8,28.4,0,0,1.0,0.4018,13,0,5,410.52,SUCCESS,0,NONE,NONE
BUILD-1926,PIPE-worker,security_scan_step_1,security_scan,134.2,77.54,0,0,1.0,0.6398,10,0,0,598.67,SUCCESS,0,NONE,LOW
BUILD-1926,PIPE-api,security_scan_step_4,security_scan,165.32,30.6,0,0,1.0,0.7814,12,0,0,748.14,SUCCESS,0,NONE,NONE
BUILD-1927,PIPE-ml,integration_test_step_1,integration_test,66.63,314.51,0,0,1.0,0.4748,5,0,4,479.21,SUCCESS,1,QUEUE_BOTTLENECK,HIGH
BUILD-1927,PIPE-api,build_step_4,build,242.22,21.86,50,5,0.9091,0.5286,12,0,0,1061.18,SUCCESS,0,NONE,LOW
BUILD-1927,PIPE-auth,compile_step_4,compile,142.14,17.34,77,30,0.7196,0.3305,5,0,5,303.67,SUCCESS,0,NONE,LOW
BUILD-1928,PIPE-auth,checkout_step_3,checkout,80.32,238.8,0,0,1.0,0.3902,18,0,6,769.45,SUCCESS,0,NONE,NONE
BUILD-1928,PIPE-core,dependency_install_step_4,dependency_install,26.66,25.2,59,30,0.6629,0.6075,5,0,0,118.66,SUCCESS,0,NONE,NONE
BUILD-1928,PIPE-auth,unit_test_step_4,unit_test,147.4,314.05,176,4,0.9778,0.5373,12,1,3,986.19,FAILED,1,QUEUE_BOTTLENECK,HIGH
BUILD-1929,PIPE-auth,build_step_2,build,132.96,138.75,192,24,0.8889,0.5171,17,0,0,961.89,SUCCESS,0,NONE,NONE
BUILD-1929,PIPE-core,integration_test_step_1,integration_test,29.64,409.6,0,0,1.0,0.787,7,0,6,530.96,SUCCESS,1,QUEUE_BOTTLENECK,HIGH
BUILD-1929,PIPE-web,dependency_install_step_2,dependency_install,90.55,432.93,117,3,0.975,0.7545,17,0,5,1018.34,SUCCESS,1,QUEUE_BOTTLENECK,HIGH
BUILD-1930,PIPE-worker,unit_test_step_3,unit_test,218.7,32.59,115,19,0.8582,0.9367,10,0,0,814.26,SUCCESS,1,AGENT_UTILISATION,MEDIUM
BUILD-1930,PIPE-api,build_step_2,build,150.53,42.07,65,14,0.8228,0.4183,17,0,2,962.45,SUCCESS,0,NONE,NONE
BUILD-1930,PIPE-core,integration_test_step_1,integration_test,83.54,82.25,0,0,1.0,0.968,5,0,3,277.39,SUCCESS,0,NONE,NONE
BUILD-1931,PIPE-auth,build_step_2,build,101.06,162.9,11,114,0.088,0.4595,12,0,0,636.04,SUCCESS,0,NONE,LOW
BUILD-1931,PIPE-api,compile_step_3,compile,25.78,50.46,160,19,0.8939,0.2892,12,0,0,189.65,SUCCESS,0,NONE,NONE
BUILD-1931,PIPE-auth,security_scan_step_1,security_scan,400.46,63.44,0,0,1.0,0.36,12,1,2,1770.33,FAILED,1,SLOW_TASK,MEDIUM
BUILD-1932,PIPE-web,dependency_install_step_1,dependency_install,20.61,486.34,6,141,0.0408,0.5742,12,0,0,610.73,SUCCESS,1,QUEUE_BOTTLENECK,CRITICAL
BUILD-1932,PIPE-ml,build_step_1,build,150.35,197.41,0,0,0.9288,0.9759,12,0,0,879.06,SUCCESS,0,NONE,NONE
BUILD-1932,PIPE-core,lint_step_2,lint,38.01,57.24,117,10,0.9213,0.3721,9,1,6,194.68,FAILED,0,NONE,NONE
BUILD-1933,PIPE-ml,compile_step_1,compile,84.11,77.76,14,73,0.1609,0.294,10,0,0,412.09,SUCCESS,0,NONE,NONE
BUILD-1933,PIPE-web,integration_test_step_1,integration_test,181.42,165.92,0,0,1.0,0.9823,8,1,6,726.28,FAILED,1,AGENT_UTILISATION,HIGH
BUILD-1933,PIPE-ml,checkout_step_3,checkout,19.45,104.77,0,0,1.0,0.7337,14,0,3,257.18,SUCCESS,0,NONE,NONE
BUILD-1934,PIPE-ml,unit_test_step_4,unit_test,177.58,126.56,71,30,0.703,0.5374,9,0,0,731.16,SUCCESS,0,NONE,NONE
BUILD-1934,PIPE-worker,dependency_install_step_4,dependency_install,41.97,355.04,146,30,0.8295,0.6072,13,0,0,604.08,SUCCESS,1,QUEUE_BOTTLENECK,HIGH
BUILD-1934,PIPE-ml,unit_test_step_4,unit_test,151.06,74.09,12,89,0.1188,0.9156,15,0,0,888.15,SUCCESS,1,LOW_CACHE_EFFICIENCY,HIGH
BUILD-1935,PIPE-web,integration_test_step_2,integration_test,255.22,60.92,0,0,1.0,0.651,18,0,0,1695.82,SUCCESS,1,SLOW_TASK,MEDIUM
BUILD-1935,PIPE-ml,unit_test_step_1,unit_test,271.12,528.95,90,28,0.7627,0.4739,11,0,4,1600.56,SUCCESS,1,QUEUE_BOTTLENECK,CRITICAL
BUILD-1935,PIPE-worker,package_step_2,package,26.45,684.74,0,0,1.0,0.4899,9,0,3,825.68,SUCCESS,1,QUEUE_BOTTLENECK,HIGH
BUILD-1936,PIPE-web,lint_step_4,lint,32.48,106.72,10,135,0.069,0.2166,17,0,0,317.61,SUCCESS,0,NONE,NONE
BUILD-1936,PIPE-core,unit_test_step_1,unit_test,128.77,71.65,20,86,0.1887,0.6783,18,0,2,901.09,SUCCESS,0,NONE,NONE
BUILD-1936,PIPE-web,build_step_1,build,126.25,21.39,108,11,0.9076,0.6731,7,0,0,389.15,SUCCESS,0,NONE,LOW
BUILD-1937,PIPE-core,build_step_3,build,128.17,19.65,107,25,0.8106,0.9135,17,0,0,797.87,SUCCESS,0,NONE,NONE
BUILD-1937,PIPE-core,lint_step_4,lint,16.09,394.91,100,23,0.813,0.572,11,0,0,486.39,SUCCESS,1,QUEUE_BOTTLENECK,HIGH
BUILD-1937,PIPE-api,security_scan_step_3,security_scan,171.06,510.96,0,0,1.0,0.9296,18,0,2,1603.64,SUCCESS,1,QUEUE_BOTTLENECK,CRITICAL
BUILD-1938,PIPE-api,unit_test_step_1,unit_test,111.22,12.13,60,27,0.6897,0.4239,10,0,0,457.23,SUCCESS,0,NONE,NONE
BUILD-1938,PIPE-worker,unit_test_step_4,unit_test,37.81,18.24,142,18,0.8875,0.8031,8,0,0,165.81,SUCCESS,0,NONE,NONE
BUILD-1938,PIPE-ml,compile_step_2,compile,86.66,25.68,176,28,0.8627,0.6816,9,0,4,331.93,SUCCESS,0,NONE,NONE
BUILD-1939,PIPE-core,checkout_step_4,checkout,16.36,56.82,0,0,1.0,0.5618,16,0,3,188.36,SUCCESS,0,NONE,NONE
BUILD-1939,PIPE-web,compile_step_2,compile,74.41,89.52,51,10,0.8361,0.6012,11,0,0,411.96,SUCCESS,0,NONE,NONE
BUILD-1939,PIPE-auth,integration_test_step_4,integration_test,144.11,112.49,0,0,1.0,0.4591,17,0,0,1007.45,SUCCESS,0,NONE,LOW
BUILD-1940,PIPE-worker,compile_step_1,compile,104.16,14.73,149,19,0.8869,0.6456,7,0,0,286.81,SUCCESS,0,NONE,NONE
BUILD-1940,PIPE-core,integration_test_step_1,integration_test,259.64,23.54,0,0,1.0,0.5095,18,0,0,1689.4,SUCCESS,1,SLOW_TASK,MEDIUM
BUILD-1940,PIPE-api,checkout_step_1,checkout,15.14,421.29,0,0,1.0,0.3365,8,0,0,512.45,SUCCESS,1,QUEUE_BOTTLENECK,HIGH
BUILD-1941,PIPE-auth,unit_test_step_3,unit_test,139.17,20.27,119,8,0.937,0.4558,13,0,2,696.35,SUCCESS,0,NONE,NONE
BUILD-1941,PIPE-web,compile_step_2,compile,74.68,20.07,165,7,0.9593,0.6556,17,0,2,496.42,SUCCESS,0,NONE,NONE
BUILD-1941,PIPE-ml,compile_step_3,compile,162.89,27.57,143,25,0.8512,0.6214,15,0,2,917.59,SUCCESS,0,NONE,NONE
BUILD-1942,PIPE-auth,unit_test_step_4,unit_test,99.89,127.82,4,54,0.069,0.4774,13,0,5,639.75,SUCCESS,0,NONE,NONE
BUILD-1942,PIPE-api,unit_test_step_4,unit_test,70.43,58.61,61,8,0.8841,0.3278,6,0,0,246.66,SUCCESS,0,NONE,NONE
BUILD-1942,PIPE-core,build_step_4,build,191.64,558.06,80,11,0.8791,0.2926,18,0,5,1823.83,SUCCESS,1,QUEUE_BOTTLENECK,HIGH
BUILD-1943,PIPE-auth,unit_test_step_4,unit_test,137.54,58.73,115,2,0.9829,0.3603,7,0,0,445.33,SUCCESS,0,NONE,NONE
BUILD-1943,PIPE-worker,checkout_step_4,checkout,20.18,19.56,0,0,1.0,0.5026,6,0,3,111.78,SUCCESS,0,NONE,NONE
BUILD-1943,PIPE-ml,unit_test_step_1,unit_test,201.27,57.62,178,15,0.9223,0.4796,12,0,5,958.56,SUCCESS,0,NONE,NONE
BUILD-1944,PIPE-web,security_scan_step_2,security_scan,108.11,123.62,0,0,1.0,0.4693,4,0,4,313.05,SUCCESS,0,NONE,NONE
BUILD-1944,PIPE-worker,integration_test_step_1,integration_test,205.39,16.43,0,0,1.0,0.3919,10,1,4,755.33,FAILED,0,NONE,NONE
BUILD-1944,PIPE-core,dependency_install_step_3,dependency_install,138.8,130.27,137,18,0.8839,0.6101,8,0,6,566.0,SUCCESS,0,NONE,NONE
BUILD-1945,PIPE-worker,compile_step_2,compile,59.69,118.17,0,89,0.0,0.515,11,0,0,398.68,SUCCESS,0,NONE,LOW
BUILD-1945,PIPE-auth,security_scan_step_2,security_scan,373.42,58.92,0,0,1.0,0.5477,12,0,0,1654.16,SUCCESS,1,SLOW_TASK,MEDIUM
BUILD-1945,PIPE-auth,compile_step_3,compile,140.89,37.79,145,20,0.8788,0.4922,6,1,6,372.85,FAILED,0,NONE,NONE
BUILD-1946,PIPE-core,dependency_install_step_4,dependency_install,47.42,36.89,136,20,0.8718,0.6564,11,0,0,274.68,SUCCESS,0,NONE,NONE
BUILD-1946,PIPE-auth,dependency_install_step_4,dependency_install,57.1,673.68,129,4,0.9699,0.57,13,1,6,975.17,FAILED,1,QUEUE_BOTTLENECK,HIGH
BUILD-1946,PIPE-core,package_step_3,package,9.78,393.26,0,0,1.0,0.7165,17,0,0,473.15,SUCCESS,1,QUEUE_BOTTLENECK,HIGH
BUILD-1947,PIPE-ml,lint_step_4,lint,21.59,497.08,58,5,0.9206,0.9675,7,0,0,597.36,SUCCESS,1,QUEUE_BOTTLENECK,CRITICAL
BUILD-1947,PIPE-core,compile_step_2,compile,379.88,33.58,114,17,0.8702,0.1415,16,1,0,2208.17,FAILED,1,SLOW_TASK,MEDIUM
BUILD-1947,PIPE-auth,checkout_step_1,checkout,42.64,91.86,0,0,1.0,0.4288,10,0,0,287.18,SUCCESS,0,NONE,NONE
BUILD-1948,PIPE-web,lint_step_1,lint,51.6,29.46,196,4,0.98,0.7253,18,0,0,393.09,SUCCESS,0,NONE,NONE
BUILD-1948,PIPE-auth,build_step_4,build,295.17,253.13,165,7,0.9593,0.5406,13,0,0,1646.65,SUCCESS,1,SLOW_TASK,MEDIUM
BUILD-1948,PIPE-api,unit_test_step_4,unit_test,227.06,97.79,64,13,0.8312,0.4859,10,0,4,940.49,SUCCESS,1,SLOW_TASK,HIGH
BUILD-1949,PIPE-web,integration_test_step_4,integration_test,78.39,703.76,0,0,1.0,0.4555,14,0,3,1107.08,SUCCESS,0,NONE,NONE
BUILD-1949,PIPE-worker,unit_test_step_1,unit_test,307.17,541.51,74,28,0.7255,0.6134,14,0,5,2075.22,SUCCESS,1,QUEUE_BOTTLENECK,CRITICAL
BUILD-1949,PIPE-core,lint_step_4,lint,15.13,12.38,191,24,0.8884,0.3352,14,0,6,114.45,SUCCESS,0,NONE,NONE
BUILD-1950,PIPE-auth,unit_test_step_3,unit_test,36.4,91.09,172,29,0.8557,0.6915,18,0,3,378.57,SUCCESS,0,NONE,NONE
BUILD-1950,PIPE-worker,compile_step_4,compile,165.06,324.69,88,17,0.8381,0.2284,11,0,0,992.04,SUCCESS,1,QUEUE_BOTTLENECK,HIGH
BUILD-1950,PIPE-web,integration_test_step_3,integration_test,88.24,29.36,0,0,1.0,0.641,14,0,6,446.84,SUCCESS,0,NONE,NONE
BUILD-1951,PIPE-worker,lint_step_3,lint,23.01,13.89,111,10,0.9174,0.6223,18,0,3,200.01,SUCCESS,0,NONE,NONE
BUILD-1951,PIPE-web,compile_step_4,compile,208.33,359.83,193,25,0.8853,0.4791,17,0,3,1623.77,SUCCESS,1,QUEUE_BOTTLENECK,HIGH
BUILD-1951,PIPE-ml,integration_test_step_3,integration_test,176.33,91.79,0,0,1.0,0.4594,16,0,0,1113.05,SUCCESS,0,NONE,LOW
BUILD-1952,PIPE-worker,unit_test_step_3,unit_test,96.74,181.07,17,87,0.1635,0.6355,13,0,5,668.81,SUCCESS,0,NONE,NONE
BUILD-1952,PIPE-web,package_step_1,package,32.23,34.16,0,0,1.0,0.635,16,1,3,259.45,FAILED,0,NONE,LOW
BUILD-1952,PIPE-web,checkout_step_1,checkout,34.66,22.21,0,0,1.0,0.7141,6,0,0,134.63,SUCCESS,0,NONE,NONE
BUILD-1953,PIPE-core,lint_step_2,lint,26.5,20.11,186,16,0.9208,0.658,10,0,0,129.1,SUCCESS,0,NONE,NONE
BUILD-1953,PIPE-ml,unit_test_step_4,unit_test,371.6,32.14,113,8,0.9339,0.6157,6,0,0,828.13,SUCCESS,0,NONE,NONE
BUILD-1953,PIPE-web,dependency_install_step_2,dependency_install,26.89,121.8,197,11,0.9471,0.3974,5,1,3,208.45,FAILED,0,NONE,NONE
BUILD-1954,PIPE-worker,checkout_step_1,checkout,9.61,64.8,0,0,1.0,0.5833,5,0,5,135.43,SUCCESS,0,NONE,NONE
BUILD-1954,PIPE-ml,unit_test_step_2,unit_test,69.92,119.17,55,15,0.7857,0.9843,8,0,0,338.92,SUCCESS,0,NONE,NONE
BUILD-1954,PIPE-ml,package_step_2,package,98.26,37.55,0,0,1.0,0.9278,16,0,0,637.48,SUCCESS,0,NONE,NONE
BUILD-1955,PIPE-worker,checkout_step_4,checkout,10.27,305.52,0,0,1.0,0.6374,12,0,0,400.89,SUCCESS,1,QUEUE_BOTTLENECK,HIGH
BUILD-1955,PIPE-worker,checkout_step_1,checkout,5.0,121.71,0,0,1.0,0.5187,7,0,3,185.47,SUCCESS,0,NONE,NONE
BUILD-1955,PIPE-api,dependency_install_step_4,dependency_install,73.28,13.79,200,18,0.9174,0.6179,14,0,3,428.31,SUCCESS,0,NONE,NONE
BUILD-1956,PIPE-auth,unit_test_step_3,unit_test,204.48,76.7,52,17,0.7536,0.6599,16,1,0,1244.86,FAILED,0,NONE,NONE
BUILD-1956,PIPE-ml,unit_test_step_1,unit_test,90.89,35.23,176,3,0.9832,0.2252,12,0,0,468.89,SUCCESS,0,NONE,NONE
BUILD-1956,PIPE-ml,compile_step_2,compile,266.85,13.72,182,28,0.8667,0.3472,11,0,4,1063.15,SUCCESS,1,SLOW_TASK,HIGH
BUILD-1957,PIPE-ml,security_scan_step_3,security_scan,148.7,106.7,0,0,1.0,0.6601,11,0,2,735.0,SUCCESS,0,NONE,NONE
BUILD-1957,PIPE-auth,build_step_2,build,156.21,37.15,115,9,0.9274,0.5762,5,0,4,341.45,SUCCESS,0,NONE,NONE
BUILD-1957,PIPE-web,build_step_3,build,82.82,11.41,56,8,0.875,0.4707,14,1,0,453.71,FAILED,0,NONE,NONE
BUILD-1958,PIPE-core,build_step_3,build,217.7,673.79,63,5,0.9265,0.535,6,0,3,1153.41,SUCCESS,1,QUEUE_BOTTLENECK,HIGH
BUILD-1958,PIPE-auth,package_step_4,package,35.66,47.55,0,0,1.0,0.6918,13,0,5,266.62,SUCCESS,0,NONE,NONE
BUILD-1958,PIPE-core,package_step_1,package,25.93,309.98,0,0,1.0,0.6096,5,0,0,380.54,SUCCESS,1,QUEUE_BOTTLENECK,HIGH
BUILD-1959,PIPE-core,lint_step_4,lint,37.6,30.74,3,58,0.0492,0.5827,14,0,0,252.46,SUCCESS,0,NONE,NONE
BUILD-1959,PIPE-core,checkout_step_2,checkout,49.96,37.0,0,0,1.0,0.6542,12,0,0,290.38,SUCCESS,0,NONE,NONE
BUILD-1959,PIPE-auth,dependency_install_step_1,dependency_install,59.88,20.26,58,20,0.7436,0.6771,4,0,0,133.03,SUCCESS,0,NONE,NONE
BUILD-1960,PIPE-api,build_step_3,build,147.37,41.12,164,30,0.8454,0.4134,16,0,4,907.01,SUCCESS,0,NONE,NONE
BUILD-1960,PIPE-web,compile_step_1,compile,225.11,24.54,5,102,0.0467,0.9651,14,0,4,1180.85,SUCCESS,1,LOW_CACHE_EFFICIENCY,CRITICAL
BUILD-1960,PIPE-api,integration_test_step_1,integration_test,149.34,45.04,0,0,1.0,0.5586,9,0,6,538.89,SUCCESS,0,NONE,NONE
BUILD-1961,PIPE-ml,security_scan_step_3,security_scan,226.32,118.22,0,0,1.0,0.5415,7,1,0,695.59,FAILED,0,NONE,NONE
BUILD-1961,PIPE-ml,security_scan_step_3,security_scan,278.27,12.6,0,0,1.0,0.7219,12,0,0,1197.58,SUCCESS,1,SLOW_TASK,MEDIUM
BUILD-1961,PIPE-core,lint_step_3,lint,31.15,25.17,79,30,0.7248,0.2132,9,0,4,157.43,SUCCESS,0,NONE,NONE
BUILD-1962,PIPE-ml,compile_step_2,compile,168.88,11.06,13,116,0.1008,0.5923,9,0,0,576.4,SUCCESS,0,NONE,NONE
BUILD-1962,PIPE-web,build_step_1,build,157.15,110.64,84,23,0.785,0.7535,11,0,0,758.91,SUCCESS,0,NONE,NONE
BUILD-1962,PIPE-worker,build_step_3,build,232.37,22.62,144,11,0.929,0.3424,5,0,4,480.92,SUCCESS,1,SLOW_TASK,HIGH
BUILD-1963,PIPE-ml,integration_test_step_2,integration_test,183.68,41.65,0,0,1.0,0.2568,4,1,3,315.35,FAILED,0,NONE,NONE
BUILD-1963,PIPE-web,integration_test_step_3,integration_test,149.52,79.01,0,0,1.0,0.5329,15,0,2,921.62,SUCCESS,0,NONE,NONE
BUILD-1963,PIPE-api,dependency_install_step_3,dependency_install,30.66,81.97,175,5,0.9722,0.5288,9,0,3,234.79,SUCCESS,0,NONE,NONE
BUILD-1964,PIPE-worker,unit_test_step_1,unit_test,84.87,38.85,4,139,0.028,0.3889,11,0,2,421.67,SUCCESS,0,NONE,NONE
BUILD-1964,PIPE-web,package_step_2,package,19.91,42.06,0,0,1.0,0.5977,18,0,4,183.53,SUCCESS,0,NONE,NONE
BUILD-1964,PIPE-api,lint_step_3,lint,13.9,83.1,143,15,0.9051,0.7632,5,0,0,155.21,SUCCESS,0,NONE,NONE
BUILD-1965,PIPE-web,lint_step_4,lint,22.11,66.42,156,15,0.9123,0.2436,12,0,0,178.52,SUCCESS,0,NONE,NONE
BUILD-1965,PIPE-ml,integration_test_step_1,integration_test,68.27,61.28,0,0,1.0,0.6457,4,0,3,204.7,SUCCESS,0,NONE,NONE
BUILD-1965,PIPE-auth,compile_step_2,compile,180.51,512.1,166,20,0.8925,0.5918,10,0,0,1162.82,SUCCESS,1,QUEUE_BOTTLENECK,HIGH
BUILD-1966,PIPE-auth,security_scan_step_2,security_scan,44.14,25.36,0,0,1.0,0.5721,10,1,0,204.24,FAILED,0,NONE,NONE
BUILD-1966,PIPE-auth,package_step_3,package,28.09,26.32,0,0,1.0,0.9561,5,1,3,107.24,FAILED,0,NONE,NONE
BUILD-1966,PIPE-core,dependency_install_step_2,dependency_install,69.98,609.82,9,46,0.1636,0.9182,15,0,3,1020.14,SUCCESS,1,QUEUE_BOTTLENECK,CRITICAL
BUILD-1967,PIPE-auth,unit_test_step_4,unit_test,30.47,12.01,0,125,0.0,0.2541,7,0,0,127.09,SUCCESS,0,NONE,NONE
BUILD-1967,PIPE-core,integration_test_step_2,integration_test,46.85,84.49,0,0,1.0,0.3344,11,0,5,292.61,SUCCESS,0,NONE,NONE
BUILD-1967,PIPE-api,lint_step_3,lint,6.79,117.14,52,19,0.7324,0.8549,12,0,5,182.14,SUCCESS,0,NONE,NONE
BUILD-1968,PIPE-worker,compile_step_4,compile,158.78,17.25,115,16,0.8779,0.4037,7,0,0,429.61,SUCCESS,0,NONE,NONE
BUILD-1968,PIPE-worker,unit_test_step_4,unit_test,99.38,67.57,182,4,0.9785,0.7808,12,0,6,521.82,SUCCESS,0,NONE,NONE
BUILD-1968,PIPE-web,unit_test_step_4,unit_test,71.8,54.98,115,14,0.8915,0.7271,7,0,0,252.54,SUCCESS,0,NONE,NONE
BUILD-1969,PIPE-web,compile_step_4,compile,163.58,14.15,100,21,0.8264,0.4453,6,0,0,381.11,SUCCESS,0,NONE,LOW
BUILD-1969,PIPE-auth,build_step_4,build,126.4,161.63,149,14,0.9141,0.5783,16,0,6,912.0,SUCCESS,0,NONE,NONE
BUILD-1969,PIPE-api,integration_test_step_2,integration_test,411.04,52.21,0,0,1.0,0.5768,14,0,6,2105.6,SUCCESS,1,SLOW_TASK,HIGH
BUILD-1970,PIPE-worker,dependency_install_step_1,dependency_install,181.1,42.1,15,130,0.1034,0.6118,8,1,2,564.67,FAILED,0,NONE,NONE
BUILD-1970,PIPE-worker,unit_test_step_3,unit_test,83.0,34.15,133,17,0.8867,0.7083,4,0,3,171.68,SUCCESS,0,NONE,NONE
BUILD-1970,PIPE-web,security_scan_step_4,security_scan,326.43,43.07,0,0,1.0,0.306,14,0,0,1685.96,SUCCESS,0,NONE,NONE
BUILD-1971,PIPE-worker,integration_test_step_1,integration_test,94.63,529.31,0,0,1.0,0.3263,5,0,5,753.78,SUCCESS,0,NONE,NONE
BUILD-1971,PIPE-web,integration_test_step_3,integration_test,148.04,140.29,0,0,1.0,0.6535,7,0,4,526.53,SUCCESS,0,NONE,NONE
BUILD-1971,PIPE-web,dependency_install_step_3,dependency_install,219.51,21.94,1,77,0.0128,0.5068,14,0,0,1124.61,SUCCESS,0,NONE,LOW
BUILD-1972,PIPE-web,dependency_install_step_2,dependency_install,71.36,21.84,73,20,0.7849,0.5105,9,0,0,295.68,SUCCESS,0,NONE,NONE
BUILD-1972,PIPE-ml,dependency_install_step_2,dependency_install,8.81,87.49,131,3,0.9776,0.3938,14,0,3,154.44,SUCCESS,0,NONE,NONE
BUILD-1972,PIPE-auth,build_step_4,build,146.2,56.82,102,7,0.9358,0.6749,14,0,0,804.1,SUCCESS,0,NONE,NONE
BUILD-1973,PIPE-api,integration_test_step_1,integration_test,125.43,81.19,0,0,1.0,0.7997,15,0,5,787.23,SUCCESS,0,NONE,LOW
BUILD-1973,PIPE-web,dependency_install_step_1,dependency_install,79.9,41.37,125,20,0.8621,0.6192,10,0,3,350.99,SUCCESS,0,NONE,NONE
BUILD-1973,PIPE-ml,dependency_install_step_4,dependency_install,45.34,475.16,9,67,0.1184,0.5077,12,0,0,699.86,SUCCESS,1,QUEUE_BOTTLENECK,CRITICAL
BUILD-1974,PIPE-core,integration_test_step_4,integration_test,332.43,70.62,0,0,1.0,0.4929,9,0,6,1175.36,SUCCESS,1,SLOW_TASK,HIGH
BUILD-1974,PIPE-api,build_step_2,build,84.82,651.74,166,11,0.9379,0.42,18,0,5,1227.57,SUCCESS,1,QUEUE_BOTTLENECK,HIGH
BUILD-1974,PIPE-api,package_step_2,package,26.25,471.98,0,0,1.0,0.5818,13,0,0,635.3,SUCCESS,0,NONE,NONE
BUILD-1975,PIPE-worker,unit_test_step_4,unit_test,86.23,11.07,6,91,0.0619,0.9362,10,0,3,370.33,SUCCESS,1,LOW_CACHE_EFFICIENCY,HIGH
BUILD-1975,PIPE-web,unit_test_step_3,unit_test,343.05,126.48,85,30,0.7391,0.9263,7,0,0,993.12,SUCCESS,1,SLOW_TASK,CRITICAL
BUILD-1975,PIPE-api,unit_test_step_3,unit_test,101.16,554.84,11,135,0.0753,0.5706,18,0,0,1234.1,SUCCESS,1,QUEUE_BOTTLENECK,CRITICAL
BUILD-1976,PIPE-worker,integration_test_step_3,integration_test,228.14,49.39,0,0,1.0,0.933,5,0,0,475.99,SUCCESS,1,SLOW_TASK,CRITICAL
BUILD-1976,PIPE-worker,unit_test_step_2,unit_test,62.18,34.0,143,27,0.8412,0.5695,13,0,0,351.95,SUCCESS,0,NONE,LOW
BUILD-1976,PIPE-web,compile_step_3,compile,162.44,86.0,70,29,0.7071,0.6282,9,0,4,612.9,SUCCESS,0,NONE,NONE
BUILD-1977,PIPE-core,security_scan_step_2,security_scan,176.69,341.1,0,0,1.0,0.5582,10,0,0,994.24,SUCCESS,0,NONE,NONE
BUILD-1977,PIPE-ml,compile_step_1,compile,168.08,45.91,1,78,0.0127,0.9351,16,0,0,1043.35,SUCCESS,1,LOW_CACHE_EFFICIENCY,HIGH
BUILD-1977,PIPE-auth,unit_test_step_3,unit_test,158.84,709.11,98,11,0.8991,0.3068,9,0,3,1231.21,SUCCESS,1,QUEUE_BOTTLENECK,HIGH
BUILD-1978,PIPE-core,compile_step_3,compile,45.63,39.37,1,40,0.0244,0.7766,12,0,0,260.72,SUCCESS,0,NONE,NONE
BUILD-1978,PIPE-worker,build_step_1,build,245.54,21.7,14,41,0.2545,0.7063,15,0,0,1369.23,SUCCESS,1,LOW_CACHE_EFFICIENCY,CRITICAL
BUILD-1978,PIPE-web,security_scan_step_2,security_scan,63.01,69.59,0,0,1.0,0.5391,16,0,0,480.15,SUCCESS,0,NONE,NONE
BUILD-1979,PIPE-ml,unit_test_step_4,unit_test,100.88,53.96,145,14,0.9119,0.2999,11,0,6,466.19,SUCCESS,0,NONE,LOW
BUILD-1979,PIPE-ml,compile_step_2,compile,120.39,317.63,64,23,0.7356,0.2401,9,0,0,715.76,SUCCESS,1,QUEUE_BOTTLENECK,HIGH
BUILD-1979,PIPE-auth,lint_step_2,lint,76.92,102.99,174,20,0.8969,0.567,18,0,6,629.97,SUCCESS,0,NONE,NONE
BUILD-1980,PIPE-web,security_scan_step_1,security_scan,208.93,23.02,0,0,1.0,0.671,16,0,0,1220.84,SUCCESS,0,NONE,NONE
BUILD-1980,PIPE-ml,compile_step_2,compile,83.27,97.81,55,23,0.7051,0.7121,10,2,3,427.8,FAILED,0,NONE,NONE
BUILD-1980,PIPE-worker,unit_test_step_3,unit_test,81.08,26.63,96,16,0.8571,0.9196,14,0,0,448.04,SUCCESS,0,NONE,NONE
BUILD-1981,PIPE-ml,integration_test_step_1,integration_test,125.14,699.51,0,0,1.0,0.7219,17,0,6,1481.54,SUCCESS,0,NONE,NONE
BUILD-1981,PIPE-api,unit_test_step_1,unit_test,137.15,107.63,8,148,0.0513,0.3366,17,0,3,947.62,SUCCESS,0,NONE,NONE
BUILD-1981,PIPE-worker,security_scan_step_2,security_scan,124.15,101.73,0,0,1.0,0.4381,17,0,0,886.71,SUCCESS,0,NONE,NONE
BUILD-1982,PIPE-worker,build_step_1,build,6.18,417.66,168,6,0.9655,0.5447,12,0,4,497.19,SUCCESS,1,QUEUE_BOTTLENECK,HIGH
BUILD-1982,PIPE-worker,integration_test_step_4,integration_test,254.85,122.64,0,0,1.0,0.954,11,0,0,1126.78,SUCCESS,1,SLOW_TASK,CRITICAL
BUILD-1982,PIPE-web,unit_test_step_1,unit_test,144.26,63.08,88,3,0.967,0.4589,17,0,5,968.9,SUCCESS,0,NONE,NONE
BUILD-1983,PIPE-ml,lint_step_4,lint,37.15,270.39,94,13,0.8785,0.9768,11,0,0,447.01,SUCCESS,0,NONE,NONE
BUILD-1983,PIPE-ml,unit_test_step_4,unit_test,72.61,96.05,191,6,0.9695,0.7315,11,0,4,402.89,SUCCESS,0,NONE,NONE
BUILD-1983,PIPE-auth,compile_step_3,compile,157.78,12.69,187,9,0.9541,0.7622,13,0,4,766.57,SUCCESS,1,PARALLELISATION_OPPORTUNITY,MEDIUM
BUILD-1984,PIPE-api,lint_step_1,lint,6.76,88.68,12,72,0.1429,0.644,13,0,0,137.94,SUCCESS,1,LOW_CACHE_EFFICIENCY,MEDIUM
BUILD-1984,PIPE-auth,checkout_step_4,checkout,42.57,79.3,0,0,1.0,0.6168,7,0,2,241.87,SUCCESS,0,NONE,NONE
BUILD-1984,PIPE-auth,unit_test_step_2,unit_test,191.38,318.2,185,6,0.9686,0.5361,15,0,4,1348.58,SUCCESS,1,QUEUE_BOTTLENECK,HIGH
BUILD-1985,PIPE-web,dependency_install_step_2,dependency_install,53.09,525.46,120,26,0.8219,0.6851,11,0,6,749.39,SUCCESS,1,QUEUE_BOTTLENECK,HIGH
BUILD-1985,PIPE-api,unit_test_step_2,unit_test,255.28,26.51,165,9,0.9483,0.8252,6,0,5,583.64,SUCCESS,1,SLOW_TASK,HIGH
BUILD-1985,PIPE-ml,unit_test_step_4,unit_test,165.62,124.6,112,20,0.8485,0.5003,14,0,2,967.91,SUCCESS,0,NONE,NONE
BUILD-1986,PIPE-worker,security_scan_step_4,security_scan,89.0,59.18,0,0,1.0,0.6623,13,1,2,506.58,FAILED,0,NONE,NONE
BUILD-1986,PIPE-ml,compile_step_3,compile,165.79,26.12,7,104,0.0631,0.5311,5,1,4,335.8,FAILED,1,LOW_CACHE_EFFICIENCY,HIGH
BUILD-1986,PIPE-core,build_step_2,build,155.2,34.02,62,21,0.747,0.6832,4,0,0,300.65,SUCCESS,0,NONE,NONE
BUILD-1987,PIPE-worker,integration_test_step_4,integration_test,612.18,213.81,0,0,1.0,0.8237,7,0,0,1757.6,SUCCESS,1,SLOW_TASK,MEDIUM
BUILD-1987,PIPE-worker,package_step_3,package,10.85,111.59,0,0,1.0,0.6483,16,0,0,193.01,SUCCESS,0,NONE,NONE
BUILD-1987,PIPE-web,lint_step_1,lint,42.19,70.18,9,58,0.1343,0.7397,16,0,0,356.42,SUCCESS,1,LOW_CACHE_EFFICIENCY,MEDIUM
BUILD-1988,PIPE-web,compile_step_2,compile,170.6,607.49,77,29,0.7264,0.7783,5,0,0,964.78,SUCCESS,1,QUEUE_BOTTLENECK,HIGH
BUILD-1988,PIPE-auth,build_step_1,build,71.53,116.9,20,115,0.1481,0.7921,11,0,0,423.18,SUCCESS,1,LOW_CACHE_EFFICIENCY,MEDIUM
BUILD-1988,PIPE-auth,build_step_1,build,181.89,364.67,177,3,0.9833,0.6374,8,0,0,926.23,SUCCESS,1,QUEUE_BOTTLENECK,HIGH
BUILD-1989,PIPE-worker,compile_step_2,compile,58.04,55.81,135,12,0.9184,0.5939,6,1,2,220.92,FAILED,0,NONE,NONE
BUILD-1989,PIPE-web,security_scan_step_4,security_scan,95.88,63.2,0,0,1.0,0.4326,6,0,2,301.78,SUCCESS,0,NONE,NONE
BUILD-1989,PIPE-api,security_scan_step_2,security_scan,57.39,25.87,0,0,1.0,0.5376,4,0,0,133.8,SUCCESS,0,NONE,NONE
BUILD-1990,PIPE-web,unit_test_step_1,unit_test,32.95,169.74,1,141,0.007,0.5794,18,0,5,430.02,SUCCESS,0,NONE,NONE
BUILD-1990,PIPE-web,dependency_install_step_2,dependency_install,93.19,114.85,20,137,0.1274,0.551,15,0,2,635.92,SUCCESS,0,NONE,NONE
BUILD-1990,PIPE-worker,checkout_step_1,checkout,5.89,68.59,0,0,1.0,0.4373,8,0,0,130.25,SUCCESS,0,NONE,NONE
BUILD-1991,PIPE-web,dependency_install_step_2,dependency_install,97.02,259.97,142,25,0.8503,0.6165,6,0,0,513.9,SUCCESS,0,NONE,NONE
BUILD-1991,PIPE-web,build_step_3,build,145.15,63.98,75,23,0.7653,0.5379,11,0,0,666.6,SUCCESS,0,NONE,NONE
BUILD-1991,PIPE-web,integration_test_step_2,integration_test,33.89,684.16,0,0,1.0,0.7585,5,0,4,783.87,SUCCESS,1,QUEUE_BOTTLENECK,HIGH
BUILD-1992,PIPE-auth,dependency_install_step_1,dependency_install,37.6,21.78,105,28,0.7895,0.7114,9,0,0,191.64,SUCCESS,0,NONE,NONE
BUILD-1992,PIPE-core,compile_step_2,compile,129.91,76.25,3,146,0.0201,0.649,15,1,0,814.48,FAILED,0,NONE,NONE
BUILD-1992,PIPE-api,checkout_step_3,checkout,15.58,65.36,0,0,1.0,0.5823,12,0,6,177.76,SUCCESS,0,NONE,NONE
BUILD-1993,PIPE-core,security_scan_step_2,security_scan,331.41,39.52,0,0,1.0,0.5214,13,0,0,1587.08,SUCCESS,0,NONE,NONE
BUILD-1993,PIPE-auth,package_step_4,package,61.89,124.17,0,0,1.0,0.4956,14,0,0,469.44,SUCCESS,0,NONE,NONE
BUILD-1993,PIPE-api,security_scan_step_1,security_scan,125.21,58.23,0,0,1.0,0.9419,4,0,3,280.81,SUCCESS,0,NONE,NONE
BUILD-1994,PIPE-auth,lint_step_2,lint,34.55,24.26,53,25,0.6795,0.9452,18,0,3,290.65,SUCCESS,0,NONE,NONE
BUILD-1994,PIPE-worker,lint_step_2,lint,79.13,61.75,4,80,0.0476,0.7669,17,0,6,547.71,SUCCESS,0,NONE,NONE
BUILD-1994,PIPE-core,lint_step_4,lint,52.52,57.13,84,21,0.8,0.5621,7,0,0,222.36,SUCCESS,0,NONE,NONE
BUILD-1995,PIPE-auth,unit_test_step_4,unit_test,120.27,132.61,127,3,0.9769,0.7741,15,0,0,781.81,SUCCESS,0,NONE,NONE
BUILD-1995,PIPE-core,unit_test_step_3,unit_test,348.46,531.96,63,2,0.9692,0.5177,7,0,2,1416.61,SUCCESS,1,QUEUE_BOTTLENECK,CRITICAL
BUILD-1995,PIPE-core,security_scan_step_4,security_scan,54.51,10.54,0,0,1.0,0.9675,16,0,3,355.94,SUCCESS,0,NONE,NONE
BUILD-1996,PIPE-web,build_step_4,build,95.74,21.47,186,20,0.9029,0.5869,13,0,3,493.69,SUCCESS,0,NONE,NONE
BUILD-1996,PIPE-web,security_scan_step_2,security_scan,334.86,16.66,0,0,1.0,0.9817,12,0,0,1465.07,SUCCESS,1,SLOW_TASK,CRITICAL
BUILD-1996,PIPE-worker,integration_test_step_2,integration_test,312.93,67.09,0,0,1.0,0.5066,14,0,0,1647.13,SUCCESS,1,SLOW_TASK,MEDIUM
BUILD-1997,PIPE-ml,build_step_3,build,145.52,63.53,140,30,0.8235,0.5578,16,0,0,900.14,SUCCESS,0,NONE,NONE
BUILD-1997,PIPE-api,checkout_step_1,checkout,59.41,11.89,0,0,1.0,0.5338,13,0,3,300.27,SUCCESS,0,NONE,NONE
BUILD-1997,PIPE-worker,security_scan_step_3,security_scan,165.27,476.06,0,0,1.0,0.5804,17,2,0,1506.0,FAILED,0,NONE,LOW
BUILD-1998,PIPE-auth,integration_test_step_3,integration_test,192.09,18.96,0,0,1.0,0.598,13,0,4,938.88,SUCCESS,1,PARALLELISATION_OPPORTUNITY,MEDIUM
BUILD-1998,PIPE-worker,unit_test_step_4,unit_test,118.3,11.84,68,9,0.8831,0.6338,4,0,4,218.47,SUCCESS,0,NONE,NONE
BUILD-1998,PIPE-web,integration_test_step_3,integration_test,138.94,102.48,0,0,1.0,0.514,18,0,3,1005.24,SUCCESS,0,NONE,NONE
BUILD-1999,PIPE-ml,compile_step_1,compile,186.17,46.25,13,66,0.1646,0.3568,9,0,0,671.96,SUCCESS,1,LOW_CACHE_EFFICIENCY,MEDIUM
BUILD-1999,PIPE-core,checkout_step_4,checkout,96.96,44.32,0,0,1.0,0.6565,14,0,0,578.27,SUCCESS,0,NONE,NONE
BUILD-1999,PIPE-web,security_scan_step_1,security_scan,103.79,26.87,0,0,0.9288,0.4801,4,0,0,217.93,SUCCESS,0,NONE,NONE
BUILD-2000,PIPE-api,dependency_install_step_3,dependency_install,80.01,539.64,174,28,0.8614,0.3657,16,0,3,1011.61,SUCCESS,1,QUEUE_BOTTLENECK,HIGH
BUILD-2000,PIPE-ml,dependency_install_step_1,dependency_install,5.62,693.84,2,141,0.014,0.6274,17,0,0,764.64,SUCCESS,1,QUEUE_BOTTLENECK,CRITICAL
BUILD-2000,PIPE-web,package_step_3,package,19.35,96.46,0,0,1.0,0.4798,17,0,0,241.62,SUCCESS,0,NONE,NONE
BUILD-2001,PIPE-api,unit_test_step_3,unit_test,82.13,21.29,177,30,0.8551,0.4084,5,0,0,187.08,SUCCESS,0,NONE,NONE
BUILD-2001,PIPE-core,build_step_4,build,129.28,507.52,160,25,0.8649,0.5811,16,0,0,1285.5,SUCCESS,1,QUEUE_BOTTLENECK,HIGH
BUILD-2001,PIPE-core,checkout_step_1,checkout,109.75,46.02,0,0,1.0,0.9159,15,0,2,652.96,SUCCESS,0,NONE,NONE
BUILD-2002,PIPE-core,dependency_install_step_2,dependency_install,25.38,32.54,56,19,0.7467,0.9126,4,0,3,116.53,SUCCESS,0,NONE,NONE
BUILD-2002,PIPE-worker,unit_test_step_2,unit_test,90.51,130.32,18,117,0.1333,0.4269,17,2,0,693.67,FAILED,0,NONE,NONE
BUILD-2002,PIPE-web,dependency_install_step_3,dependency_install,86.22,25.19,102,11,0.9027,0.5332,5,1,2,228.83,FAILED,0,NONE,NONE
BUILD-2003,PIPE-web,build_step_1,build,114.37,689.67,78,8,0.907,0.9518,9,0,0,1093.88,SUCCESS,1,QUEUE_BOTTLENECK,CRITICAL
BUILD-2003,PIPE-web,dependency_install_step_4,dependency_install,118.39,58.69,82,23,0.781,0.5927,9,0,0,450.57,SUCCESS,0,NONE,NONE
BUILD-2003,PIPE-core,unit_test_step_1,unit_test,122.5,88.55,193,20,0.9061,0.2725,15,0,0,782.05,SUCCESS,0,NONE,NONE
BUILD-2004,PIPE-ml,unit_test_step_3,unit_test,57.77,50.58,15,99,0.1316,0.6388,6,0,6,192.75,SUCCESS,0,NONE,NONE
BUILD-2004,PIPE-worker,integration_test_step_2,integration_test,82.4,329.82,0,0,1.0,0.4389,7,1,6,552.09,FAILED,1,QUEUE_BOTTLENECK,HIGH
BUILD-2004,PIPE-web,compile_step_4,compile,106.42,20.14,71,22,0.7634,0.2314,11,0,6,459.82,SUCCESS,0,NONE,NONE
BUILD-2005,PIPE-core,unit_test_step_4,unit_test,70.08,84.79,60,9,0.8696,0.4175,16,0,0,516.58,SUCCESS,0,NONE,NONE
BUILD-2005,PIPE-auth,dependency_install_step_1,dependency_install,26.93,14.0,133,9,0.9366,0.6068,15,0,4,189.14,SUCCESS,0,NONE,NONE
BUILD-2005,PIPE-api,integration_test_step_4,integration_test,111.97,361.09,0,0,1.0,0.5262,8,1,6,693.71,FAILED,0,NONE,NONE
BUILD-2006,PIPE-worker,build_step_1,build,69.81,615.85,14,121,0.1037,0.919,9,0,2,886.35,SUCCESS,1,QUEUE_BOTTLENECK,CRITICAL
BUILD-2006,PIPE-ml,build_step_3,build,101.63,214.52,136,26,0.8395,0.3675,9,0,0,571.23,SUCCESS,0,NONE,NONE
BUILD-2006,PIPE-auth,security_scan_step_4,security_scan,43.13,98.58,0,0,1.0,0.4326,12,0,0,308.95,SUCCESS,0,NONE,NONE
BUILD-2007,PIPE-api,integration_test_step_2,integration_test,97.22,164.82,0,0,1.0,0.7251,16,0,0,735.0,SUCCESS,0,NONE,NONE
BUILD-2007,PIPE-ml,checkout_step_3,checkout,5.0,510.4,0,0,1.0,0.5212,8,0,0,573.81,SUCCESS,1,QUEUE_BOTTLENECK,HIGH
BUILD-2007,PIPE-api,compile_step_1,compile,64.95,72.33,175,19,0.9021,0.5626,18,0,0,504.68,SUCCESS,0,NONE,NONE
BUILD-2008,PIPE-web,integration_test_step_4,integration_test,158.52,78.88,0,0,1.0,0.446,8,0,4,582.4,SUCCESS,0,NONE,NONE
BUILD-2008,PIPE-worker,checkout_step_3,checkout,22.2,10.64,0,0,1.0,0.3951,5,2,5,80.74,FAILED,0,NONE,NONE
BUILD-2008,PIPE-core,compile_step_2,compile,120.68,27.72,123,23,0.8425,0.5931,16,0,5,747.72,SUCCESS,0,NONE,NONE
BUILD-2009,PIPE-auth,integration_test_step_4,integration_test,207.4,11.86,0,0,1.0,0.8302,16,0,2,1217.74,SUCCESS,0,NONE,NONE
BUILD-2009,PIPE-api,unit_test_step_1,unit_test,149.08,70.57,178,20,0.899,0.4779,8,0,2,526.42,SUCCESS,0,NONE,NONE
BUILD-2009,PIPE-auth,dependency_install_step_2,dependency_install,146.78,423.76,123,9,0.9318,0.9665,5,0,0,711.79,SUCCESS,1,QUEUE_BOTTLENECK,CRITICAL
BUILD-2010,PIPE-web,checkout_step_1,checkout,8.57,611.37,0,0,1.0,0.64,5,0,4,647.1,SUCCESS,1,QUEUE_BOTTLENECK,HIGH
BUILD-2010,PIPE-api,build_step_4,build,275.62,85.79,89,13,0.8725,0.3748,16,0,0,1686.73,SUCCESS,1,SLOW_TASK,MEDIUM
BUILD-2010,PIPE-ml,compile_step_4,compile,190.41,541.9,20,125,0.1379,0.6054,5,1,2,930.57,FAILED,1,QUEUE_BOTTLENECK,CRITICAL
BUILD-2011,PIPE-ml,checkout_step_1,checkout,6.71,41.76,0,0,1.0,0.9334,4,0,4,76.44,SUCCESS,0,NONE,NONE
BUILD-2011,PIPE-core,unit_test_step_2,unit_test,153.24,580.91,129,10,0.9281,0.5567,17,0,0,1529.98,SUCCESS,1,QUEUE_BOTTLENECK,HIGH
BUILD-2011,PIPE-api,lint_step_3,lint,10.75,185.58,84,12,0.875,0.603,5,0,0,223.85,SUCCESS,0,NONE,NONE
BUILD-2012,PIPE-auth,integration_test_step_3,integration_test,51.22,44.38,0,0,1.0,0.9511,16,0,0,349.14,SUCCESS,0,NONE,NONE
BUILD-2012,PIPE-api,unit_test_step_3,unit_test,127.56,59.31,16,56,0.2222,0.5653,13,0,6,657.92,SUCCESS,0,NONE,NONE
BUILD-2012,PIPE-ml,compile_step_1,compile,157.25,31.94,6,84,0.0667,0.6124,13,0,3,786.78,SUCCESS,1,LOW_CACHE_EFFICIENCY,HIGH
BUILD-2013,PIPE-ml,security_scan_step_3,security_scan,216.16,45.91,0,0,1.0,0.5288,12,1,5,994.97,FAILED,0,NONE,NONE
BUILD-2013,PIPE-worker,security_scan_step_1,security_scan,60.85,45.71,0,0,1.0,0.4452,14,0,4,401.11,SUCCESS,0,NONE,NONE
BUILD-2013,PIPE-web,dependency_install_step_4,dependency_install,186.09,29.52,123,26,0.8255,0.5154,13,0,4,921.83,SUCCESS,0,NONE,NONE
BUILD-2014,PIPE-core,checkout_step_1,checkout,63.58,51.05,0,0,1.0,0.4277,12,0,0,361.59,SUCCESS,0,NONE,NONE
BUILD-2014,PIPE-ml,security_scan_step_3,security_scan,66.07,112.32,0,0,1.0,0.5959,11,0,0,419.42,SUCCESS,0,NONE,NONE
BUILD-2014,PIPE-web,build_step_3,build,75.38,28.4,199,5,0.9755,0.9272,4,0,0,173.55,SUCCESS,1,AGENT_UTILISATION,MEDIUM
BUILD-2015,PIPE-web,compile_step_3,compile,105.6,109.66,61,4,0.9385,0.723,4,0,0,305.3,SUCCESS,0,NONE,NONE
BUILD-2015,PIPE-api,build_step_3,build,42.65,45.26,86,14,0.86,0.5943,9,0,5,230.89,SUCCESS,0,NONE,NONE
BUILD-2015,PIPE-core,security_scan_step_1,security_scan,115.45,53.14,0,0,1.0,0.2756,14,0,0,662.25,SUCCESS,0,NONE,NONE
BUILD-2016,PIPE-web,compile_step_3,compile,260.54,31.92,167,19,0.8978,0.4219,6,0,5,632.57,SUCCESS,1,SLOW_TASK,HIGH
BUILD-2016,PIPE-auth,build_step_4,build,79.18,265.26,128,21,0.8591,0.7453,18,0,0,808.05,SUCCESS,0,NONE,NONE
BUILD-2016,PIPE-core,dependency_install_step_2,dependency_install,145.89,34.32,123,23,0.8425,0.776,14,0,3,804.47,SUCCESS,0,NONE,NONE
BUILD-2017,PIPE-api,build_step_3,build,56.67,25.7,19,66,0.2235,0.3956,14,0,5,345.3,SUCCESS,0,NONE,NONE
BUILD-2017,PIPE-web,security_scan_step_3,security_scan,242.91,91.29,0,0,1.0,0.4844,18,0,3,1671.99,SUCCESS,1,SLOW_TASK,HIGH
BUILD-2017,PIPE-auth,unit_test_step_1,unit_test,107.0,18.48,139,2,0.9858,0.2497,15,0,0,625.03,SUCCESS,0,NONE,NONE
BUILD-2018,PIPE-worker,lint_step_3,lint,27.04,54.14,141,7,0.9527,0.4366,18,0,5,245.85,SUCCESS,0,NONE,NONE
BUILD-2018,PIPE-web,dependency_install_step_2,dependency_install,49.61,41.83,108,28,0.7941,0.5057,18,0,5,385.06,SUCCESS,0,NONE,NONE
BUILD-2018,PIPE-api,integration_test_step_2,integration_test,89.63,389.83,0,0,1.0,0.6168,5,1,2,590.57,FAILED,1,QUEUE_BOTTLENECK,HIGH
BUILD-2019,PIPE-worker,unit_test_step_2,unit_test,136.72,566.99,20,120,0.1429,0.8,15,0,0,1324.47,SUCCESS,1,QUEUE_BOTTLENECK,CRITICAL
BUILD-2019,PIPE-worker,package_step_3,package,38.91,127.8,0,0,1.0,0.1497,9,0,2,284.31,SUCCESS,0,NONE,NONE
BUILD-2019,PIPE-core,integration_test_step_2,integration_test,86.22,676.98,0,0,1.0,0.5637,4,0,3,856.19,SUCCESS,1,QUEUE_BOTTLENECK,HIGH
BUILD-2020,PIPE-auth,dependency_install_step_2,dependency_install,36.84,71.98,108,5,0.9558,0.5109,13,0,0,265.82,SUCCESS,0,NONE,NONE
BUILD-2020,PIPE-ml,compile_step_3,compile,104.29,508.48,90,23,0.7965,0.3492,14,0,0,1036.61,SUCCESS,0,NONE,NONE
BUILD-2020,PIPE-core,unit_test_step_4,unit_test,80.33,100.9,19,47,0.2879,0.6499,6,1,0,321.62,FAILED,0,NONE,NONE
BUILD-2021,PIPE-api,package_step_1,package,15.61,57.9,0,0,1.0,0.6482,8,0,0,158.07,SUCCESS,0,NONE,NONE
BUILD-2021,PIPE-auth,unit_test_step_1,unit_test,186.22,447.46,10,143,0.0654,0.3431,16,0,0,1510.85,SUCCESS,1,QUEUE_BOTTLENECK,CRITICAL
BUILD-2021,PIPE-web,dependency_install_step_3,dependency_install,84.4,65.91,100,7,0.9346,0.3053,17,0,5,615.44,SUCCESS,0,NONE,NONE
BUILD-2022,PIPE-auth,compile_step_1,compile,144.9,93.07,8,55,0.127,0.4803,18,1,6,1061.31,FAILED,0,NONE,NONE
BUILD-2022,PIPE-ml,compile_step_4,compile,63.35,43.41,136,2,0.9855,0.6078,13,0,6,376.37,SUCCESS,0,NONE,NONE
BUILD-2022,PIPE-worker,dependency_install_step_2,dependency_install,40.62,68.99,150,6,0.9615,0.5506,12,0,0,262.18,SUCCESS,0,NONE,NONE
BUILD-2023,PIPE-ml,dependency_install_step_3,dependency_install,73.35,144.51,191,10,0.9502,0.4057,9,0,0,405.97,SUCCESS,0,NONE,NONE
BUILD-2023,PIPE-api,dependency_install_step_4,dependency_install,33.32,77.62,9,117,0.0714,0.2909,17,0,5,321.22,SUCCESS,0,NONE,NONE
BUILD-2023,PIPE-core,unit_test_step_4,unit_test,171.19,134.89,142,19,0.882,0.7556,8,0,5,638.84,SUCCESS,0,NONE,NONE
BUILD-2024,PIPE-worker,unit_test_step_2,unit_test,138.41,43.04,73,18,0.8022,0.7013,7,0,0,439.47,SUCCESS,0,NONE,NONE
BUILD-2024,PIPE-worker,unit_test_step_1,unit_test,323.53,144.91,104,30,0.7761,0.3022,10,0,0,1300.63,SUCCESS,1,SLOW_TASK,MEDIUM
BUILD-2024,PIPE-auth,package_step_3,package,24.28,216.11,0,0,0.9288,0.2218,11,0,2,352.28,SUCCESS,0,NONE,NONE
BUILD-2025,PIPE-auth,dependency_install_step_3,dependency_install,40.01,562.55,164,13,0.9266,0.579,13,0,0,773.22,SUCCESS,1,QUEUE_BOTTLENECK,HIGH
BUILD-2025,PIPE-auth,dependency_install_step_1,dependency_install,57.9,113.78,106,23,0.8217,0.6169,15,0,0,466.16,SUCCESS,0,NONE,NONE
BUILD-2025,PIPE-core,dependency_install_step_4,dependency_install,52.58,35.38,68,6,0.9189,0.7198,4,1,0,157.72,FAILED,0,NONE,NONE
BUILD-2026,PIPE-auth,build_step_3,build,242.67,41.31,7,58,0.1077,0.3517,6,0,6,578.51,SUCCESS,1,LOW_CACHE_EFFICIENCY,CRITICAL
BUILD-2026,PIPE-auth,lint_step_1,lint,32.9,88.36,175,27,0.8663,0.2305,10,0,0,236.43,SUCCESS,0,NONE,LOW
BUILD-2026,PIPE-web,checkout_step_2,checkout,6.77,33.41,0,0,1.0,0.3812,14,0,6,104.43,SUCCESS,0,NONE,NONE
BUILD-2027,PIPE-ml,integration_test_step_4,integration_test,106.24,54.48,0,0,1.0,0.5531,17,0,0,719.31,SUCCESS,0,NONE,NONE
BUILD-2027,PIPE-core,unit_test_step_4,unit_test,107.22,333.07,111,9,0.925,0.4709,4,0,0,512.88,SUCCESS,1,QUEUE_BOTTLENECK,HIGH
BUILD-2027,PIPE-core,security_scan_step_4,security_scan,97.47,283.87,0,0,1.0,0.4877,8,0,5,576.48,SUCCESS,0,NONE,NONE
BUILD-2028,PIPE-ml,unit_test_step_2,unit_test,82.03,75.01,172,24,0.8776,0.662,8,0,4,352.74,SUCCESS,0,NONE,NONE
BUILD-2028,PIPE-worker,unit_test_step_2,unit_test,74.74,113.64,177,11,0.9415,0.9373,6,0,2,326.37,SUCCESS,0,NONE,NONE
BUILD-2028,PIPE-ml,security_scan_step_4,security_scan,30.29,347.1,0,0,1.0,0.7881,8,0,0,487.5,SUCCESS,0,NONE,NONE
BUILD-2029,PIPE-ml,dependency_install_step_2,dependency_install,185.4,412.62,56,2,0.9655,0.7635,17,0,2,1541.83,SUCCESS,1,QUEUE_BOTTLENECK,HIGH
BUILD-2029,PIPE-web,security_scan_step_3,security_scan,72.68,81.61,0,0,1.0,0.624,11,0,4,382.26,SUCCESS,0,NONE,NONE
BUILD-2029,PIPE-worker,integration_test_step_4,integration_test,41.64,35.42,0,0,1.0,0.559,10,0,0,208.53,SUCCESS,0,NONE,NONE
BUILD-2030,PIPE-worker,security_scan_step_3,security_scan,111.38,42.39,0,0,1.0,0.5951,11,0,0,504.22,SUCCESS,0,NONE,NONE
BUILD-2030,PIPE-worker,build_step_4,build,103.47,66.06,114,17,0.8702,0.4924,4,0,0,241.73,SUCCESS,0,NONE,NONE
BUILD-2030,PIPE-web,build_step_2,build,173.45,11.44,132,7,0.9496,0.9829,9,1,0,582.51,FAILED,1,AGENT_UTILISATION,MEDIUM
BUILD-2031,PIPE-auth,unit_test_step_2,unit_test,89.89,10.63,86,16,0.8431,0.6229,15,0,6,535.87,SUCCESS,0,NONE,NONE
BUILD-2031,PIPE-core,unit_test_step_2,unit_test,114.85,130.05,109,22,0.8321,0.6406,16,0,5,799.17,SUCCESS,0,NONE,NONE
BUILD-2031,PIPE-worker,build_step_4,build,60.52,136.27,5,142,0.034,0.5614,8,0,0,324.8,SUCCESS,0,NONE,NONE
BUILD-2032,PIPE-auth,lint_step_2,lint,5.0,107.56,2,53,0.0364,0.5637,16,0,4,184.21,SUCCESS,0,NONE,NONE
BUILD-2032,PIPE-auth,compile_step_4,compile,124.65,76.07,9,85,0.0957,0.3314,10,0,6,545.66,SUCCESS,1,LOW_CACHE_EFFICIENCY,MEDIUM
BUILD-2032,PIPE-worker,build_step_3,build,66.37,156.89,104,12,0.8966,0.986,11,0,6,459.76,SUCCESS,1,AGENT_UTILISATION,MEDIUM
BUILD-2033,PIPE-worker,security_scan_step_1,security_scan,224.69,17.05,0,0,1.0,0.4739,10,0,3,837.79,SUCCESS,1,SLOW_TASK,HIGH
BUILD-2033,PIPE-ml,package_step_3,package,53.14,25.65,0,0,1.0,0.7223,10,0,0,230.71,SUCCESS,0,NONE,NONE
BUILD-2033,PIPE-web,package_step_4,package,26.55,36.9,0,0,1.0,0.576,13,0,5,195.75,SUCCESS,0,NONE,NONE
BUILD-2034,PIPE-worker,build_step_3,build,64.05,21.57,93,20,0.823,0.3009,16,0,5,439.47,SUCCESS,0,NONE,NONE
BUILD-2034,PIPE-web,lint_step_4,lint,33.68,94.62,161,17,0.9045,0.5355,17,0,2,335.26,SUCCESS,0,NONE,NONE
BUILD-2034,PIPE-worker,lint_step_1,lint,28.55,120.55,130,29,0.8176,0.5534,14,0,5,319.38,SUCCESS,0,NONE,NONE
BUILD-2035,PIPE-api,dependency_install_step_3,dependency_install,124.21,35.22,120,30,0.8,0.5788,16,0,0,781.98,SUCCESS,0,NONE,NONE
BUILD-2035,PIPE-worker,security_scan_step_2,security_scan,125.66,514.3,0,0,1.0,0.485,10,0,3,978.14,SUCCESS,1,QUEUE_BOTTLENECK,HIGH
BUILD-2035,PIPE-ml,compile_step_2,compile,187.84,81.55,148,6,0.961,0.6197,14,0,2,1056.22,SUCCESS,0,NONE,NONE
BUILD-2036,PIPE-web,compile_step_3,compile,59.75,353.22,90,3,0.9677,0.914,8,0,0,569.45,SUCCESS,1,QUEUE_BOTTLENECK,CRITICAL
BUILD-2036,PIPE-core,unit_test_step_3,unit_test,99.18,323.28,104,25,0.8062,0.2789,6,0,0,553.15,SUCCESS,1,QUEUE_BOTTLENECK,HIGH
BUILD-2036,PIPE-auth,integration_test_step_4,integration_test,97.92,376.88,0,0,1.0,0.2685,4,0,4,567.69,SUCCESS,0,NONE,LOW
BUILD-2037,PIPE-worker,checkout_step_2,checkout,37.54,122.51,0,0,1.0,0.6275,15,0,0,346.86,SUCCESS,0,NONE,NONE
BUILD-2037,PIPE-ml,integration_test_step_4,integration_test,126.14,205.73,0,0,1.0,0.4436,11,0,5,740.29,SUCCESS,0,NONE,NONE
BUILD-2037,PIPE-web,compile_step_1,compile,131.29,75.26,96,14,0.8727,0.5024,5,0,0,313.06,SUCCESS,0,NONE,NONE
BUILD-2038,PIPE-auth,lint_step_2,lint,5.13,50.65,1,146,0.0068,0.9107,5,0,4,98.54,SUCCESS,1,LOW_CACHE_EFFICIENCY,HIGH
BUILD-2038,PIPE-api,integration_test_step_1,integration_test,166.68,133.48,0,0,1.0,0.4697,17,0,0,1162.54,SUCCESS,0,NONE,NONE
BUILD-2038,PIPE-api,build_step_4,build,69.66,25.52,18,48,0.2727,0.5225,13,0,2,393.33,SUCCESS,1,LOW_CACHE_EFFICIENCY,MEDIUM
BUILD-2039,PIPE-ml,integration_test_step_2,integration_test,52.46,38.56,0,0,1.0,0.8166,7,0,2,210.52,SUCCESS,0,NONE,NONE
BUILD-2039,PIPE-api,checkout_step_1,checkout,31.41,57.92,0,0,1.0,0.5953,6,1,0,158.28,FAILED,0,NONE,NONE
BUILD-2039,PIPE-ml,security_scan_step_3,security_scan,138.28,12.61,0,0,0.9288,0.9626,15,0,3,791.74,SUCCESS,1,AGENT_UTILISATION,MEDIUM
BUILD-2040,PIPE-worker,compile_step_3,compile,164.98,32.07,18,143,0.1118,0.3351,13,0,0,802.17,SUCCESS,1,LOW_CACHE_EFFICIENCY,MEDIUM
BUILD-2040,PIPE-ml,checkout_step_1,checkout,20.03,98.12,0,0,1.0,0.7657,18,0,0,271.16,SUCCESS,0,NONE,NONE
BUILD-2040,PIPE-api,unit_test_step_1,unit_test,150.77,55.99,164,19,0.8962,0.6768,11,0,6,652.34,SUCCESS,0,NONE,NONE
BUILD-2041,PIPE-api,checkout_step_1,checkout,46.11,196.51,0,0,1.0,0.5422,14,0,6,466.22,SUCCESS,0,NONE,NONE
BUILD-2041,PIPE-worker,integration_test_step_4,integration_test,71.0,63.79,0,0,1.0,0.3912,8,0,3,298.42,SUCCESS,0,NONE,NONE
BUILD-2041,PIPE-web,package_step_1,package,86.79,31.64,0,0,1.0,0.5589,10,0,0,373.14,SUCCESS,0,NONE,NONE
BUILD-2042,PIPE-web,integration_test_step_4,integration_test,87.99,162.35,0,0,0.9288,0.438,17,0,0,702.32,SUCCESS,0,NONE,NONE
BUILD-2042,PIPE-web,dependency_install_step_3,dependency_install,16.94,120.98,67,28,0.7053,0.533,9,0,0,226.59,SUCCESS,0,NONE,NONE
BUILD-2042,PIPE-ml,unit_test_step_3,unit_test,53.31,171.27,155,2,0.9873,0.9817,18,0,0,566.41,SUCCESS,0,NONE,NONE
BUILD-2043,PIPE-worker,lint_step_2,lint,56.79,49.37,119,18,0.8686,0.5699,6,0,3,219.1,SUCCESS,0,NONE,NONE
BUILD-2043,PIPE-ml,compile_step_3,compile,58.95,28.51,144,28,0.8372,0.5996,11,0,2,272.08,SUCCESS,0,NONE,NONE
BUILD-2043,PIPE-web,dependency_install_step_4,dependency_install,73.39,50.91,19,148,0.1138,0.5143,12,1,0,374.47,FAILED,1,LOW_CACHE_EFFICIENCY,MEDIUM
BUILD-2044,PIPE-api,dependency_install_step_2,dependency_install,54.39,712.38,101,13,0.886,0.5992,6,0,3,852.94,SUCCESS,1,QUEUE_BOTTLENECK,HIGH
BUILD-2044,PIPE-api,integration_test_step_3,integration_test,77.66,338.08,0,0,1.0,0.31,14,0,0,773.68,SUCCESS,1,QUEUE_BOTTLENECK,HIGH
BUILD-2044,PIPE-api,integration_test_step_1,integration_test,134.58,32.5,0,0,1.0,0.8203,14,0,2,717.04,SUCCESS,0,NONE,NONE
BUILD-2045,PIPE-worker,unit_test_step_2,unit_test,179.71,52.73,177,14,0.9267,0.7162,13,1,0,892.6,FAILED,0,NONE,NONE
BUILD-2045,PIPE-api,compile_step_4,compile,111.54,104.03,129,24,0.8431,0.5423,10,0,0,548.46,SUCCESS,0,NONE,NONE
BUILD-2045,PIPE-web,dependency_install_step_4,dependency_install,209.88,25.64,141,30,0.8246,0.3477,12,0,5,929.56,SUCCESS,0,NONE,NONE
BUILD-2046,PIPE-worker,lint_step_4,lint,10.88,122.85,87,8,0.9158,0.5772,16,0,0,226.65,SUCCESS,0,NONE,NONE
BUILD-2046,PIPE-ml,package_step_4,package,32.16,75.07,0,0,1.0,0.7552,13,0,4,245.74,SUCCESS,0,NONE,NONE
BUILD-2046,PIPE-api,lint_step_2,lint,36.82,92.67,160,15,0.9143,0.4738,4,0,4,196.22,SUCCESS,0,NONE,NONE
BUILD-2047,PIPE-core,integration_test_step_4,integration_test,132.92,88.43,0,0,1.0,0.397,12,0,0,701.78,SUCCESS,0,NONE,NONE
BUILD-2047,PIPE-auth,package_step_2,package,14.01,31.81,0,0,1.0,0.5956,18,0,0,144.72,SUCCESS,0,NONE,NONE
BUILD-2047,PIPE-ml,security_scan_step_3,security_scan,108.46,571.31,0,0,1.0,0.3727,13,0,4,1093.12,SUCCESS,1,QUEUE_BOTTLENECK,HIGH
BUILD-2048,PIPE-web,checkout_step_2,checkout,36.55,20.51,0,0,1.0,0.5864,5,0,3,103.98,SUCCESS,0,NONE,NONE
BUILD-2048,PIPE-worker,integration_test_step_2,integration_test,185.71,35.08,0,0,1.0,0.5302,7,0,0,548.65,SUCCESS,0,NONE,NONE
BUILD-2048,PIPE-auth,integration_test_step_1,integration_test,55.82,619.07,0,0,1.0,0.5088,6,0,3,776.51,SUCCESS,1,QUEUE_BOTTLENECK,HIGH
BUILD-2049,PIPE-core,unit_test_step_3,unit_test,210.02,18.49,4,70,0.0541,0.6899,9,0,5,729.82,SUCCESS,1,LOW_CACHE_EFFICIENCY,HIGH
BUILD-2049,PIPE-ml,lint_step_2,lint,56.94,40.78,51,20,0.7183,0.5225,5,0,5,169.29,SUCCESS,0,NONE,NONE
BUILD-2049,PIPE-core,lint_step_2,lint,63.83,48.35,112,5,0.9573,0.6722,11,0,0,333.53,SUCCESS,0,NONE,NONE
BUILD-2050,PIPE-core,checkout_step_1,checkout,79.9,54.39,0,0,1.0,0.637,14,0,0,468.45,SUCCESS,0,NONE,NONE
BUILD-2050,PIPE-web,build_step_2,build,157.43,55.2,9,148,0.0573,0.4625,7,0,0,497.82,SUCCESS,0,NONE,NONE
BUILD-2050,PIPE-worker,dependency_install_step_1,dependency_install,111.27,124.78,127,15,0.8944,0.5343,5,0,0,376.93,SUCCESS,0,NONE,NONE
BUILD-2051,PIPE-worker,checkout_step_4,checkout,29.34,619.36,0,0,1.0,0.3519,18,1,2,826.31,FAILED,1,QUEUE_BOTTLENECK,HIGH
BUILD-2051,PIPE-auth,compile_step_1,compile,44.27,48.04,101,11,0.9018,0.3994,13,0,2,265.9,SUCCESS,0,NONE,NONE
BUILD-2051,PIPE-ml,checkout_step_3,checkout,67.26,91.81,0,0,1.0,0.5927,7,0,0,275.83,SUCCESS,0,NONE,NONE
BUILD-2052,PIPE-ml,lint_step_2,lint,14.09,104.57,142,6,0.9595,0.6859,4,0,3,169.41,SUCCESS,0,NONE,NONE
BUILD-2052,PIPE-web,security_scan_step_2,security_scan,165.22,27.3,0,0,1.0,0.5458,7,0,0,473.23,SUCCESS,0,NONE,NONE
BUILD-2052,PIPE-core,unit_test_step_1,unit_test,92.62,505.28,169,27,0.8622,0.6922,12,0,0,937.95,SUCCESS,1,QUEUE_BOTTLENECK,HIGH
BUILD-2053,PIPE-api,compile_step_3,compile,163.18,18.56,115,26,0.8156,0.7321,11,2,6,705.96,FAILED,0,NONE,NONE
BUILD-2053,PIPE-core,unit_test_step_3,unit_test,229.22,11.34,122,23,0.8414,0.9253,16,0,2,1336.27,SUCCESS,1,SLOW_TASK,CRITICAL
BUILD-2053,PIPE-core,security_scan_step_1,security_scan,127.26,70.2,0,0,1.0,0.3912,4,0,3,291.98,SUCCESS,0,NONE,NONE
BUILD-2054,PIPE-worker,unit_test_step_2,unit_test,148.05,158.77,161,16,0.9096,0.2719,4,0,0,391.24,SUCCESS,0,NONE,NONE
BUILD-2054,PIPE-ml,unit_test_step_3,unit_test,73.89,16.01,136,18,0.8831,0.7325,9,2,0,273.09,FAILED,0,NONE,NONE
BUILD-2054,PIPE-api,unit_test_step_4,unit_test,53.79,18.6,190,7,0.9645,0.4352,5,0,2,134.0,SUCCESS,0,NONE,NONE
BUILD-2055,PIPE-core,lint_step_1,lint,15.8,34.2,159,30,0.8413,0.4682,10,0,0,131.8,SUCCESS,0,NONE,LOW
BUILD-2055,PIPE-core,dependency_install_step_1,dependency_install,65.55,39.85,15,121,0.1103,0.6716,8,0,2,267.28,SUCCESS,0,NONE,NONE
BUILD-2055,PIPE-ml,unit_test_step_3,unit_test,43.9,58.18,195,15,0.9286,0.3332,12,0,0,260.54,SUCCESS,0,NONE,NONE
BUILD-2056,PIPE-web,lint_step_4,lint,33.67,104.73,128,22,0.8533,0.6811,14,0,0,308.44,SUCCESS,0,NONE,NONE
BUILD-2056,PIPE-auth,checkout_step_1,checkout,13.59,699.57,0,0,1.0,0.7739,17,0,0,830.26,SUCCESS,1,QUEUE_BOTTLENECK,HIGH
BUILD-2056,PIPE-worker,lint_step_4,lint,15.71,16.49,68,20,0.7727,0.7751,6,0,5,97.32,SUCCESS,0,NONE,LOW
BUILD-2057,PIPE-api,lint_step_4,lint,64.78,95.06,0,0,0.9288,0.4634,16,0,3,509.52,SUCCESS,0,NONE,NONE
BUILD-2057,PIPE-web,security_scan_step_3,security_scan,38.48,198.57,0,0,1.0,0.6147,12,0,0,398.01,SUCCESS,0,NONE,NONE
BUILD-2057,PIPE-api,security_scan_step_1,security_scan,129.87,52.06,0,0,1.0,0.7352,13,0,6,680.1,SUCCESS,0,NONE,NONE
BUILD-2058,PIPE-api,unit_test_step_4,unit_test,166.24,439.09,93,21,0.8158,0.5907,7,0,0,901.11,SUCCESS,1,QUEUE_BOTTLENECK,HIGH
BUILD-2058,PIPE-ml,integration_test_step_2,integration_test,76.69,23.18,0,0,1.0,0.6677,18,0,0,565.5,SUCCESS,0,NONE,NONE
BUILD-2058,PIPE-api,security_scan_step_3,security_scan,165.34,121.09,0,0,1.0,0.4864,8,0,6,606.38,SUCCESS,0,NONE,NONE
BUILD-2059,PIPE-ml,lint_step_3,lint,17.8,601.28,69,19,0.7841,0.6988,10,0,0,693.97,SUCCESS,0,NONE,NONE
BUILD-2059,PIPE-api,compile_step_2,compile,186.52,162.77,50,14,0.7812,0.6285,4,0,3,469.63,SUCCESS,0,NONE,NONE
BUILD-2059,PIPE-core,compile_step_2,compile,86.68,382.29,100,10,0.9091,0.7986,9,0,3,712.97,SUCCESS,1,QUEUE_BOTTLENECK,HIGH
BUILD-2060,PIPE-auth,integration_test_step_2,integration_test,155.59,215.83,0,0,1.0,0.7007,11,1,4,848.25,FAILED,0,NONE,NONE
BUILD-2060,PIPE-ml,dependency_install_step_3,dependency_install,78.3,17.61,87,4,0.956,0.9832,11,0,6,346.5,SUCCESS,0,NONE,NONE
BUILD-2060,PIPE-ml,compile_step_1,compile,141.7,43.63,126,7,0.9474,0.3537,16,0,4,879.48,SUCCESS,0,NONE,LOW
BUILD-2061,PIPE-auth,dependency_install_step_4,dependency_install,71.29,14.5,94,30,0.7581,0.7322,10,0,0,284.95,SUCCESS,0,NONE,NONE
BUILD-2061,PIPE-api,compile_step_2,compile,197.16,97.93,185,30,0.8605,0.2761,16,0,2,1257.66,SUCCESS,0,NONE,LOW
BUILD-2061,PIPE-web,lint_step_3,lint,70.01,61.44,69,27,0.7188,0.5022,17,0,3,532.0,SUCCESS,0,NONE,LOW
BUILD-2062,PIPE-worker,lint_step_2,lint,68.25,103.34,69,2,0.9718,0.5134,5,0,3,278.54,SUCCESS,0,NONE,NONE
BUILD-2062,PIPE-auth,integration_test_step_4,integration_test,129.18,95.17,0,0,1.0,0.4209,15,1,0,813.19,FAILED,0,NONE,LOW
BUILD-2062,PIPE-web,integration_test_step_1,integration_test,137.04,35.1,0,0,1.0,0.3315,13,0,6,708.28,SUCCESS,0,NONE,NONE
BUILD-2063,PIPE-api,lint_step_3,lint,42.89,50.03,87,27,0.7632,0.7073,5,0,0,183.7,SUCCESS,0,NONE,NONE
BUILD-2063,PIPE-worker,compile_step_4,compile,124.32,305.61,162,4,0.9759,0.6552,4,0,2,507.17,SUCCESS,0,NONE,NONE
BUILD-2063,PIPE-api,checkout_step_1,checkout,50.96,629.51,0,0,1.0,0.6216,4,0,4,738.37,SUCCESS,0,NONE,NONE
BUILD-2064,PIPE-auth,package_step_2,package,54.2,506.59,0,0,1.0,0.2227,12,0,0,786.55,SUCCESS,0,NONE,NONE
BUILD-2064,PIPE-web,dependency_install_step_1,dependency_install,83.31,75.26,147,21,0.875,0.6775,14,0,0,443.55,SUCCESS,0,NONE,NONE
BUILD-2064,PIPE-core,integration_test_step_3,integration_test,173.84,491.35,0,0,1.0,0.3345,6,2,0,906.73,FAILED,1,QUEUE_BOTTLENECK,HIGH
BUILD-2065,PIPE-worker,dependency_install_step_4,dependency_install,106.15,706.99,198,13,0.9384,0.4456,15,0,0,1286.91,SUCCESS,1,QUEUE_BOTTLENECK,HIGH
BUILD-2065,PIPE-auth,compile_step_3,compile,76.34,24.15,104,30,0.7761,0.5431,11,0,3,368.55,SUCCESS,0,NONE,LOW
BUILD-2065,PIPE-web,unit_test_step_4,unit_test,97.44,65.34,186,29,0.8651,0.5046,10,2,2,462.03,FAILED,0,NONE,LOW
BUILD-2066,PIPE-auth,dependency_install_step_3,dependency_install,37.82,19.18,131,2,0.985,0.3494,17,0,0,275.23,SUCCESS,0,NONE,NONE
BUILD-2066,PIPE-worker,lint_step_2,lint,41.7,156.62,154,21,0.88,0.5116,10,2,0,331.59,FAILED,0,NONE,NONE
BUILD-2066,PIPE-web,security_scan_step_4,security_scan,106.71,481.03,0,0,1.0,0.827,17,0,6,1159.47,SUCCESS,1,QUEUE_BOTTLENECK,HIGH
BUILD-1880,PIPE-web,compile_step_1,compile,108.68,69.99,61,27,0.6932,0.4392,8,0,0,429.92,SUCCESS,0,NONE,NONE
BUILD-1041,PIPE-web,checkout_step_2,checkout,59.93,205.86,0,0,1.0,0.6714,14,0,0,543.25,SUCCESS,0,NONE,NONE
BUILD-1267,PIPE-worker,security_scan_step_1,security_scan,133.73,96.56,0,0,1.0,0.2378,6,0,0,425.77,SUCCESS,0,NONE,NONE
BUILD-1225,PIPE-ml,security_scan_step_4,security_scan,63.47,26.3,0,0,1.0,0.3923,14,0,0,352.75,SUCCESS,0,NONE,NONE
