build_id,organisation_id,project_id,build_status,start_time,end_time,total_duration_seconds,queue_time_seconds,agent_id
BUILD-0001,Org_B,claims-ingestion-pipeline,SUCCESS,2026-08-01T08:21:00,2026-08-01T08:26:18,303.99,14.39,agent-central-03
BUILD-0002,Org_C,flight-telemetry-ingest,SUCCESS,2026-08-01T08:49:00,2026-08-01T08:57:17,475.23,22.66,agent-west-02
BUILD-0003,Org_B,provider-directory,SUCCESS,2026-08-01T09:09:00,2026-08-01T09:13:58,281.39,17.18,agent-central-03
BUILD-0004,Org_B,hipaa-compliance-scan,SUCCESS,2026-08-01T09:32:00,2026-08-01T09:42:42,554.29,88.16,agent-central-02
BUILD-0005,Org_B,ehr-bridge,FAILED,2026-08-01T09:55:00,2026-08-01T10:00:52,325.5,26.73,agent-central-02
BUILD-0006,Org_C,cargo-manifest-service,SUCCESS,2026-08-01T10:07:00,2026-08-01T10:10:05,178.7,6.85,agent-west-03
BUILD-0007,Org_B,ehr-bridge,SUCCESS,2026-08-01T10:35:00,2026-08-01T10:39:37,257.21,20.65,agent-central-01
BUILD-0008,Org_C,safety-audit-service,SUCCESS,2026-08-01T10:52:00,2026-08-01T11:03:00,267.77,392.86,agent-west-02
BUILD-0009,Org_C,cargo-manifest-service,SUCCESS,2026-08-01T11:13:00,2026-08-01T11:21:21,488.78,13.13,agent-west-01
BUILD-0010,Org_B,provider-directory,SUCCESS,2026-08-01T11:36:00,2026-08-01T11:39:57,218.9,18.62,agent-central-01
BUILD-0011,Org_C,flight-telemetry-ingest,SUCCESS,2026-08-01T11:59:00,2026-08-01T12:05:54,406.47,8.0,agent-west-02
BUILD-0012,Org_A,payment-clearing-engine,SUCCESS,2026-08-01T12:28:00,2026-08-01T12:39:18,258.95,419.86,agent-east-01
BUILD-0013,Org_A,mobile-banking-api,SUCCESS,2026-08-01T12:42:00,2026-08-01T12:50:41,459.95,61.14,agent-east-01
BUILD-0014,Org_B,provider-directory,FAILED,2026-08-01T13:11:00,2026-08-01T13:20:10,495.79,55.18,agent-central-01
BUILD-0015,Org_B,claims-ingestion-pipeline,SUCCESS,2026-08-01T13:30:00,2026-08-01T13:38:15,426.59,69.14,agent-central-01
BUILD-0016,Org_B,hipaa-compliance-scan,SUCCESS,2026-08-01T13:53:00,2026-08-01T13:55:48,162.7,5.75,agent-central-02
BUILD-0017,Org_A,fraud-detection-service,SUCCESS,2026-08-01T14:14:00,2026-08-01T14:28:32,858.52,14.1,agent-east-04
BUILD-0018,Org_B,ehr-bridge,FAILED,2026-08-01T14:36:00,2026-08-01T14:42:29,314.12,75.54,agent-central-03
BUILD-0019,Org_B,provider-directory,SUCCESS,2026-08-01T14:59:00,2026-08-01T15:07:42,514.52,8.0,agent-central-03
BUILD-0020,Org_C,safety-audit-service,SUCCESS,2026-08-01T15:24:00,2026-08-01T15:29:47,303.57,43.73,agent-west-03
BUILD-0021,Org_C,flight-telemetry-ingest,SUCCESS,2026-08-01T15:44:00,2026-08-01T15:53:51,583.31,8.0,agent-west-04
BUILD-0022,Org_A,customer-portal,SUCCESS,2026-08-01T16:00:00,2026-08-01T16:09:39,513.85,65.26,agent-east-03
BUILD-0023,Org_B,provider-directory,SUCCESS,2026-08-01T16:26:00,2026-08-01T16:36:48,553.2,95.55,agent-central-03
BUILD-0024,Org_B,ehr-bridge,SUCCESS,2026-08-01T16:48:00,2026-08-01T16:52:53,281.9,11.16,agent-central-03
BUILD-0025,Org_A,fraud-detection-service,SUCCESS,2026-08-01T17:08:00,2026-08-01T17:24:21,302.42,678.75,agent-east-03
BUILD-0026,Org_C,safety-audit-service,SUCCESS,2026-08-01T17:31:00,2026-08-01T17:36:10,302.05,8.9,agent-west-02
BUILD-0027,Org_B,ehr-bridge,SUCCESS,2026-08-01T17:56:00,2026-08-01T18:05:38,552.88,25.36,agent-central-02
BUILD-0028,Org_B,provider-directory,SUCCESS,2026-08-01T18:12:00,2026-08-01T18:22:58,634.28,24.06,agent-central-02
BUILD-0029,Org_A,customer-portal,SUCCESS,2026-08-01T18:40:00,2026-08-01T18:54:22,318.2,544.3,agent-east-04
BUILD-0030,Org_A,fraud-detection-service,SUCCESS,2026-08-01T18:57:00,2026-08-01T18:59:05,96.57,29.21,agent-east-02
BUILD-0031,Org_A,payment-clearing-engine,SUCCESS,2026-08-01T19:26:00,2026-08-01T19:29:59,232.64,6.97,agent-east-03
BUILD-0032,Org_B,claims-ingestion-pipeline,SUCCESS,2026-08-01T19:48:00,2026-08-01T19:53:40,335.32,5.62,agent-central-01
BUILD-0033,Org_C,flight-telemetry-ingest,SUCCESS,2026-08-01T20:11:00,2026-08-01T20:17:12,233.58,138.62,agent-west-02
BUILD-0034,Org_A,fraud-detection-service,SUCCESS,2026-08-01T20:31:00,2026-08-01T20:38:43,431.32,31.84,agent-east-02
BUILD-0035,Org_B,ehr-bridge,SUCCESS,2026-08-01T20:50:00,2026-08-01T21:01:09,626.03,43.29,agent-central-01
BUILD-0036,Org_A,mobile-banking-api,SUCCESS,2026-08-01T21:07:00,2026-08-01T21:18:43,583.53,119.53,agent-east-02
BUILD-0037,Org_A,payment-clearing-engine,SUCCESS,2026-08-01T21:37:00,2026-08-01T21:46:09,539.62,9.68,agent-east-03
BUILD-0038,Org_B,ehr-bridge,SUCCESS,2026-08-01T21:58:00,2026-08-01T22:06:24,409.1,95.71,agent-central-02
BUILD-0039,Org_C,flight-telemetry-ingest,SUCCESS,2026-08-01T22:14:00,2026-08-01T22:24:07,565.84,41.51,agent-west-02
BUILD-0040,Org_C,cargo-manifest-service,SUCCESS,2026-08-01T22:45:00,2026-08-01T22:50:45,337.95,8.0,agent-west-01
BUILD-0041,Org_B,ehr-bridge,SUCCESS,2026-08-01T23:03:00,2026-08-01T23:08:42,303.57,38.69,agent-central-03
BUILD-0042,Org_B,hipaa-compliance-scan,SUCCESS,2026-08-01T23:26:00,2026-08-01T23:30:15,246.11,8.91,agent-central-01
BUILD-0043,Org_C,safety-audit-service,SUCCESS,2026-08-01T23:50:00,2026-08-01T23:56:54,380.02,34.3,agent-west-03
BUILD-0044,Org_B,provider-directory,SUCCESS,2026-08-02T00:05:00,2026-08-02T00:14:05,490.4,55.43,agent-central-01
BUILD-0045,Org_C,cargo-manifest-service,SUCCESS,2026-08-02T00:26:00,2026-08-02T00:35:15,497.21,58.39,agent-west-05
BUILD-0046,Org_C,flight-telemetry-ingest,SUCCESS,2026-08-02T00:57:00,2026-08-02T01:06:00,458.2,82.71,agent-west-03
BUILD-0047,Org_B,hipaa-compliance-scan,SUCCESS,2026-08-02T01:12:00,2026-08-02T01:20:07,384.92,102.53,agent-central-01
BUILD-0048,Org_B,hipaa-compliance-scan,SUCCESS,2026-08-02T01:40:00,2026-08-02T01:45:00,261.58,38.51,agent-central-02
BUILD-0049,Org_A,payment-clearing-engine,SUCCESS,2026-08-02T01:54:00,2026-08-02T02:07:31,780.04,31.12,agent-east-02
BUILD-0050,Org_B,provider-directory,SUCCESS,2026-08-02T02:21:00,2026-08-02T02:33:31,708.21,42.99,agent-central-03
BUILD-0051,Org_C,safety-audit-service,SUCCESS,2026-08-02T02:47:00,2026-08-02T02:56:42,542.77,39.88,agent-west-03
BUILD-0052,Org_C,flight-telemetry-ingest,SUCCESS,2026-08-02T03:09:00,2026-08-02T03:21:54,766.04,8.0,agent-west-01
BUILD-0053,Org_B,claims-ingestion-pipeline,SUCCESS,2026-08-02T03:22:00,2026-08-02T03:33:57,694.22,23.56,agent-central-02
BUILD-0054,Org_B,hipaa-compliance-scan,SUCCESS,2026-08-02T03:51:00,2026-08-02T04:01:39,588.33,50.99,agent-central-02
BUILD-0055,Org_B,claims-ingestion-pipeline,SUCCESS,2026-08-02T04:12:00,2026-08-02T04:18:27,369.74,17.63,agent-central-01
BUILD-0056,Org_C,cargo-manifest-service,SUCCESS,2026-08-02T04:33:00,2026-08-02T04:42:52,492.77,99.72,agent-west-05
BUILD-0057,Org_C,safety-audit-service,SUCCESS,2026-08-02T04:51:00,2026-08-02T04:55:19,237.8,21.46,agent-west-03
BUILD-0058,Org_C,safety-audit-service,SUCCESS,2026-08-02T05:18:00,2026-08-02T05:26:36,437.57,79.01,agent-west-04
BUILD-0059,Org_A,fraud-detection-service,SUCCESS,2026-08-02T05:40:00,2026-08-02T05:44:54,270.24,24.46,agent-east-03
BUILD-0060,Org_B,claims-ingestion-pipeline,SUCCESS,2026-08-02T05:55:00,2026-08-02T05:58:30,191.56,18.57,agent-central-02
BUILD-0061,Org_C,safety-audit-service,SUCCESS,2026-08-02T06:19:00,2026-08-02T06:25:04,351.36,13.48,agent-west-03
BUILD-0062,Org_B,claims-ingestion-pipeline,SUCCESS,2026-08-02T06:49:00,2026-08-02T06:57:26,488.22,18.77,agent-central-03
BUILD-0063,Org_A,payment-clearing-engine,SUCCESS,2026-08-02T07:04:00,2026-08-02T07:09:41,285.27,55.73,agent-east-04
BUILD-0064,Org_A,customer-portal,SUCCESS,2026-08-02T07:27:00,2026-08-02T07:36:33,268.41,305.0,agent-east-04
BUILD-0065,Org_B,hipaa-compliance-scan,SUCCESS,2026-08-02T07:47:00,2026-08-02T07:52:59,339.87,19.34,agent-central-02
BUILD-0066,Org_A,customer-portal,SUCCESS,2026-08-02T08:16:00,2026-08-02T08:26:34,189.76,445.05,agent-east-02
BUILD-0067,Org_B,claims-ingestion-pipeline,SUCCESS,2026-08-02T08:35:00,2026-08-02T08:42:41,399.2,62.64,agent-central-02
BUILD-0068,Org_C,flight-telemetry-ingest,SUCCESS,2026-08-02T08:54:00,2026-08-02T09:01:10,292.19,138.1,agent-west-04
BUILD-0069,Org_A,payment-clearing-engine,SUCCESS,2026-08-02T09:14:00,2026-08-02T09:24:45,541.18,103.85,agent-east-01
BUILD-0070,Org_B,claims-ingestion-pipeline,SUCCESS,2026-08-02T09:44:00,2026-08-02T09:51:07,388.29,38.97,agent-central-02
BUILD-0071,Org_C,cargo-manifest-service,SUCCESS,2026-08-02T10:02:00,2026-08-02T10:06:08,241.1,7.38,agent-west-01
BUILD-0072,Org_B,claims-ingestion-pipeline,SUCCESS,2026-08-02T10:26:00,2026-08-02T10:31:30,303.73,27.09,agent-central-03
BUILD-0073,Org_A,payment-clearing-engine,SUCCESS,2026-08-02T10:46:00,2026-08-02T10:53:13,358.15,74.97,agent-east-01
BUILD-0074,Org_B,claims-ingestion-pipeline,SUCCESS,2026-08-02T11:12:00,2026-08-02T11:22:30,242.98,387.65,agent-central-01
BUILD-0075,Org_A,fraud-detection-service,SUCCESS,2026-08-02T11:26:00,2026-08-02T11:35:19,525.27,33.93,agent-east-01
BUILD-0076,Org_A,fraud-detection-service,SUCCESS,2026-08-02T11:57:00,2026-08-02T12:10:48,338.78,489.69,agent-east-02
BUILD-0077,Org_A,fraud-detection-service,SUCCESS,2026-08-02T12:15:00,2026-08-02T12:22:44,426.12,37.93,agent-east-03
BUILD-0078,Org_A,fraud-detection-service,SUCCESS,2026-08-02T12:38:00,2026-08-02T12:44:42,358.59,43.59,agent-east-01
BUILD-0079,Org_C,cargo-manifest-service,SUCCESS,2026-08-02T12:57:00,2026-08-02T13:01:56,277.09,18.97,agent-west-01
BUILD-0080,Org_B,ehr-bridge,SUCCESS,2026-08-02T13:23:00,2026-08-02T13:29:27,379.96,7.49,agent-central-02
BUILD-0081,Org_C,flight-telemetry-ingest,SUCCESS,2026-08-02T13:46:00,2026-08-02T13:53:29,361.1,88.81,agent-west-02
BUILD-0082,Org_A,customer-portal,SUCCESS,2026-08-02T14:01:00,2026-08-02T14:08:48,410.99,57.5,agent-east-03
BUILD-0083,Org_B,ehr-bridge,SUCCESS,2026-08-02T14:29:00,2026-08-02T14:43:43,783.25,100.04,agent-central-01
BUILD-0084,Org_A,payment-clearing-engine,SUCCESS,2026-08-02T14:48:00,2026-08-02T14:56:45,517.7,8.0,agent-east-04
BUILD-0085,Org_C,flight-telemetry-ingest,SUCCESS,2026-08-02T15:08:00,2026-08-02T15:12:45,221.79,63.86,agent-west-03
BUILD-0086,Org_A,payment-clearing-engine,SUCCESS,2026-08-02T15:37:00,2026-08-02T15:42:07,278.43,28.86,agent-east-02
BUILD-0087,Org_B,claims-ingestion-pipeline,FAILED,2026-08-02T15:51:00,2026-08-02T15:59:50,469.55,61.44,agent-central-01
BUILD-0088,Org_C,cargo-manifest-service,SUCCESS,2026-08-02T16:19:00,2026-08-02T16:22:47,212.73,15.18,agent-west-03
BUILD-0089,Org_A,customer-portal,SUCCESS,2026-08-02T16:43:00,2026-08-02T16:47:20,247.49,13.5,agent-east-01
BUILD-0090,Org_A,fraud-detection-service,SUCCESS,2026-08-02T16:58:00,2026-08-02T17:06:32,462.78,49.78,agent-east-02
BUILD-0091,Org_B,claims-ingestion-pipeline,SUCCESS,2026-08-02T17:26:00,2026-08-02T17:36:04,531.04,73.08,agent-central-03
BUILD-0092,Org_A,customer-portal,SUCCESS,2026-08-02T17:49:00,2026-08-02T18:02:06,338.07,448.45,agent-east-03
BUILD-0093,Org_C,safety-audit-service,SUCCESS,2026-08-02T18:11:00,2026-08-02T18:18:16,328.9,107.64,agent-west-04
BUILD-0094,Org_B,ehr-bridge,SUCCESS,2026-08-02T18:29:00,2026-08-02T18:36:35,447.78,8.0,agent-central-03
BUILD-0095,Org_B,hipaa-compliance-scan,FAILED,2026-08-02T18:51:00,2026-08-02T18:55:47,282.02,5.55,agent-central-01
BUILD-0096,Org_A,mobile-banking-api,SUCCESS,2026-08-02T19:09:00,2026-08-02T19:20:17,301.3,375.74,agent-east-02
BUILD-0097,Org_C,flight-telemetry-ingest,SUCCESS,2026-08-02T19:30:00,2026-08-02T19:39:59,487.12,112.62,agent-west-05
BUILD-0098,Org_A,payment-clearing-engine,SUCCESS,2026-08-02T19:55:00,2026-08-02T19:58:18,176.02,22.85,agent-east-04
BUILD-0099,Org_A,customer-portal,FAILED,2026-08-02T20:15:00,2026-08-02T20:21:24,319.89,64.31,agent-east-04
BUILD-0100,Org_A,payment-clearing-engine,SUCCESS,2026-08-02T20:36:00,2026-08-02T20:49:38,346.14,472.02,agent-east-04
BUILD-0101,Org_C,safety-audit-service,SUCCESS,2026-08-02T20:57:00,2026-08-02T21:07:58,213.45,445.28,agent-west-01
BUILD-0102,Org_B,ehr-bridge,SUCCESS,2026-08-02T21:28:00,2026-08-02T21:33:17,306.08,11.41,agent-central-01
BUILD-0103,Org_A,payment-clearing-engine,SUCCESS,2026-08-02T21:42:00,2026-08-02T21:53:37,317.47,379.7,agent-east-03
BUILD-0104,Org_C,flight-telemetry-ingest,SUCCESS,2026-08-02T22:05:00,2026-08-02T22:10:10,287.39,23.48,agent-west-02
BUILD-0105,Org_B,ehr-bridge,SUCCESS,2026-08-02T22:25:00,2026-08-02T22:30:09,162.66,147.13,agent-central-03
BUILD-0106,Org_B,ehr-bridge,SUCCESS,2026-08-02T22:48:00,2026-08-02T22:51:53,215.26,18.72,agent-central-02
BUILD-0107,Org_A,fraud-detection-service,SUCCESS,2026-08-02T23:18:00,2026-08-02T23:25:10,386.89,43.28,agent-east-04
BUILD-0108,Org_B,ehr-bridge,SUCCESS,2026-08-02T23:32:00,2026-08-02T23:36:21,232.53,28.73,agent-central-01
BUILD-0109,Org_A,mobile-banking-api,SUCCESS,2026-08-02T23:59:00,2026-08-03T00:08:58,521.49,76.72,agent-east-04
BUILD-0110,Org_A,customer-portal,SUCCESS,2026-08-03T00:19:00,2026-08-03T00:24:10,281.93,28.57,agent-east-03
BUILD-0111,Org_B,ehr-bridge,FAILED,2026-08-03T00:39:00,2026-08-03T00:44:52,276.6,75.85,agent-central-02
BUILD-0112,Org_B,claims-ingestion-pipeline,SUCCESS,2026-08-03T01:00:00,2026-08-03T01:06:27,350.88,36.94,agent-central-03
BUILD-0113,Org_C,safety-audit-service,SUCCESS,2026-08-03T01:26:00,2026-08-03T01:34:37,418.4,98.95,agent-west-02
BUILD-0114,Org_B,ehr-bridge,SUCCESS,2026-08-03T01:48:00,2026-08-03T02:01:51,349.77,481.36,agent-central-01
BUILD-0115,Org_A,customer-portal,SUCCESS,2026-08-03T02:10:00,2026-08-03T02:15:13,266.62,46.38,agent-east-01
BUILD-0116,Org_A,fraud-detection-service,SUCCESS,2026-08-03T02:34:00,2026-08-03T02:38:05,235.44,10.32,agent-east-01
BUILD-0117,Org_B,provider-directory,SUCCESS,2026-08-03T02:57:00,2026-08-03T03:08:55,661.98,53.27,agent-central-01
BUILD-0118,Org_B,claims-ingestion-pipeline,SUCCESS,2026-08-03T03:12:00,2026-08-03T03:23:43,294.18,408.98,agent-central-02
BUILD-0119,Org_B,claims-ingestion-pipeline,SUCCESS,2026-08-03T03:37:00,2026-08-03T03:42:06,300.3,6.19,agent-central-01
BUILD-0120,Org_C,safety-audit-service,SUCCESS,2026-08-03T03:56:00,2026-08-03T03:59:27,186.91,20.4,agent-west-01
BUILD-0121,Org_B,claims-ingestion-pipeline,FAILED,2026-08-03T04:22:00,2026-08-03T04:30:09,422.91,66.71,agent-central-02
BUILD-0122,Org_C,cargo-manifest-service,SUCCESS,2026-08-03T04:49:00,2026-08-03T04:55:24,330.9,53.84,agent-west-05
BUILD-0123,Org_A,fraud-detection-service,SUCCESS,2026-08-03T05:06:00,2026-08-03T05:19:17,380.34,417.53,agent-east-01
BUILD-0124,Org_C,cargo-manifest-service,SUCCESS,2026-08-03T05:32:00,2026-08-03T05:38:40,330.54,69.76,agent-west-02
BUILD-0125,Org_B,ehr-bridge,SUCCESS,2026-08-03T05:48:00,2026-08-03T06:03:16,334.39,582.54,agent-central-02
BUILD-0126,Org_B,provider-directory,SUCCESS,2026-08-03T06:08:00,2026-08-03T06:12:47,246.48,40.69,agent-central-03
BUILD-0127,Org_B,claims-ingestion-pipeline,FAILED,2026-08-03T06:37:00,2026-08-03T06:46:25,484.49,81.37,agent-central-02
BUILD-0128,Org_C,flight-telemetry-ingest,SUCCESS,2026-08-03T06:53:00,2026-08-03T07:02:28,471.22,97.31,agent-west-05
BUILD-0129,Org_B,provider-directory,SUCCESS,2026-08-03T07:18:00,2026-08-03T07:26:45,517.42,8.0,agent-central-03
BUILD-0130,Org_A,mobile-banking-api,SUCCESS,2026-08-03T07:40:00,2026-08-03T07:43:32,177.88,34.43,agent-east-01
BUILD-0131,Org_A,fraud-detection-service,SUCCESS,2026-08-03T08:06:00,2026-08-03T08:18:09,658.85,70.4,agent-east-03
BUILD-0132,Org_C,flight-telemetry-ingest,SUCCESS,2026-08-03T08:22:00,2026-08-03T08:35:13,281.81,512.02,agent-west-05
BUILD-0133,Org_B,claims-ingestion-pipeline,FAILED,2026-08-03T08:46:00,2026-08-03T08:59:41,342.31,479.47,agent-central-01
BUILD-0134,Org_C,cargo-manifest-service,SUCCESS,2026-08-03T09:06:00,2026-08-03T09:13:58,407.77,70.99,agent-west-03
BUILD-0135,Org_C,cargo-manifest-service,SUCCESS,2026-08-03T09:25:00,2026-08-03T09:30:32,295.94,36.85,agent-west-02
BUILD-0136,Org_C,flight-telemetry-ingest,SUCCESS,2026-08-03T09:49:00,2026-08-03T09:53:38,260.07,18.53,agent-west-02
BUILD-0137,Org_C,cargo-manifest-service,SUCCESS,2026-08-03T10:15:00,2026-08-03T10:19:49,250.55,39.17,agent-west-04
BUILD-0138,Org_A,payment-clearing-engine,SUCCESS,2026-08-03T10:35:00,2026-08-03T10:48:42,366.3,456.18,agent-east-02
BUILD-0139,Org_A,customer-portal,CANCELLED,2026-08-03T10:59:00,2026-08-03T11:11:58,340.25,438.47,agent-east-03
BUILD-0140,Org_A,payment-clearing-engine,SUCCESS,2026-08-03T11:24:00,2026-08-03T11:30:09,340.89,28.39,agent-east-02
BUILD-0141,Org_A,customer-portal,SUCCESS,2026-08-03T11:43:00,2026-08-03T11:56:07,719.04,68.77,agent-east-01
BUILD-0142,Org_C,cargo-manifest-service,FAILED,2026-08-03T12:04:00,2026-08-03T12:10:09,352.1,17.04,agent-west-03
BUILD-0143,Org_C,safety-audit-service,SUCCESS,2026-08-03T12:24:00,2026-08-03T12:31:51,376.54,94.53,agent-west-02
BUILD-0144,Org_B,provider-directory,SUCCESS,2026-08-03T12:50:00,2026-08-03T13:02:22,302.92,439.41,agent-central-02
BUILD-0145,Org_A,mobile-banking-api,SUCCESS,2026-08-03T13:05:00,2026-08-03T13:10:24,231.68,92.88,agent-east-03
BUILD-0146,Org_B,hipaa-compliance-scan,SUCCESS,2026-08-03T13:30:00,2026-08-03T13:41:28,680.4,8.0,agent-central-03
BUILD-0147,Org_A,payment-clearing-engine,SUCCESS,2026-08-03T13:49:00,2026-08-03T14:03:25,295.6,570.14,agent-east-02
BUILD-0148,Org_A,customer-portal,SUCCESS,2026-08-03T14:21:00,2026-08-03T14:24:06,168.31,18.56,agent-east-03
BUILD-0149,Org_C,cargo-manifest-service,SUCCESS,2026-08-03T14:38:00,2026-08-03T14:48:24,616.04,8.0,agent-west-05
BUILD-0150,Org_C,flight-telemetry-ingest,SUCCESS,2026-08-03T14:59:00,2026-08-03T15:06:05,353.77,71.7,agent-west-01
BUILD-0151,Org_A,customer-portal,SUCCESS,2026-08-03T15:21:00,2026-08-03T15:25:06,222.72,24.2,agent-east-04
BUILD-0152,Org_A,customer-portal,SUCCESS,2026-08-03T15:39:00,2026-08-03T15:47:34,462.69,51.87,agent-east-01
BUILD-0153,Org_A,customer-portal,SUCCESS,2026-08-03T16:04:00,2026-08-03T16:11:11,400.62,30.94,agent-east-01
BUILD-0154,Org_B,hipaa-compliance-scan,SUCCESS,2026-08-03T16:30:00,2026-08-03T16:40:07,547.87,59.88,agent-central-02
BUILD-0155,Org_A,customer-portal,SUCCESS,2026-08-03T16:55:00,2026-08-03T17:07:04,176.03,548.65,agent-east-03
BUILD-0156,Org_A,payment-clearing-engine,SUCCESS,2026-08-03T17:17:00,2026-08-03T17:32:04,855.86,48.33,agent-east-02
BUILD-0157,Org_A,fraud-detection-service,SUCCESS,2026-08-03T17:30:00,2026-08-03T17:46:19,917.67,62.04,agent-east-02
BUILD-0158,Org_B,claims-ingestion-pipeline,SUCCESS,2026-08-03T17:58:00,2026-08-03T18:08:31,518.95,112.17,agent-central-02
BUILD-0159,Org_A,payment-clearing-engine,SUCCESS,2026-08-03T18:18:00,2026-08-03T18:29:43,210.01,493.75,agent-east-03
BUILD-0160,Org_C,cargo-manifest-service,SUCCESS,2026-08-03T18:41:00,2026-08-03T18:46:44,306.92,37.99,agent-west-05
BUILD-0161,Org_C,flight-telemetry-ingest,SUCCESS,2026-08-03T19:07:00,2026-08-03T19:11:24,254.59,10.27,agent-west-03
BUILD-0162,Org_A,mobile-banking-api,SUCCESS,2026-08-03T19:28:00,2026-08-03T19:38:50,293.92,356.55,agent-east-01
BUILD-0163,Org_A,mobile-banking-api,SUCCESS,2026-08-03T19:43:00,2026-08-03T19:52:23,506.47,57.07,agent-east-01
BUILD-0164,Org_C,safety-audit-service,SUCCESS,2026-08-03T20:04:00,2026-08-03T20:18:54,323.72,570.74,agent-west-01
BUILD-0165,Org_A,mobile-banking-api,SUCCESS,2026-08-03T20:27:00,2026-08-03T20:37:27,568.94,58.65,agent-east-01
BUILD-0166,Org_A,customer-portal,SUCCESS,2026-08-03T20:50:00,2026-08-03T20:55:25,288.38,37.49,agent-east-04
BUILD-0167,Org_C,safety-audit-service,SUCCESS,2026-08-03T21:16:00,2026-08-03T21:24:52,524.04,8.0,agent-west-03
BUILD-0168,Org_C,flight-telemetry-ingest,SUCCESS,2026-08-03T21:40:00,2026-08-03T21:51:22,674.06,8.0,agent-west-04
BUILD-0169,Org_C,safety-audit-service,SUCCESS,2026-08-03T22:01:00,2026-08-03T22:14:41,762.65,59.28,agent-west-03
BUILD-0170,Org_B,claims-ingestion-pipeline,SUCCESS,2026-08-03T22:22:00,2026-08-03T22:35:33,697.19,116.24,agent-central-01
BUILD-0171,Org_B,hipaa-compliance-scan,SUCCESS,2026-08-03T22:41:00,2026-08-03T22:45:49,265.17,24.56,agent-central-02
BUILD-0172,Org_A,fraud-detection-service,SUCCESS,2026-08-03T23:07:00,2026-08-03T23:17:01,503.74,97.86,agent-east-03
BUILD-0173,Org_B,provider-directory,SUCCESS,2026-08-03T23:31:00,2026-08-03T23:36:15,287.1,28.76,agent-central-03
BUILD-0174,Org_A,mobile-banking-api,SUCCESS,2026-08-03T23:51:00,2026-08-03T23:55:57,275.15,22.27,agent-east-03
BUILD-0175,Org_A,fraud-detection-service,FAILED,2026-08-04T00:11:00,2026-08-04T00:21:31,168.72,462.73,agent-east-02
BUILD-0176,Org_A,fraud-detection-service,SUCCESS,2026-08-04T00:32:00,2026-08-04T00:37:11,291.66,20.23,agent-east-03
BUILD-0177,Org_A,fraud-detection-service,SUCCESS,2026-08-04T00:56:00,2026-08-04T01:02:27,328.74,58.38,agent-east-02
BUILD-0178,Org_A,payment-clearing-engine,FAILED,2026-08-04T01:14:00,2026-08-04T01:28:20,273.76,586.68,agent-east-01
BUILD-0179,Org_A,mobile-banking-api,SUCCESS,2026-08-04T01:33:00,2026-08-04T01:37:55,287.28,8.31,agent-east-01
BUILD-0180,Org_B,provider-directory,SUCCESS,2026-08-04T01:56:00,2026-08-04T02:01:42,307.08,35.47,agent-central-01
BUILD-0181,Org_C,safety-audit-service,FAILED,2026-08-04T02:23:00,2026-08-04T02:34:26,169.38,516.65,agent-west-01
BUILD-0182,Org_C,safety-audit-service,SUCCESS,2026-08-04T02:47:00,2026-08-04T02:58:02,606.31,56.09,agent-west-03
BUILD-0183,Org_B,claims-ingestion-pipeline,SUCCESS,2026-08-04T03:10:00,2026-08-04T03:18:24,428.11,75.99,agent-central-02
BUILD-0184,Org_B,provider-directory,SUCCESS,2026-08-04T03:24:00,2026-08-04T03:28:08,240.16,7.84,agent-central-02
BUILD-0185,Org_A,mobile-banking-api,SUCCESS,2026-08-04T03:50:00,2026-08-04T04:01:16,668.04,8.0,agent-east-03
BUILD-0186,Org_A,fraud-detection-service,SUCCESS,2026-08-04T04:10:00,2026-08-04T04:17:46,434.31,32.37,agent-east-02
BUILD-0187,Org_C,flight-telemetry-ingest,SUCCESS,2026-08-04T04:31:00,2026-08-04T04:36:22,287.62,35.35,agent-west-01
BUILD-0188,Org_A,customer-portal,SUCCESS,2026-08-04T05:01:00,2026-08-04T05:13:49,284.83,484.2,agent-east-03
BUILD-0189,Org_A,payment-clearing-engine,SUCCESS,2026-08-04T05:22:00,2026-08-04T05:26:06,230.4,16.11,agent-east-02
BUILD-0190,Org_B,hipaa-compliance-scan,SUCCESS,2026-08-04T05:42:00,2026-08-04T05:49:40,386.4,73.95,agent-central-03
BUILD-0191,Org_A,customer-portal,SUCCESS,2026-08-04T05:59:00,2026-08-04T06:09:18,276.43,341.69,agent-east-02
BUILD-0192,Org_B,claims-ingestion-pipeline,SUCCESS,2026-08-04T06:25:00,2026-08-04T06:31:55,361.69,54.04,agent-central-03
BUILD-0193,Org_A,customer-portal,SUCCESS,2026-08-04T06:43:00,2026-08-04T06:50:48,460.7,8.0,agent-east-02
BUILD-0194,Org_A,customer-portal,SUCCESS,2026-08-04T07:06:00,2026-08-04T07:15:14,475.42,78.73,agent-east-03
BUILD-0195,Org_A,mobile-banking-api,SUCCESS,2026-08-04T07:31:00,2026-08-04T07:41:27,517.88,109.65,agent-east-04
BUILD-0196,Org_A,customer-portal,SUCCESS,2026-08-04T07:48:00,2026-08-04T07:57:35,144.89,430.77,agent-east-04
BUILD-0197,Org_B,provider-directory,CANCELLED,2026-08-04T08:13:00,2026-08-04T08:23:09,591.41,18.36,agent-central-02
BUILD-0198,Org_A,mobile-banking-api,SUCCESS,2026-08-04T08:35:00,2026-08-04T08:47:31,317.67,434.19,agent-east-04
BUILD-0199,Org_A,payment-clearing-engine,SUCCESS,2026-08-04T09:00:00,2026-08-04T09:11:47,674.96,32.48,agent-east-02
BUILD-0200,Org_A,fraud-detection-service,SUCCESS,2026-08-04T09:15:00,2026-08-04T09:19:48,250.09,38.4,agent-east-04
BUILD-0201,Org_B,ehr-bridge,SUCCESS,2026-08-04T09:41:00,2026-08-04T09:46:21,305.0,16.32,agent-central-03
BUILD-0202,Org_B,hipaa-compliance-scan,SUCCESS,2026-08-04T10:06:00,2026-08-04T10:13:39,375.9,83.55,agent-central-03
BUILD-0203,Org_A,mobile-banking-api,SUCCESS,2026-08-04T10:22:00,2026-08-04T10:27:40,309.45,31.08,agent-east-04
BUILD-0204,Org_A,payment-clearing-engine,SUCCESS,2026-08-04T10:50:00,2026-08-04T10:59:55,526.3,68.99,agent-east-02
BUILD-0205,Org_C,cargo-manifest-service,SUCCESS,2026-08-04T11:13:00,2026-08-04T11:22:07,483.83,63.43,agent-west-05
BUILD-0206,Org_A,customer-portal,SUCCESS,2026-08-04T11:34:00,2026-08-04T11:38:13,219.86,33.64,agent-east-01
BUILD-0207,Org_B,provider-directory,SUCCESS,2026-08-04T11:53:00,2026-08-04T12:02:13,478.02,75.6,agent-central-03
BUILD-0208,Org_A,payment-clearing-engine,SUCCESS,2026-08-04T12:14:00,2026-08-04T12:18:43,262.13,21.16,agent-east-03
BUILD-0209,Org_A,customer-portal,SUCCESS,2026-08-04T12:33:00,2026-08-04T12:46:42,315.38,507.12,agent-east-02
BUILD-0210,Org_C,flight-telemetry-ingest,SUCCESS,2026-08-04T12:57:00,2026-08-04T13:05:04,423.1,61.34,agent-west-02
BUILD-0211,Org_A,fraud-detection-service,SUCCESS,2026-08-04T13:25:00,2026-08-04T13:38:56,715.71,121.03,agent-east-04
BUILD-0212,Org_B,provider-directory,SUCCESS,2026-08-04T13:44:00,2026-08-04T13:54:07,506.89,100.93,agent-central-02
BUILD-0213,Org_C,flight-telemetry-ingest,SUCCESS,2026-08-04T14:07:00,2026-08-04T14:15:40,496.01,23.99,agent-west-02
BUILD-0214,Org_A,payment-clearing-engine,SUCCESS,2026-08-04T14:30:00,2026-08-04T14:45:01,825.77,75.37,agent-east-03
BUILD-0215,Org_A,customer-portal,SUCCESS,2026-08-04T14:48:00,2026-08-04T14:55:51,463.9,8.0,agent-east-02
BUILD-0216,Org_A,customer-portal,SUCCESS,2026-08-04T15:07:00,2026-08-04T15:19:28,317.67,430.49,agent-east-04
BUILD-0217,Org_C,cargo-manifest-service,SUCCESS,2026-08-04T15:30:00,2026-08-04T15:35:20,301.95,18.72,agent-west-05
BUILD-0218,Org_C,safety-audit-service,SUCCESS,2026-08-04T15:59:00,2026-08-04T16:06:49,403.65,65.56,agent-west-03
BUILD-0219,Org_C,cargo-manifest-service,SUCCESS,2026-08-04T16:21:00,2026-08-04T16:28:36,430.34,26.06,agent-west-03
BUILD-0220,Org_A,fraud-detection-service,SUCCESS,2026-08-04T16:36:00,2026-08-04T16:42:06,358.6,8.0,agent-east-01
BUILD-0221,Org_B,ehr-bridge,SUCCESS,2026-08-04T17:07:00,2026-08-04T17:13:22,374.62,8.0,agent-central-01
BUILD-0222,Org_C,cargo-manifest-service,SUCCESS,2026-08-04T17:23:00,2026-08-04T17:32:37,506.02,71.33,agent-west-01
BUILD-0223,Org_A,customer-portal,SUCCESS,2026-08-04T17:46:00,2026-08-04T17:58:01,245.34,476.05,agent-east-02
BUILD-0224,Org_B,claims-ingestion-pipeline,SUCCESS,2026-08-04T18:07:00,2026-08-04T18:12:09,288.55,20.69,agent-central-02
BUILD-0225,Org_A,mobile-banking-api,SUCCESS,2026-08-04T18:34:00,2026-08-04T18:46:05,600.4,125.35,agent-east-03
BUILD-0226,Org_A,customer-portal,SUCCESS,2026-08-04T18:54:00,2026-08-04T18:59:25,315.86,9.5,agent-east-01
BUILD-0227,Org_B,claims-ingestion-pipeline,SUCCESS,2026-08-04T19:09:00,2026-08-04T19:14:39,292.14,47.05,agent-central-01
BUILD-0228,Org_C,cargo-manifest-service,SUCCESS,2026-08-04T19:33:00,2026-08-04T19:39:00,353.25,7.23,agent-west-02
BUILD-0229,Org_A,payment-clearing-engine,SUCCESS,2026-08-04T20:02:00,2026-08-04T20:14:56,673.6,102.89,agent-east-04
BUILD-0230,Org_B,hipaa-compliance-scan,SUCCESS,2026-08-04T20:19:00,2026-08-04T20:24:05,293.2,12.62,agent-central-03
BUILD-0231,Org_C,flight-telemetry-ingest,FAILED,2026-08-04T20:46:00,2026-08-04T20:57:13,298.54,374.6,agent-west-02
BUILD-0232,Org_B,claims-ingestion-pipeline,SUCCESS,2026-08-04T21:06:00,2026-08-04T21:10:39,232.17,47.73,agent-central-03
BUILD-0233,Org_A,fraud-detection-service,SUCCESS,2026-08-04T21:31:00,2026-08-04T21:43:50,292.34,477.92,agent-east-01
BUILD-0234,Org_C,flight-telemetry-ingest,SUCCESS,2026-08-04T21:49:00,2026-08-04T21:54:02,262.66,39.48,agent-west-01
BUILD-0235,Org_A,customer-portal,SUCCESS,2026-08-04T22:12:00,2026-08-04T22:23:50,183.67,527.25,agent-east-03
BUILD-0236,Org_B,claims-ingestion-pipeline,SUCCESS,2026-08-04T22:28:00,2026-08-04T22:39:18,566.46,111.54,agent-central-03
BUILD-0237,Org_B,hipaa-compliance-scan,SUCCESS,2026-08-04T22:56:00,2026-08-04T23:04:30,442.74,68.04,agent-central-01
BUILD-0238,Org_A,fraud-detection-service,SUCCESS,2026-08-04T23:21:00,2026-08-04T23:35:01,370.89,470.11,agent-east-03
BUILD-0239,Org_B,hipaa-compliance-scan,SUCCESS,2026-08-04T23:41:00,2026-08-04T23:46:20,284.21,36.07,agent-central-03
BUILD-0240,Org_C,flight-telemetry-ingest,SUCCESS,2026-08-05T00:00:00,2026-08-05T00:04:08,188.66,60.25,agent-west-01
BUILD-0241,Org_C,safety-audit-service,SUCCESS,2026-08-05T00:22:00,2026-08-05T00:29:40,408.12,52.78,agent-west-04
BUILD-0242,Org_C,safety-audit-service,SUCCESS,2026-08-05T00:47:00,2026-08-05T01:04:11,958.72,72.96,agent-west-05
BUILD-0243,Org_A,customer-portal,SUCCESS,2026-08-05T01:06:00,2026-08-05T01:11:47,301.25,46.23,agent-east-02
BUILD-0244,Org_B,claims-ingestion-pipeline,SUCCESS,2026-08-05T01:27:00,2026-08-05T01:37:30,548.01,82.27,agent-central-01
BUILD-0245,Org_A,fraud-detection-service,SUCCESS,2026-08-05T01:54:00,2026-08-05T01:58:32,266.96,5.71,agent-east-02
BUILD-0246,Org_A,fraud-detection-service,SUCCESS,2026-08-05T02:12:00,2026-08-05T02:24:09,229.45,500.09,agent-east-02
BUILD-0247,Org_A,fraud-detection-service,SUCCESS,2026-08-05T02:37:00,2026-08-05T02:46:56,523.92,72.89,agent-east-03
BUILD-0248,Org_B,ehr-bridge,FAILED,2026-08-05T02:56:00,2026-08-05T03:03:42,381.93,80.97,agent-central-01
BUILD-0249,Org_B,ehr-bridge,SUCCESS,2026-08-05T03:17:00,2026-08-05T03:28:05,609.25,56.53,agent-central-01
BUILD-0250,Org_B,provider-directory,CANCELLED,2026-08-05T03:38:00,2026-08-05T03:49:37,272.12,425.66,agent-central-02
BUILD-0251,Org_B,ehr-bridge,SUCCESS,2026-08-05T03:58:00,2026-08-05T04:06:40,476.71,44.18,agent-central-03
BUILD-0252,Org_A,customer-portal,FAILED,2026-08-05T04:28:00,2026-08-05T04:41:09,726.79,62.46,agent-east-04
BUILD-0253,Org_B,provider-directory,SUCCESS,2026-08-05T04:50:00,2026-08-05T04:58:57,507.59,30.21,agent-central-01
BUILD-0254,Org_B,ehr-bridge,SUCCESS,2026-08-05T05:07:00,2026-08-05T05:13:07,329.14,38.09,agent-central-02
BUILD-0255,Org_C,flight-telemetry-ingest,SUCCESS,2026-08-05T05:31:00,2026-08-05T05:38:45,457.33,8.0,agent-west-01
BUILD-0256,Org_C,flight-telemetry-ingest,SUCCESS,2026-08-05T05:53:00,2026-08-05T06:06:34,256.42,558.11,agent-west-04
BUILD-0257,Org_B,hipaa-compliance-scan,FAILED,2026-08-05T06:19:00,2026-08-05T06:34:38,861.06,77.28,agent-central-03
BUILD-0258,Org_B,hipaa-compliance-scan,SUCCESS,2026-08-05T06:32:00,2026-08-05T06:42:44,636.11,8.0,agent-central-03
BUILD-0259,Org_A,payment-clearing-engine,SUCCESS,2026-08-05T06:58:00,2026-08-05T07:08:12,228.24,384.49,agent-east-04
BUILD-0260,Org_A,mobile-banking-api,SUCCESS,2026-08-05T07:21:00,2026-08-05T07:31:20,306.18,314.46,agent-east-03
BUILD-0261,Org_A,mobile-banking-api,SUCCESS,2026-08-05T07:44:00,2026-08-05T07:55:34,313.05,381.06,agent-east-04
BUILD-0262,Org_B,ehr-bridge,SUCCESS,2026-08-05T08:09:00,2026-08-05T08:19:56,309.13,346.99,agent-central-03
BUILD-0263,Org_A,fraud-detection-service,SUCCESS,2026-08-05T08:21:00,2026-08-05T08:35:40,872.23,8.0,agent-east-01
BUILD-0264,Org_B,hipaa-compliance-scan,SUCCESS,2026-08-05T08:50:00,2026-08-05T08:59:27,512.42,55.19,agent-central-02
BUILD-0265,Org_B,ehr-bridge,SUCCESS,2026-08-05T09:06:00,2026-08-05T09:09:26,155.92,51.07,agent-central-03
BUILD-0266,Org_C,cargo-manifest-service,SUCCESS,2026-08-05T09:29:00,2026-08-05T09:39:44,593.27,51.24,agent-west-03
BUILD-0267,Org_A,customer-portal,SUCCESS,2026-08-05T09:51:00,2026-08-05T09:54:16,162.59,33.7,agent-east-02
BUILD-0268,Org_B,claims-ingestion-pipeline,SUCCESS,2026-08-05T10:19:00,2026-08-05T10:22:53,224.05,9.33,agent-central-03
BUILD-0269,Org_A,payment-clearing-engine,SUCCESS,2026-08-05T10:33:00,2026-08-05T10:37:09,233.21,16.74,agent-east-03
BUILD-0270,Org_A,mobile-banking-api,SUCCESS,2026-08-05T10:58:00,2026-08-05T11:03:51,330.11,21.85,agent-east-02
BUILD-0271,Org_A,customer-portal,FAILED,2026-08-05T11:22:00,2026-08-05T11:38:23,911.63,71.37,agent-east-01
BUILD-0272,Org_A,fraud-detection-service,SUCCESS,2026-08-05T11:42:00,2026-08-05T11:53:03,153.63,509.73,agent-east-02
BUILD-0273,Org_A,customer-portal,SUCCESS,2026-08-05T12:06:00,2026-08-05T12:18:07,719.4,8.0,agent-east-02
BUILD-0274,Org_A,mobile-banking-api,SUCCESS,2026-08-05T12:31:00,2026-08-05T12:41:41,549.22,91.96,agent-east-01
BUILD-0275,Org_A,customer-portal,SUCCESS,2026-08-05T12:52:00,2026-08-05T13:05:50,277.34,553.26,agent-east-03
BUILD-0276,Org_B,provider-directory,SUCCESS,2026-08-05T13:12:00,2026-08-05T13:16:02,185.46,57.18,agent-central-02
BUILD-0277,Org_A,fraud-detection-service,SUCCESS,2026-08-05T13:30:00,2026-08-05T13:34:42,270.65,12.12,agent-east-04
BUILD-0278,Org_A,payment-clearing-engine,SUCCESS,2026-08-05T13:59:00,2026-08-05T14:06:38,373.23,84.98,agent-east-03
BUILD-0279,Org_B,ehr-bridge,SUCCESS,2026-08-05T14:15:00,2026-08-05T14:26:19,583.2,96.39,agent-central-03
BUILD-0280,Org_C,safety-audit-service,SUCCESS,2026-08-05T14:35:00,2026-08-05T14:39:47,281.52,6.37,agent-west-02
BUILD-0281,Org_B,ehr-bridge,SUCCESS,2026-08-05T15:06:00,2026-08-05T15:15:02,515.61,26.4,agent-central-01
BUILD-0282,Org_B,provider-directory,SUCCESS,2026-08-05T15:19:00,2026-08-05T15:24:01,288.44,12.76,agent-central-01
BUILD-0283,Org_A,fraud-detection-service,SUCCESS,2026-08-05T15:49:00,2026-08-05T15:59:21,524.13,97.11,agent-east-03
BUILD-0284,Org_B,hipaa-compliance-scan,SUCCESS,2026-08-05T16:05:00,2026-08-05T16:10:32,304.56,27.95,agent-central-01
BUILD-0285,Org_B,hipaa-compliance-scan,SUCCESS,2026-08-05T16:25:00,2026-08-05T16:29:02,234.88,8.08,agent-central-01
BUILD-0286,Org_C,flight-telemetry-ingest,SUCCESS,2026-08-05T16:56:00,2026-08-05T17:01:06,300.24,6.12,agent-west-05
BUILD-0287,Org_C,safety-audit-service,SUCCESS,2026-08-05T17:12:00,2026-08-05T17:17:36,252.49,83.88,agent-west-03
BUILD-0288,Org_C,safety-audit-service,SUCCESS,2026-08-05T17:33:00,2026-08-05T17:43:05,519.48,85.6,agent-west-05
BUILD-0289,Org_B,claims-ingestion-pipeline,SUCCESS,2026-08-05T17:53:00,2026-08-05T17:59:03,328.44,34.6,agent-central-03
BUILD-0290,Org_C,safety-audit-service,SUCCESS,2026-08-05T18:24:00,2026-08-05T18:30:30,356.55,33.63,agent-west-05
BUILD-0291,Org_A,payment-clearing-engine,SUCCESS,2026-08-05T18:46:00,2026-08-05T18:58:56,220.61,556.31,agent-east-02
BUILD-0292,Org_A,mobile-banking-api,SUCCESS,2026-08-05T19:02:00,2026-08-05T19:12:35,627.08,8.0,agent-east-02
BUILD-0293,Org_B,provider-directory,SUCCESS,2026-08-05T19:22:00,2026-08-05T19:25:23,193.68,9.76,agent-central-02
BUILD-0294,Org_A,payment-clearing-engine,SUCCESS,2026-08-05T19:50:00,2026-08-05T19:54:29,257.75,12.0,agent-east-03
BUILD-0295,Org_A,fraud-detection-service,SUCCESS,2026-08-05T20:06:00,2026-08-05T20:14:07,375.45,112.49,agent-east-04
BUILD-0296,Org_B,ehr-bridge,SUCCESS,2026-08-05T20:27:00,2026-08-05T20:31:35,255.96,19.51,agent-central-02
BUILD-0297,Org_A,fraud-detection-service,SUCCESS,2026-08-05T20:53:00,2026-08-05T21:01:45,477.63,48.31,agent-east-02
BUILD-0298,Org_A,mobile-banking-api,SUCCESS,2026-08-05T21:12:00,2026-08-05T21:18:17,364.71,12.48,agent-east-01
BUILD-0299,Org_A,mobile-banking-api,SUCCESS,2026-08-05T21:38:00,2026-08-05T21:42:48,283.07,5.35,agent-east-03
BUILD-0300,Org_B,provider-directory,SUCCESS,2026-08-05T22:04:00,2026-08-05T22:10:50,402.34,8.0,agent-central-01
BUILD-0301,Org_A,mobile-banking-api,SUCCESS,2026-08-05T22:26:00,2026-08-05T22:34:34,463.41,51.39,agent-east-04
BUILD-0302,Org_B,ehr-bridge,SUCCESS,2026-08-05T22:42:00,2026-08-05T22:48:50,377.23,33.43,agent-central-02
BUILD-0303,Org_A,payment-clearing-engine,SUCCESS,2026-08-05T23:08:00,2026-08-05T23:12:57,272.65,25.21,agent-east-01
BUILD-0304,Org_C,flight-telemetry-ingest,SUCCESS,2026-08-05T23:28:00,2026-08-05T23:36:23,414.18,89.56,agent-west-01
BUILD-0305,Org_A,customer-portal,SUCCESS,2026-08-05T23:49:00,2026-08-05T23:57:23,442.41,61.47,agent-east-02
BUILD-0306,Org_A,mobile-banking-api,SUCCESS,2026-08-06T00:10:00,2026-08-06T00:25:08,338.4,569.83,agent-east-01
BUILD-0307,Org_C,flight-telemetry-ingest,SUCCESS,2026-08-06T00:37:00,2026-08-06T00:43:36,325.73,71.18,agent-west-04
BUILD-0308,Org_A,customer-portal,SUCCESS,2026-08-06T01:00:00,2026-08-06T01:08:31,459.03,52.03,agent-east-03
BUILD-0309,Org_B,provider-directory,SUCCESS,2026-08-06T01:17:00,2026-08-06T01:26:42,538.91,44.04,agent-central-02
BUILD-0310,Org_B,hipaa-compliance-scan,SUCCESS,2026-08-06T01:42:00,2026-08-06T01:50:40,481.04,39.71,agent-central-01
BUILD-0311,Org_A,customer-portal,SUCCESS,2026-08-06T02:02:00,2026-08-06T02:15:54,314.75,519.54,agent-east-02
BUILD-0312,Org_C,cargo-manifest-service,SUCCESS,2026-08-06T02:19:00,2026-08-06T02:30:05,260.34,405.23,agent-west-02
BUILD-0313,Org_A,customer-portal,SUCCESS,2026-08-06T02:49:00,2026-08-06T02:57:22,480.72,21.61,agent-east-03
BUILD-0314,Org_A,payment-clearing-engine,CANCELLED,2026-08-06T03:08:00,2026-08-06T03:21:31,343.26,468.35,agent-east-03
BUILD-0315,Org_C,safety-audit-service,SUCCESS,2026-08-06T03:34:00,2026-08-06T03:40:26,331.59,54.58,agent-west-04
BUILD-0316,Org_C,flight-telemetry-ingest,FAILED,2026-08-06T03:52:00,2026-08-06T04:05:45,350.01,475.92,agent-west-05
BUILD-0317,Org_A,mobile-banking-api,SUCCESS,2026-08-06T04:10:00,2026-08-06T04:15:45,276.16,69.79,agent-east-04
BUILD-0318,Org_B,ehr-bridge,FAILED,2026-08-06T04:36:00,2026-08-06T04:44:31,482.03,29.4,agent-central-01
BUILD-0319,Org_B,ehr-bridge,SUCCESS,2026-08-06T04:59:00,2026-08-06T05:12:25,710.49,94.68,agent-central-02
BUILD-0320,Org_A,customer-portal,SUCCESS,2026-08-06T05:19:00,2026-08-06T05:24:50,299.54,51.44,agent-east-03
BUILD-0321,Org_B,claims-ingestion-pipeline,SUCCESS,2026-08-06T05:38:00,2026-08-06T05:51:10,397.02,393.56,agent-central-01
BUILD-0322,Org_B,provider-directory,SUCCESS,2026-08-06T06:04:00,2026-08-06T06:07:50,196.69,33.46,agent-central-03
BUILD-0323,Org_B,ehr-bridge,SUCCESS,2026-08-06T06:23:00,2026-08-06T06:27:21,202.84,59.04,agent-central-02
BUILD-0324,Org_B,claims-ingestion-pipeline,SUCCESS,2026-08-06T06:52:00,2026-08-06T06:57:51,320.74,31.11,agent-central-01
BUILD-0325,Org_B,provider-directory,SUCCESS,2026-08-06T07:10:00,2026-08-06T07:21:53,621.23,92.04,agent-central-01
BUILD-0326,Org_B,hipaa-compliance-scan,SUCCESS,2026-08-06T07:31:00,2026-08-06T07:43:00,690.0,30.06,agent-central-03
BUILD-0327,Org_A,mobile-banking-api,SUCCESS,2026-08-06T07:49:00,2026-08-06T07:58:26,447.74,118.67,agent-east-01
BUILD-0328,Org_C,cargo-manifest-service,CANCELLED,2026-08-06T08:14:00,2026-08-06T08:23:09,528.92,20.13,agent-west-04
BUILD-0329,Org_C,cargo-manifest-service,SUCCESS,2026-08-06T08:41:00,2026-08-06T08:46:23,298.67,24.61,agent-west-03
BUILD-0330,Org_C,cargo-manifest-service,SUCCESS,2026-08-06T09:01:00,2026-08-06T09:09:36,497.96,18.97,agent-west-01
BUILD-0331,Org_B,provider-directory,SUCCESS,2026-08-06T09:21:00,2026-08-06T09:33:18,312.64,425.42,agent-central-03
BUILD-0332,Org_A,fraud-detection-service,SUCCESS,2026-08-06T09:39:00,2026-08-06T09:52:14,292.64,501.68,agent-east-04
BUILD-0333,Org_C,cargo-manifest-service,SUCCESS,2026-08-06T10:07:00,2026-08-06T10:16:20,502.48,57.71,agent-west-05
BUILD-0334,Org_B,hipaa-compliance-scan,SUCCESS,2026-08-06T10:30:00,2026-08-06T10:37:05,417.15,8.0,agent-central-01
BUILD-0335,Org_B,ehr-bridge,SUCCESS,2026-08-06T10:54:00,2026-08-06T11:01:21,383.41,58.07,agent-central-03
BUILD-0336,Org_A,payment-clearing-engine,SUCCESS,2026-08-06T11:14:00,2026-08-06T11:24:55,548.43,107.45,agent-east-01
BUILD-0337,Org_C,safety-audit-service,SUCCESS,2026-08-06T11:31:00,2026-08-06T11:42:06,329.09,337.08,agent-west-02
BUILD-0338,Org_B,provider-directory,SUCCESS,2026-08-06T11:52:00,2026-08-06T12:01:54,538.42,56.53,agent-central-03
BUILD-0339,Org_C,safety-audit-service,SUCCESS,2026-08-06T12:15:00,2026-08-06T12:22:48,414.16,54.18,agent-west-03
BUILD-0340,Org_A,mobile-banking-api,SUCCESS,2026-08-06T12:39:00,2026-08-06T12:50:54,600.84,113.71,agent-east-02
BUILD-0341,Org_A,customer-portal,SUCCESS,2026-08-06T13:05:00,2026-08-06T13:09:13,246.8,6.92,agent-east-04
BUILD-0342,Org_C,safety-audit-service,SUCCESS,2026-08-06T13:28:00,2026-08-06T13:33:21,289.98,31.39,agent-west-04
BUILD-0343,Org_A,mobile-banking-api,SUCCESS,2026-08-06T13:50:00,2026-08-06T14:06:03,389.93,573.36,agent-east-04
BUILD-0344,Org_A,payment-clearing-engine,SUCCESS,2026-08-06T14:10:00,2026-08-06T14:23:04,262.86,521.32,agent-east-01
BUILD-0345,Org_B,provider-directory,SUCCESS,2026-08-06T14:30:00,2026-08-06T14:41:26,608.76,77.44,agent-central-02
BUILD-0346,Org_A,customer-portal,FAILED,2026-08-06T14:57:00,2026-08-06T15:02:00,293.7,6.32,agent-east-02
BUILD-0347,Org_A,fraud-detection-service,SUCCESS,2026-08-06T15:14:00,2026-08-06T15:18:27,261.57,6.16,agent-east-04
BUILD-0348,Org_A,payment-clearing-engine,SUCCESS,2026-08-06T15:35:00,2026-08-06T15:39:07,238.92,8.5,agent-east-03
BUILD-0349,Org_A,customer-portal,SUCCESS,2026-08-06T15:59:00,2026-08-06T16:09:45,601.71,43.4,agent-east-02
BUILD-0350,Org_A,customer-portal,SUCCESS,2026-08-06T16:20:00,2026-08-06T16:31:20,608.82,71.87,agent-east-02
BUILD-0351,Org_B,ehr-bridge,SUCCESS,2026-08-06T16:41:00,2026-08-06T16:45:48,226.74,61.65,agent-central-01
BUILD-0352,Org_A,mobile-banking-api,SUCCESS,2026-08-06T17:08:00,2026-08-06T17:13:19,274.94,44.15,agent-east-02
BUILD-0353,Org_A,fraud-detection-service,SUCCESS,2026-08-06T17:27:00,2026-08-06T17:31:01,232.99,8.95,agent-east-02
BUILD-0354,Org_A,mobile-banking-api,SUCCESS,2026-08-06T17:43:00,2026-08-06T17:48:36,328.35,8.52,agent-east-03
BUILD-0355,Org_A,fraud-detection-service,SUCCESS,2026-08-06T18:06:00,2026-08-06T18:10:59,289.98,9.96,agent-east-01
BUILD-0356,Org_A,payment-clearing-engine,SUCCESS,2026-08-06T18:36:00,2026-08-06T18:41:08,279.34,28.84,agent-east-02
BUILD-0357,Org_C,flight-telemetry-ingest,SUCCESS,2026-08-06T18:56:00,2026-08-06T19:09:14,260.43,533.94,agent-west-01
BUILD-0358,Org_A,customer-portal,SUCCESS,2026-08-06T19:19:00,2026-08-06T19:24:00,272.17,28.56,agent-east-01
BUILD-0359,Org_A,mobile-banking-api,SUCCESS,2026-08-06T19:41:00,2026-08-06T19:54:34,333.88,480.77,agent-east-04
BUILD-0360,Org_B,provider-directory,SUCCESS,2026-08-06T19:59:00,2026-08-06T20:01:45,160.54,5.2,agent-central-01
BUILD-0361,Org_A,fraud-detection-service,SUCCESS,2026-08-06T20:22:00,2026-08-06T20:35:37,719.6,97.82,agent-east-03
BUILD-0362,Org_C,cargo-manifest-service,SUCCESS,2026-08-06T20:49:00,2026-08-06T20:57:38,420.22,98.31,agent-west-02
BUILD-0363,Org_C,safety-audit-service,SUCCESS,2026-08-06T21:03:00,2026-08-06T21:08:29,292.35,37.57,agent-west-05
BUILD-0364,Org_A,payment-clearing-engine,SUCCESS,2026-08-06T21:25:00,2026-08-06T21:39:50,856.65,33.83,agent-east-01
BUILD-0365,Org_B,ehr-bridge,SUCCESS,2026-08-06T21:49:00,2026-08-06T21:54:15,296.92,18.23,agent-central-03
BUILD-0366,Org_A,payment-clearing-engine,SUCCESS,2026-08-06T22:13:00,2026-08-06T22:18:56,336.53,19.6,agent-east-04
BUILD-0367,Org_B,hipaa-compliance-scan,SUCCESS,2026-08-06T22:36:00,2026-08-06T22:40:45,276.85,8.72,agent-central-02
BUILD-0368,Org_B,claims-ingestion-pipeline,SUCCESS,2026-08-06T22:51:00,2026-08-06T22:55:59,277.06,22.29,agent-central-02
BUILD-0369,Org_A,mobile-banking-api,SUCCESS,2026-08-06T23:23:00,2026-08-06T23:30:03,391.74,32.18,agent-east-02
BUILD-0370,Org_A,customer-portal,SUCCESS,2026-08-06T23:36:00,2026-08-06T23:41:11,302.64,9.16,agent-east-03
BUILD-0371,Org_A,mobile-banking-api,SUCCESS,2026-08-06T23:57:00,2026-08-07T00:03:08,280.71,87.43,agent-east-01
BUILD-0372,Org_B,provider-directory,SUCCESS,2026-08-07T00:29:00,2026-08-07T00:36:49,443.38,26.39,agent-central-01
BUILD-0373,Org_B,hipaa-compliance-scan,SUCCESS,2026-08-07T00:44:00,2026-08-07T00:48:54,259.03,35.1,agent-central-02
BUILD-0374,Org_B,hipaa-compliance-scan,SUCCESS,2026-08-07T01:11:00,2026-08-07T01:16:06,300.83,5.63,agent-central-03
BUILD-0375,Org_C,cargo-manifest-service,SUCCESS,2026-08-07T01:26:00,2026-08-07T01:40:11,338.17,513.66,agent-west-03
BUILD-0376,Org_C,flight-telemetry-ingest,FAILED,2026-08-07T01:54:00,2026-08-07T01:56:22,104.73,37.87,agent-west-02
BUILD-0377,Org_C,flight-telemetry-ingest,FAILED,2026-08-07T02:18:00,2026-08-07T02:37:13,1086.34,66.69,agent-west-03
BUILD-0378,Org_B,hipaa-compliance-scan,SUCCESS,2026-08-07T02:37:00,2026-08-07T02:46:51,498.65,93.18,agent-central-02
BUILD-0379,Org_B,claims-ingestion-pipeline,SUCCESS,2026-08-07T03:03:00,2026-08-07T03:15:23,633.75,109.72,agent-central-02
BUILD-0380,Org_B,provider-directory,SUCCESS,2026-08-07T03:24:00,2026-08-07T03:35:27,601.58,85.98,agent-central-03
BUILD-0381,Org_A,customer-portal,SUCCESS,2026-08-07T03:47:00,2026-08-07T03:51:54,265.22,28.89,agent-east-01
BUILD-0382,Org_A,customer-portal,SUCCESS,2026-08-07T04:06:00,2026-08-07T04:10:25,236.49,29.43,agent-east-02
BUILD-0383,Org_B,claims-ingestion-pipeline,SUCCESS,2026-08-07T04:22:00,2026-08-07T04:28:37,391.89,5.39,agent-central-03
BUILD-0384,Org_A,mobile-banking-api,SUCCESS,2026-08-07T04:48:00,2026-08-07T04:59:39,328.1,371.75,agent-east-04
BUILD-0385,Org_C,flight-telemetry-ingest,SUCCESS,2026-08-07T05:15:00,2026-08-07T05:23:31,417.84,93.95,agent-west-01
BUILD-0386,Org_A,fraud-detection-service,CANCELLED,2026-08-07T05:28:00,2026-08-07T05:42:33,349.11,523.93,agent-east-01
BUILD-0387,Org_B,provider-directory,SUCCESS,2026-08-07T05:52:00,2026-08-07T05:58:06,323.73,42.6,agent-central-03
BUILD-0388,Org_A,mobile-banking-api,SUCCESS,2026-08-07T06:14:00,2026-08-07T06:22:14,462.56,31.91,agent-east-01
BUILD-0389,Org_C,safety-audit-service,SUCCESS,2026-08-07T06:35:00,2026-08-07T06:44:19,467.97,91.82,agent-west-01
BUILD-0390,Org_C,cargo-manifest-service,SUCCESS,2026-08-07T06:55:00,2026-08-07T07:07:51,355.66,415.41,agent-west-05
BUILD-0391,Org_B,ehr-bridge,SUCCESS,2026-08-07T07:18:00,2026-08-07T07:22:17,249.37,7.95,agent-central-02
BUILD-0392,Org_A,customer-portal,SUCCESS,2026-08-07T07:39:00,2026-08-07T07:46:04,373.25,51.66,agent-east-02
BUILD-0393,Org_B,provider-directory,SUCCESS,2026-08-07T08:05:00,2026-08-07T08:13:10,458.22,32.76,agent-central-02
BUILD-0394,Org_B,hipaa-compliance-scan,SUCCESS,2026-08-07T08:23:00,2026-08-07T08:25:41,119.38,41.67,agent-central-03
BUILD-0395,Org_A,customer-portal,SUCCESS,2026-08-07T08:50:00,2026-08-07T08:58:01,441.83,40.14,agent-east-02
BUILD-0396,Org_A,mobile-banking-api,SUCCESS,2026-08-07T09:09:00,2026-08-07T09:15:42,393.49,9.37,agent-east-01
BUILD-0397,Org_B,claims-ingestion-pipeline,SUCCESS,2026-08-07T09:29:00,2026-08-07T09:38:15,449.03,106.69,agent-central-02
BUILD-0398,Org_A,mobile-banking-api,SUCCESS,2026-08-07T09:55:00,2026-08-07T10:04:56,560.82,36.13,agent-east-03
BUILD-0399,Org_C,flight-telemetry-ingest,SUCCESS,2026-08-07T10:15:00,2026-08-07T10:21:53,366.48,46.93,agent-west-02
BUILD-0400,Org_B,claims-ingestion-pipeline,SUCCESS,2026-08-07T10:43:00,2026-08-07T10:57:39,365.47,514.51,agent-central-03
BUILD-0401,Org_A,customer-portal,SUCCESS,2026-08-07T11:05:00,2026-08-07T11:13:51,452.43,79.11,agent-east-01
BUILD-0402,Org_A,fraud-detection-service,SUCCESS,2026-08-07T11:29:00,2026-08-07T11:41:44,357.15,407.5,agent-east-03
BUILD-0403,Org_C,safety-audit-service,SUCCESS,2026-08-07T11:47:00,2026-08-07T11:55:06,474.34,12.51,agent-west-02
BUILD-0404,Org_C,flight-telemetry-ingest,SUCCESS,2026-08-07T12:11:00,2026-08-07T12:14:02,158.37,24.1,agent-west-01
BUILD-0405,Org_B,claims-ingestion-pipeline,SUCCESS,2026-08-07T12:31:00,2026-08-07T12:36:55,339.37,16.53,agent-central-02
BUILD-0406,Org_B,hipaa-compliance-scan,SUCCESS,2026-08-07T12:48:00,2026-08-07T12:56:31,503.15,8.0,agent-central-02
BUILD-0407,Org_A,payment-clearing-engine,SUCCESS,2026-08-07T13:19:00,2026-08-07T13:27:50,501.04,29.42,agent-east-04
BUILD-0408,Org_C,flight-telemetry-ingest,SUCCESS,2026-08-07T13:36:00,2026-08-07T13:48:29,691.28,58.43,agent-west-02
BUILD-0409,Org_C,cargo-manifest-service,SUCCESS,2026-08-07T14:00:00,2026-08-07T14:10:02,151.94,450.7,agent-west-05
BUILD-0410,Org_A,customer-portal,SUCCESS,2026-08-07T14:25:00,2026-08-07T14:37:28,360.02,388.86,agent-east-01
BUILD-0411,Org_A,mobile-banking-api,SUCCESS,2026-08-07T14:45:00,2026-08-07T14:52:09,339.47,89.88,agent-east-02
BUILD-0412,Org_B,claims-ingestion-pipeline,SUCCESS,2026-08-07T15:03:00,2026-08-07T15:08:00,226.53,73.89,agent-central-02
BUILD-0413,Org_C,cargo-manifest-service,SUCCESS,2026-08-07T15:28:00,2026-08-07T15:39:39,628.35,71.33,agent-west-03
BUILD-0414,Org_C,flight-telemetry-ingest,SUCCESS,2026-08-07T15:50:00,2026-08-07T15:55:44,318.29,26.14,agent-west-05
BUILD-0415,Org_B,claims-ingestion-pipeline,SUCCESS,2026-08-07T16:07:00,2026-08-07T16:11:36,245.16,31.55,agent-central-02
BUILD-0416,Org_B,ehr-bridge,SUCCESS,2026-08-07T16:31:00,2026-08-07T16:42:34,226.37,468.46,agent-central-03
BUILD-0417,Org_B,hipaa-compliance-scan,SUCCESS,2026-08-07T16:59:00,2026-08-07T17:03:37,251.55,26.4,agent-central-01
BUILD-0418,Org_B,provider-directory,SUCCESS,2026-08-07T17:12:00,2026-08-07T17:17:19,312.7,7.21,agent-central-02
BUILD-0419,Org_B,ehr-bridge,SUCCESS,2026-08-07T17:40:00,2026-08-07T17:45:29,320.58,8.79,agent-central-03
BUILD-0420,Org_A,payment-clearing-engine,SUCCESS,2026-08-07T17:57:00,2026-08-07T18:01:48,282.21,6.08,agent-east-02
BUILD-0421,Org_B,claims-ingestion-pipeline,SUCCESS,2026-08-07T18:18:00,2026-08-07T18:20:50,131.04,39.37,agent-central-03
BUILD-0422,Org_A,customer-portal,SUCCESS,2026-08-07T18:42:00,2026-08-07T18:51:44,567.0,17.27,agent-east-04
BUILD-0423,Org_B,hipaa-compliance-scan,SUCCESS,2026-08-07T19:01:00,2026-08-07T19:08:17,401.9,35.56,agent-central-02
BUILD-0424,Org_B,hipaa-compliance-scan,SUCCESS,2026-08-07T19:28:00,2026-08-07T19:34:28,340.39,48.46,agent-central-02
BUILD-0425,Org_A,customer-portal,SUCCESS,2026-08-07T19:53:00,2026-08-07T20:07:25,833.93,31.96,agent-east-04
BUILD-0426,Org_B,hipaa-compliance-scan,SUCCESS,2026-08-07T20:11:00,2026-08-07T20:16:39,315.16,23.98,agent-central-02
BUILD-0427,Org_B,ehr-bridge,SUCCESS,2026-08-07T20:32:00,2026-08-07T20:36:55,254.22,40.87,agent-central-01
BUILD-0428,Org_A,customer-portal,SUCCESS,2026-08-07T20:51:00,2026-08-07T21:02:29,297.69,391.46,agent-east-02
BUILD-0429,Org_A,customer-portal,FAILED,2026-08-07T21:21:00,2026-08-07T21:33:28,330.54,417.65,agent-east-04
BUILD-0430,Org_B,claims-ingestion-pipeline,SUCCESS,2026-08-07T21:39:00,2026-08-07T21:49:32,518.39,114.59,agent-central-03
BUILD-0431,Org_A,payment-clearing-engine,SUCCESS,2026-08-07T21:59:00,2026-08-07T22:04:10,302.11,8.17,agent-east-01
BUILD-0432,Org_B,claims-ingestion-pipeline,SUCCESS,2026-08-07T22:21:00,2026-08-07T22:27:38,360.39,38.44,agent-central-02
BUILD-0433,Org_C,safety-audit-service,SUCCESS,2026-08-07T22:48:00,2026-08-07T22:58:25,573.34,52.0,agent-west-05
BUILD-0434,Org_A,fraud-detection-service,SUCCESS,2026-08-07T23:10:00,2026-08-07T23:17:12,374.71,57.57,agent-east-02
BUILD-0435,Org_A,fraud-detection-service,SUCCESS,2026-08-07T23:31:00,2026-08-07T23:36:13,292.69,20.81,agent-east-03
BUILD-0436,Org_C,safety-audit-service,SUCCESS,2026-08-07T23:52:00,2026-08-08T00:01:10,486.76,63.8,agent-west-01
BUILD-0437,Org_B,ehr-bridge,SUCCESS,2026-08-08T00:13:00,2026-08-08T00:20:29,377.41,72.19,agent-central-01
BUILD-0438,Org_A,fraud-detection-service,SUCCESS,2026-08-08T00:31:00,2026-08-08T00:40:24,524.07,40.6,agent-east-04
BUILD-0439,Org_A,customer-portal,SUCCESS,2026-08-08T00:56:00,2026-08-08T01:04:08,469.59,19.26,agent-east-02
BUILD-0440,Org_A,payment-clearing-engine,SUCCESS,2026-08-08T01:21:00,2026-08-08T01:30:59,521.24,77.93,agent-east-01
BUILD-0441,Org_A,customer-portal,FAILED,2026-08-08T01:37:00,2026-08-08T01:46:36,199.24,376.92,agent-east-03
BUILD-0442,Org_B,ehr-bridge,SUCCESS,2026-08-08T02:03:00,2026-08-08T02:07:28,234.92,33.56,agent-central-01
BUILD-0443,Org_C,cargo-manifest-service,SUCCESS,2026-08-08T02:29:00,2026-08-08T02:40:36,587.0,109.87,agent-west-03
BUILD-0444,Org_C,flight-telemetry-ingest,SUCCESS,2026-08-08T02:51:00,2026-08-08T03:00:00,496.47,44.06,agent-west-05
BUILD-0445,Org_A,fraud-detection-service,SUCCESS,2026-08-08T03:07:00,2026-08-08T03:09:52,157.05,15.12,agent-east-02
BUILD-0446,Org_A,payment-clearing-engine,SUCCESS,2026-08-08T03:28:00,2026-08-08T03:35:20,337.52,103.08,agent-east-03
BUILD-0447,Org_A,fraud-detection-service,SUCCESS,2026-08-08T03:50:00,2026-08-08T03:56:44,396.07,8.0,agent-east-02
BUILD-0448,Org_C,cargo-manifest-service,SUCCESS,2026-08-08T04:18:00,2026-08-08T04:28:17,555.8,61.48,agent-west-04
BUILD-0449,Org_B,ehr-bridge,SUCCESS,2026-08-08T04:38:00,2026-08-08T04:44:18,332.96,45.13,agent-central-01
BUILD-0450,Org_C,flight-telemetry-ingest,SUCCESS,2026-08-08T04:56:00,2026-08-08T05:01:51,340.37,11.46,agent-west-04
BUILD-0451,Org_A,mobile-banking-api,SUCCESS,2026-08-08T05:27:00,2026-08-08T05:30:03,173.22,9.94,agent-east-03
BUILD-0452,Org_C,cargo-manifest-service,SUCCESS,2026-08-08T05:39:00,2026-08-08T05:43:40,262.85,17.52,agent-west-03
BUILD-0453,Org_C,cargo-manifest-service,FAILED,2026-08-08T06:06:00,2026-08-08T06:19:27,746.41,61.46,agent-west-02
BUILD-0454,Org_C,flight-telemetry-ingest,SUCCESS,2026-08-08T06:27:00,2026-08-08T06:31:53,285.45,8.09,agent-west-01
BUILD-0455,Org_C,flight-telemetry-ingest,SUCCESS,2026-08-08T06:55:00,2026-08-08T07:00:31,303.7,27.56,agent-west-01
BUILD-0456,Org_A,payment-clearing-engine,SUCCESS,2026-08-08T07:07:00,2026-08-08T07:23:40,425.16,574.91,agent-east-04
BUILD-0457,Org_B,ehr-bridge,SUCCESS,2026-08-08T07:38:00,2026-08-08T07:41:13,186.2,6.98,agent-central-02
BUILD-0458,Org_B,ehr-bridge,SUCCESS,2026-08-08T07:56:00,2026-08-08T08:01:13,278.32,35.27,agent-central-01
BUILD-0459,Org_B,hipaa-compliance-scan,SUCCESS,2026-08-08T08:23:00,2026-08-08T08:30:15,379.67,56.05,agent-central-02
BUILD-0460,Org_A,mobile-banking-api,SUCCESS,2026-08-08T08:44:00,2026-08-08T08:49:45,332.44,12.56,agent-east-02
BUILD-0461,Org_A,mobile-banking-api,SUCCESS,2026-08-08T08:59:00,2026-08-08T09:04:12,285.1,27.33,agent-east-01
BUILD-0462,Org_B,claims-ingestion-pipeline,SUCCESS,2026-08-08T09:27:00,2026-08-08T09:38:20,586.5,93.53,agent-central-03
BUILD-0463,Org_A,customer-portal,SUCCESS,2026-08-08T09:44:00,2026-08-08T09:52:00,467.1,13.63,agent-east-03
BUILD-0464,Org_C,cargo-manifest-service,SUCCESS,2026-08-08T10:10:00,2026-08-08T10:20:23,529.44,94.27,agent-west-01
BUILD-0465,Org_C,flight-telemetry-ingest,SUCCESS,2026-08-08T10:25:00,2026-08-08T10:33:46,454.63,71.63,agent-west-04
BUILD-0466,Org_A,fraud-detection-service,CANCELLED,2026-08-08T10:48:00,2026-08-08T11:01:43,317.63,505.93,agent-east-03
BUILD-0467,Org_C,cargo-manifest-service,SUCCESS,2026-08-08T11:17:00,2026-08-08T11:26:03,494.06,49.56,agent-west-05
BUILD-0468,Org_C,safety-audit-service,SUCCESS,2026-08-08T11:31:00,2026-08-08T11:36:48,340.59,8.0,agent-west-03
BUILD-0469,Org_C,cargo-manifest-service,SUCCESS,2026-08-08T11:56:00,2026-08-08T12:04:30,472.72,37.7,agent-west-02
BUILD-0470,Org_B,ehr-bridge,SUCCESS,2026-08-08T12:22:00,2026-08-08T12:25:11,184.82,6.27,agent-central-01
BUILD-0471,Org_A,customer-portal,SUCCESS,2026-08-08T12:45:00,2026-08-08T12:49:18,235.25,23.42,agent-east-04
BUILD-0472,Org_B,hipaa-compliance-scan,SUCCESS,2026-08-08T13:04:00,2026-08-08T13:12:57,512.23,25.59,agent-central-02
BUILD-0473,Org_C,cargo-manifest-service,FAILED,2026-08-08T13:25:00,2026-08-08T13:29:42,244.66,37.49,agent-west-04
BUILD-0474,Org_C,safety-audit-service,SUCCESS,2026-08-08T13:46:00,2026-08-08T13:55:10,498.43,52.41,agent-west-03
BUILD-0475,Org_A,payment-clearing-engine,SUCCESS,2026-08-08T14:12:00,2026-08-08T14:24:26,318.85,427.65,agent-east-04
BUILD-0476,Org_B,hipaa-compliance-scan,SUCCESS,2026-08-08T14:37:00,2026-08-08T14:48:51,241.83,470.09,agent-central-01
BUILD-0477,Org_B,ehr-bridge,SUCCESS,2026-08-08T14:53:00,2026-08-08T15:04:29,663.87,25.88,agent-central-01
BUILD-0478,Org_C,cargo-manifest-service,FAILED,2026-08-08T15:16:00,2026-08-08T15:28:09,318.54,411.41,agent-west-04
BUILD-0479,Org_B,hipaa-compliance-scan,SUCCESS,2026-08-08T15:41:00,2026-08-08T16:00:06,1042.66,103.46,agent-central-02
BUILD-0480,Org_A,fraud-detection-service,SUCCESS,2026-08-08T15:57:00,2026-08-08T16:03:04,278.33,86.12,agent-east-04
BUILD-0481,Org_B,ehr-bridge,SUCCESS,2026-08-08T16:20:00,2026-08-08T16:24:28,249.02,19.82,agent-central-03
BUILD-0482,Org_C,flight-telemetry-ingest,SUCCESS,2026-08-08T16:46:00,2026-08-08T16:49:35,205.79,9.52,agent-west-01
BUILD-0483,Org_B,provider-directory,SUCCESS,2026-08-08T17:01:00,2026-08-08T17:10:57,554.53,43.15,agent-central-01
BUILD-0484,Org_C,safety-audit-service,SUCCESS,2026-08-08T17:29:00,2026-08-08T17:38:04,483.77,61.19,agent-west-04
BUILD-0485,Org_B,hipaa-compliance-scan,SUCCESS,2026-08-08T17:53:00,2026-08-08T18:02:38,526.31,51.8,agent-central-01
BUILD-0486,Org_B,provider-directory,CANCELLED,2026-08-08T18:09:00,2026-08-08T18:14:55,259.83,95.38,agent-central-01
BUILD-0487,Org_B,claims-ingestion-pipeline,SUCCESS,2026-08-08T18:36:00,2026-08-08T18:39:32,198.87,13.17,agent-central-02
BUILD-0488,Org_A,payment-clearing-engine,SUCCESS,2026-08-08T18:56:00,2026-08-08T19:09:40,744.01,76.73,agent-east-02
BUILD-0489,Org_A,customer-portal,SUCCESS,2026-08-08T19:20:00,2026-08-08T19:31:18,257.8,420.32,agent-east-01
BUILD-0490,Org_C,cargo-manifest-service,SUCCESS,2026-08-08T19:45:00,2026-08-08T19:50:16,294.43,22.27,agent-west-05
BUILD-0491,Org_B,ehr-bridge,SUCCESS,2026-08-08T20:02:00,2026-08-08T20:06:32,257.2,15.31,agent-central-03
BUILD-0492,Org_A,fraud-detection-service,FAILED,2026-08-08T20:25:00,2026-08-08T20:31:36,376.7,19.96,agent-east-02
BUILD-0493,Org_A,payment-clearing-engine,SUCCESS,2026-08-08T20:43:00,2026-08-08T20:55:07,175.97,551.42,agent-east-02
BUILD-0494,Org_C,flight-telemetry-ingest,SUCCESS,2026-08-08T21:06:00,2026-08-08T21:11:02,280.81,21.89,agent-west-02
BUILD-0495,Org_B,claims-ingestion-pipeline,SUCCESS,2026-08-08T21:27:00,2026-08-08T21:40:55,818.08,17.29,agent-central-02
BUILD-0496,Org_C,safety-audit-service,SUCCESS,2026-08-08T21:53:00,2026-08-08T22:04:15,667.41,8.0,agent-west-05
BUILD-0497,Org_B,provider-directory,SUCCESS,2026-08-08T22:16:00,2026-08-08T22:24:46,475.86,51.04,agent-central-01
BUILD-0498,Org_C,flight-telemetry-ingest,SUCCESS,2026-08-08T22:36:00,2026-08-08T22:42:11,362.42,9.37,agent-west-03
BUILD-0499,Org_C,safety-audit-service,SUCCESS,2026-08-08T23:03:00,2026-08-08T23:16:29,338.33,471.55,agent-west-02
BUILD-0500,Org_A,mobile-banking-api,SUCCESS,2026-08-08T23:15:00,2026-08-08T23:19:46,263.28,22.73,agent-east-02
BUILD-0501,Org_B,ehr-bridge,SUCCESS,2026-08-08T23:46:00,2026-08-08T23:55:41,550.57,30.65,agent-central-03
BUILD-0502,Org_A,customer-portal,SUCCESS,2026-08-09T00:06:00,2026-08-09T00:11:25,297.68,27.73,agent-east-03
BUILD-0503,Org_B,hipaa-compliance-scan,SUCCESS,2026-08-09T00:25:00,2026-08-09T00:30:19,311.3,7.97,agent-central-01
BUILD-0504,Org_B,hipaa-compliance-scan,SUCCESS,2026-08-09T00:53:00,2026-08-09T00:57:38,251.68,26.76,agent-central-03
BUILD-0505,Org_A,payment-clearing-engine,SUCCESS,2026-08-09T01:11:00,2026-08-09T01:24:11,270.47,520.81,agent-east-03
BUILD-0506,Org_C,flight-telemetry-ingest,SUCCESS,2026-08-09T01:27:00,2026-08-09T01:32:33,324.17,9.63,agent-west-02
BUILD-0507,Org_A,payment-clearing-engine,SUCCESS,2026-08-09T01:57:00,2026-08-09T02:08:25,349.12,336.58,agent-east-01
BUILD-0508,Org_A,fraud-detection-service,SUCCESS,2026-08-09T02:20:00,2026-08-09T02:27:43,420.05,43.13,agent-east-02
BUILD-0509,Org_A,payment-clearing-engine,SUCCESS,2026-08-09T02:41:00,2026-08-09T02:54:47,370.45,457.2,agent-east-04
BUILD-0510,Org_C,safety-audit-service,SUCCESS,2026-08-09T02:57:00,2026-08-09T03:08:32,618.16,74.28,agent-west-04
BUILD-0511,Org_B,ehr-bridge,SUCCESS,2026-08-09T03:21:00,2026-08-09T03:25:48,281.36,7.56,agent-central-02
BUILD-0512,Org_B,hipaa-compliance-scan,FAILED,2026-08-09T03:49:00,2026-08-09T03:57:14,412.41,82.14,agent-central-02
BUILD-0513,Org_B,hipaa-compliance-scan,SUCCESS,2026-08-09T04:05:00,2026-08-09T04:14:20,465.58,95.29,agent-central-02
BUILD-0514,Org_A,mobile-banking-api,SUCCESS,2026-08-09T04:30:00,2026-08-09T04:43:58,363.85,474.3,agent-east-02
BUILD-0515,Org_C,cargo-manifest-service,SUCCESS,2026-08-09T04:47:00,2026-08-09T05:00:42,772.6,49.69,agent-west-01
BUILD-0516,Org_C,cargo-manifest-service,SUCCESS,2026-08-09T05:09:00,2026-08-09T05:23:36,841.51,34.99,agent-west-02
BUILD-0517,Org_C,flight-telemetry-ingest,SUCCESS,2026-08-09T05:33:00,2026-08-09T05:40:26,420.38,25.71,agent-west-02
BUILD-0518,Org_B,claims-ingestion-pipeline,SUCCESS,2026-08-09T06:01:00,2026-08-09T06:07:40,392.43,8.0,agent-central-03
BUILD-0519,Org_B,claims-ingestion-pipeline,SUCCESS,2026-08-09T06:15:00,2026-08-09T06:33:52,1076.21,55.85,agent-central-02
BUILD-0520,Org_B,claims-ingestion-pipeline,SUCCESS,2026-08-09T06:38:00,2026-08-09T06:43:07,281.1,25.92,agent-central-02
BUILD-0521,Org_B,ehr-bridge,SUCCESS,2026-08-09T07:02:00,2026-08-09T07:15:58,778.17,60.08,agent-central-01
BUILD-0522,Org_B,provider-directory,SUCCESS,2026-08-09T07:20:00,2026-08-09T07:29:33,500.63,73.24,agent-central-03
BUILD-0523,Org_B,hipaa-compliance-scan,SUCCESS,2026-08-09T07:43:00,2026-08-09T07:46:16,182.13,14.39,agent-central-02
BUILD-0524,Org_B,provider-directory,SUCCESS,2026-08-09T08:12:00,2026-08-09T08:20:26,471.91,34.91,agent-central-02
BUILD-0525,Org_A,customer-portal,SUCCESS,2026-08-09T08:28:00,2026-08-09T08:32:48,270.68,18.2,agent-east-03
BUILD-0526,Org_C,safety-audit-service,SUCCESS,2026-08-09T08:48:00,2026-08-09T08:50:42,148.57,13.48,agent-west-02
BUILD-0527,Org_B,hipaa-compliance-scan,SUCCESS,2026-08-09T09:15:00,2026-08-09T09:21:26,358.23,28.41,agent-central-03
BUILD-0528,Org_C,cargo-manifest-service,SUCCESS,2026-08-09T09:38:00,2026-08-09T09:46:30,458.92,51.99,agent-west-04
BUILD-0529,Org_A,payment-clearing-engine,SUCCESS,2026-08-09T09:54:00,2026-08-09T10:01:56,452.15,24.02,agent-east-03
BUILD-0530,Org_A,mobile-banking-api,SUCCESS,2026-08-09T10:16:00,2026-08-09T10:29:38,763.35,55.28,agent-east-04
BUILD-0531,Org_C,cargo-manifest-service,SUCCESS,2026-08-09T10:44:00,2026-08-09T10:52:56,173.73,362.62,agent-west-05
BUILD-0532,Org_A,fraud-detection-service,SUCCESS,2026-08-09T11:02:00,2026-08-09T11:07:10,232.19,77.92,agent-east-03
BUILD-0533,Org_A,mobile-banking-api,SUCCESS,2026-08-09T11:29:00,2026-08-09T11:40:49,290.02,419.72,agent-east-02
BUILD-0534,Org_C,flight-telemetry-ingest,SUCCESS,2026-08-09T11:45:00,2026-08-09T11:52:39,423.8,35.77,agent-west-03
BUILD-0535,Org_A,mobile-banking-api,SUCCESS,2026-08-09T12:12:00,2026-08-09T12:20:06,442.96,43.42,agent-east-04
BUILD-0536,Org_C,flight-telemetry-ingest,SUCCESS,2026-08-09T12:31:00,2026-08-09T12:39:10,424.68,65.42,agent-west-03
BUILD-0537,Org_A,fraud-detection-service,SUCCESS,2026-08-09T12:57:00,2026-08-09T13:08:27,309.59,378.0,agent-east-04
BUILD-0538,Org_A,mobile-banking-api,SUCCESS,2026-08-09T13:18:00,2026-08-09T13:27:48,515.15,73.68,agent-east-01
BUILD-0539,Org_C,cargo-manifest-service,SUCCESS,2026-08-09T13:42:00,2026-08-09T13:44:40,154.3,6.15,agent-west-04
BUILD-0540,Org_B,claims-ingestion-pipeline,SUCCESS,2026-08-09T13:58:00,2026-08-09T14:06:42,467.5,54.75,agent-central-03
BUILD-0541,Org_A,fraud-detection-service,SUCCESS,2026-08-09T14:27:00,2026-08-09T14:35:59,531.08,8.0,agent-east-01
BUILD-0542,Org_B,ehr-bridge,SUCCESS,2026-08-09T14:45:00,2026-08-09T14:48:37,151.61,65.76,agent-central-02
BUILD-0543,Org_C,flight-telemetry-ingest,SUCCESS,2026-08-09T15:05:00,2026-08-09T15:17:29,699.63,49.99,agent-west-02
BUILD-0544,Org_A,customer-portal,SUCCESS,2026-08-09T15:25:00,2026-08-09T15:40:11,395.27,515.87,agent-east-03
BUILD-0545,Org_B,hipaa-compliance-scan,SUCCESS,2026-08-09T15:50:00,2026-08-09T15:56:45,308.23,96.78,agent-central-01
BUILD-0546,Org_B,provider-directory,SUCCESS,2026-08-09T16:14:00,2026-08-09T16:22:56,500.75,35.54,agent-central-03
BUILD-0547,Org_B,claims-ingestion-pipeline,SUCCESS,2026-08-09T16:36:00,2026-08-09T16:41:18,217.08,101.39,agent-central-03
BUILD-0548,Org_B,hipaa-compliance-scan,SUCCESS,2026-08-09T16:54:00,2026-08-09T16:58:56,284.39,11.9,agent-central-01
BUILD-0549,Org_B,ehr-bridge,SUCCESS,2026-08-09T17:19:00,2026-08-09T17:23:43,266.28,16.84,agent-central-02
BUILD-0550,Org_C,flight-telemetry-ingest,SUCCESS,2026-08-09T17:45:00,2026-08-09T17:56:34,328.89,365.65,agent-west-04
BUILD-0551,Org_B,provider-directory,FAILED,2026-08-09T17:58:00,2026-08-09T18:06:05,386.64,98.73,agent-central-03
BUILD-0552,Org_C,flight-telemetry-ingest,SUCCESS,2026-08-09T18:24:00,2026-08-09T18:28:46,278.91,8.0,agent-west-03
BUILD-0553,Org_C,cargo-manifest-service,SUCCESS,2026-08-09T18:47:00,2026-08-09T18:59:24,386.84,357.68,agent-west-05
BUILD-0554,Org_A,customer-portal,SUCCESS,2026-08-09T19:11:00,2026-08-09T19:24:13,300.32,492.84,agent-east-03
BUILD-0555,Org_B,provider-directory,SUCCESS,2026-08-09T19:26:00,2026-08-09T19:32:38,391.99,6.09,agent-central-01
BUILD-0556,Org_B,claims-ingestion-pipeline,SUCCESS,2026-08-09T19:52:00,2026-08-09T19:56:34,233.86,41.1,agent-central-02
BUILD-0557,Org_C,cargo-manifest-service,SUCCESS,2026-08-09T20:09:00,2026-08-09T20:12:08,154.93,33.73,agent-west-02
BUILD-0558,Org_B,claims-ingestion-pipeline,SUCCESS,2026-08-09T20:32:00,2026-08-09T20:42:47,639.07,8.0,agent-central-03
BUILD-0559,Org_C,cargo-manifest-service,FAILED,2026-08-09T21:02:00,2026-08-09T21:07:21,295.39,26.09,agent-west-03
BUILD-0560,Org_A,customer-portal,SUCCESS,2026-08-09T21:17:00,2026-08-09T21:21:21,242.15,18.96,agent-east-01
BUILD-0561,Org_A,payment-clearing-engine,SUCCESS,2026-08-09T21:44:00,2026-08-09T21:52:21,425.18,75.89,agent-east-02
BUILD-0562,Org_A,customer-portal,SUCCESS,2026-08-09T22:01:00,2026-08-09T22:10:12,414.02,138.68,agent-east-01
BUILD-0563,Org_C,flight-telemetry-ingest,CANCELLED,2026-08-09T22:26:00,2026-08-09T22:38:12,321.08,411.21,agent-west-04
BUILD-0564,Org_C,flight-telemetry-ingest,SUCCESS,2026-08-09T22:51:00,2026-08-09T22:59:14,457.32,36.88,agent-west-04
BUILD-0565,Org_C,safety-audit-service,SUCCESS,2026-08-09T23:11:00,2026-08-09T23:20:35,547.83,27.66,agent-west-02
BUILD-0566,Org_A,customer-portal,SUCCESS,2026-08-09T23:34:00,2026-08-09T23:37:53,216.24,17.16,agent-east-02
BUILD-0567,Org_C,cargo-manifest-service,FAILED,2026-08-09T23:59:00,2026-08-10T00:08:01,487.26,53.94,agent-west-02
BUILD-0568,Org_A,customer-portal,SUCCESS,2026-08-10T00:16:00,2026-08-10T00:30:13,391.22,462.77,agent-east-03
BUILD-0569,Org_A,customer-portal,SUCCESS,2026-08-10T00:34:00,2026-08-10T00:39:24,305.1,19.64,agent-east-04
BUILD-0570,Org_A,fraud-detection-service,SUCCESS,2026-08-10T01:03:00,2026-08-10T01:12:22,521.01,41.13,agent-east-02
BUILD-0571,Org_A,payment-clearing-engine,SUCCESS,2026-08-10T01:20:00,2026-08-10T01:31:52,662.92,49.29,agent-east-02
BUILD-0572,Org_C,safety-audit-service,SUCCESS,2026-08-10T01:41:00,2026-08-10T01:48:17,392.64,44.85,agent-west-05
BUILD-0573,Org_B,provider-directory,SUCCESS,2026-08-10T02:02:00,2026-08-10T02:12:06,553.51,52.94,agent-central-01
BUILD-0574,Org_B,ehr-bridge,SUCCESS,2026-08-10T02:27:00,2026-08-10T02:31:22,254.5,7.87,agent-central-03
BUILD-0575,Org_C,safety-audit-service,SUCCESS,2026-08-10T02:54:00,2026-08-10T03:04:25,534.64,90.62,agent-west-05
BUILD-0576,Org_C,safety-audit-service,SUCCESS,2026-08-10T03:17:00,2026-08-10T03:24:15,418.75,16.87,agent-west-01
BUILD-0577,Org_C,flight-telemetry-ingest,SUCCESS,2026-08-10T03:34:00,2026-08-10T03:39:10,295.72,15.01,agent-west-05
BUILD-0578,Org_B,provider-directory,SUCCESS,2026-08-10T03:56:00,2026-08-10T04:01:13,295.5,17.86,agent-central-01
BUILD-0579,Org_B,hipaa-compliance-scan,SUCCESS,2026-08-10T04:15:00,2026-08-10T04:19:13,226.48,26.86,agent-central-02
BUILD-0580,Org_A,mobile-banking-api,SUCCESS,2026-08-10T04:38:00,2026-08-10T04:42:46,272.72,14.19,agent-east-02
BUILD-0581,Org_B,claims-ingestion-pipeline,SUCCESS,2026-08-10T05:07:00,2026-08-10T05:16:01,472.71,68.35,agent-central-01
BUILD-0582,Org_B,ehr-bridge,SUCCESS,2026-08-10T05:28:00,2026-08-10T05:34:03,318.98,44.75,agent-central-03
BUILD-0583,Org_A,customer-portal,SUCCESS,2026-08-10T05:49:00,2026-08-10T05:54:04,264.28,40.03,agent-east-03
BUILD-0584,Org_B,claims-ingestion-pipeline,SUCCESS,2026-08-10T06:05:00,2026-08-10T06:13:40,475.08,45.6,agent-central-02
BUILD-0585,Org_C,safety-audit-service,SUCCESS,2026-08-10T06:34:00,2026-08-10T06:42:51,501.24,30.08,agent-west-05
BUILD-0586,Org_B,ehr-bridge,SUCCESS,2026-08-10T06:55:00,2026-08-10T07:03:26,440.76,65.74,agent-central-02
BUILD-0587,Org_A,fraud-detection-service,FAILED,2026-08-10T07:18:00,2026-08-10T07:23:46,340.22,5.8,agent-east-01
BUILD-0588,Org_A,payment-clearing-engine,SUCCESS,2026-08-10T07:41:00,2026-08-10T07:52:47,383.95,323.35,agent-east-04
BUILD-0589,Org_A,payment-clearing-engine,FAILED,2026-08-10T07:58:00,2026-08-10T08:05:22,363.54,78.7,agent-east-01
BUILD-0590,Org_A,customer-portal,SUCCESS,2026-08-10T08:19:00,2026-08-10T08:29:06,530.14,76.16,agent-east-01
BUILD-0591,Org_B,provider-directory,SUCCESS,2026-08-10T08:47:00,2026-08-10T08:52:02,266.55,36.17,agent-central-03
BUILD-0592,Org_C,safety-audit-service,SUCCESS,2026-08-10T09:03:00,2026-08-10T09:11:21,463.49,38.14,agent-west-05
BUILD-0593,Org_A,payment-clearing-engine,SUCCESS,2026-08-10T09:25:00,2026-08-10T09:33:22,494.86,8.0,agent-east-03
BUILD-0594,Org_C,flight-telemetry-ingest,SUCCESS,2026-08-10T09:47:00,2026-08-10T09:52:58,343.87,14.71,agent-west-04
BUILD-0595,Org_B,provider-directory,SUCCESS,2026-08-10T10:08:00,2026-08-10T10:13:33,322.95,10.44,agent-central-03
BUILD-0596,Org_B,provider-directory,SUCCESS,2026-08-10T10:31:00,2026-08-10T10:45:20,405.59,455.4,agent-central-02
BUILD-0597,Org_B,hipaa-compliance-scan,SUCCESS,2026-08-10T10:55:00,2026-08-10T11:03:13,388.36,104.86,agent-central-01
BUILD-0598,Org_B,claims-ingestion-pipeline,SUCCESS,2026-08-10T11:11:00,2026-08-10T11:20:09,112.63,436.66,agent-central-03
BUILD-0599,Org_B,ehr-bridge,SUCCESS,2026-08-10T11:39:00,2026-08-10T11:46:08,405.38,23.5,agent-central-03
BUILD-0600,Org_C,flight-telemetry-ingest,SUCCESS,2026-08-10T12:01:00,2026-08-10T12:12:50,255.66,454.55,agent-west-03
BUILD-0601,Org_B,provider-directory,SUCCESS,2026-08-10T12:20:00,2026-08-10T12:26:15,348.21,27.73,agent-central-02
BUILD-0602,Org_A,customer-portal,FAILED,2026-08-10T12:49:00,2026-08-10T13:03:31,422.76,448.88,agent-east-01
BUILD-0603,Org_B,hipaa-compliance-scan,SUCCESS,2026-08-10T13:06:00,2026-08-10T13:16:03,561.82,41.62,agent-central-03
BUILD-0604,Org_C,cargo-manifest-service,SUCCESS,2026-08-10T13:25:00,2026-08-10T13:29:48,274.01,14.92,agent-west-03
BUILD-0605,Org_A,mobile-banking-api,SUCCESS,2026-08-10T13:50:00,2026-08-10T13:54:36,265.55,11.21,agent-east-04
BUILD-0606,Org_C,safety-audit-service,SUCCESS,2026-08-10T14:11:00,2026-08-10T14:14:14,182.39,12.5,agent-west-05
BUILD-0607,Org_B,claims-ingestion-pipeline,SUCCESS,2026-08-10T14:33:00,2026-08-10T14:42:23,535.53,28.31,agent-central-02
BUILD-0608,Org_B,ehr-bridge,SUCCESS,2026-08-10T14:57:00,2026-08-10T14:59:40,106.13,54.33,agent-central-03
BUILD-0609,Org_B,hipaa-compliance-scan,SUCCESS,2026-08-10T15:16:00,2026-08-10T15:29:15,360.78,434.61,agent-central-02
BUILD-0610,Org_C,flight-telemetry-ingest,SUCCESS,2026-08-10T15:41:00,2026-08-10T15:52:41,244.89,456.21,agent-west-01
BUILD-0611,Org_C,flight-telemetry-ingest,SUCCESS,2026-08-10T16:00:00,2026-08-10T16:03:46,218.47,7.86,agent-west-02
BUILD-0612,Org_A,payment-clearing-engine,SUCCESS,2026-08-10T16:29:00,2026-08-10T16:43:26,324.01,542.81,agent-east-01
BUILD-0613,Org_C,safety-audit-service,SUCCESS,2026-08-10T16:46:00,2026-08-10T16:49:37,210.31,6.7,agent-west-03
BUILD-0614,Org_B,provider-directory,SUCCESS,2026-08-10T17:03:00,2026-08-10T17:11:59,449.99,89.81,agent-central-03
BUILD-0615,Org_B,ehr-bridge,SUCCESS,2026-08-10T17:27:00,2026-08-10T17:38:26,625.15,61.17,agent-central-02
BUILD-0616,Org_B,hipaa-compliance-scan,SUCCESS,2026-08-10T17:53:00,2026-08-10T17:56:31,181.34,29.78,agent-central-01
BUILD-0617,Org_C,flight-telemetry-ingest,CANCELLED,2026-08-10T18:17:00,2026-08-10T18:24:33,431.82,21.25,agent-west-04
BUILD-0618,Org_A,fraud-detection-service,SUCCESS,2026-08-10T18:40:00,2026-08-10T18:51:12,605.4,67.2,agent-east-02
BUILD-0619,Org_B,hipaa-compliance-scan,SUCCESS,2026-08-10T18:53:00,2026-08-10T19:01:18,466.48,31.61,agent-central-02
BUILD-0620,Org_B,hipaa-compliance-scan,SUCCESS,2026-08-10T19:23:00,2026-08-10T19:27:17,245.38,12.47,agent-central-03
BUILD-0621,Org_C,cargo-manifest-service,SUCCESS,2026-08-10T19:39:00,2026-08-10T19:52:52,271.2,561.24,agent-west-02
BUILD-0622,Org_B,ehr-bridge,SUCCESS,2026-08-10T20:04:00,2026-08-10T20:08:25,242.69,23.21,agent-central-03
BUILD-0623,Org_C,cargo-manifest-service,SUCCESS,2026-08-10T20:23:00,2026-08-10T20:27:29,253.42,15.94,agent-west-05
BUILD-0624,Org_A,payment-clearing-engine,SUCCESS,2026-08-10T20:50:00,2026-08-10T20:54:32,265.09,6.92,agent-east-02
BUILD-0625,Org_A,fraud-detection-service,SUCCESS,2026-08-10T21:09:00,2026-08-10T21:15:14,369.53,5.35,agent-east-02
BUILD-0626,Org_B,ehr-bridge,SUCCESS,2026-08-10T21:37:00,2026-08-10T21:41:22,250.61,11.41,agent-central-03
BUILD-0627,Org_B,provider-directory,SUCCESS,2026-08-10T21:50:00,2026-08-10T21:55:21,307.07,14.53,agent-central-02
BUILD-0628,Org_A,mobile-banking-api,SUCCESS,2026-08-10T22:14:00,2026-08-10T22:20:20,356.64,24.26,agent-east-02
BUILD-0629,Org_B,ehr-bridge,SUCCESS,2026-08-10T22:37:00,2026-08-10T22:44:10,368.08,61.98,agent-central-03
BUILD-0630,Org_B,hipaa-compliance-scan,SUCCESS,2026-08-10T22:56:00,2026-08-10T22:59:54,225.57,8.87,agent-central-01
BUILD-0631,Org_C,safety-audit-service,SUCCESS,2026-08-10T23:24:00,2026-08-10T23:33:29,514.31,55.05,agent-west-01
BUILD-0632,Org_B,ehr-bridge,SUCCESS,2026-08-10T23:49:00,2026-08-10T23:53:38,245.45,33.12,agent-central-02
BUILD-0633,Org_A,customer-portal,SUCCESS,2026-08-11T00:07:00,2026-08-11T00:18:19,302.01,377.54,agent-east-04
BUILD-0634,Org_A,customer-portal,SUCCESS,2026-08-11T00:23:00,2026-08-11T00:31:22,457.38,44.7,agent-east-03
BUILD-0635,Org_A,payment-clearing-engine,SUCCESS,2026-08-11T00:52:00,2026-08-11T01:03:11,258.75,412.75,agent-east-03
BUILD-0636,Org_A,fraud-detection-service,SUCCESS,2026-08-11T01:14:00,2026-08-11T01:29:06,360.92,545.95,agent-east-04
BUILD-0637,Org_A,mobile-banking-api,SUCCESS,2026-08-11T01:39:00,2026-08-11T01:40:53,107.63,5.8,agent-east-03
BUILD-0638,Org_B,provider-directory,SUCCESS,2026-08-11T01:57:00,2026-08-11T02:08:28,591.74,97.0,agent-central-02
BUILD-0639,Org_A,customer-portal,SUCCESS,2026-08-11T02:13:00,2026-08-11T02:19:45,397.01,8.0,agent-east-01
BUILD-0640,Org_B,claims-ingestion-pipeline,SUCCESS,2026-08-11T02:35:00,2026-08-11T02:44:22,477.59,84.8,agent-central-03
BUILD-0641,Org_A,payment-clearing-engine,SUCCESS,2026-08-11T03:02:00,2026-08-11T03:07:25,301.1,24.71,agent-east-04
BUILD-0642,Org_C,cargo-manifest-service,SUCCESS,2026-08-11T03:21:00,2026-08-11T03:32:49,378.25,331.37,agent-west-01
BUILD-0643,Org_A,payment-clearing-engine,SUCCESS,2026-08-11T03:41:00,2026-08-11T03:54:17,268.9,528.7,agent-east-01
BUILD-0644,Org_A,fraud-detection-service,SUCCESS,2026-08-11T04:13:00,2026-08-11T04:21:10,394.37,95.79,agent-east-01
BUILD-0645,Org_A,payment-clearing-engine,SUCCESS,2026-08-11T04:35:00,2026-08-11T04:43:31,466.61,44.56,agent-east-01
BUILD-0646,Org_B,provider-directory,SUCCESS,2026-08-11T04:49:00,2026-08-11T04:57:20,445.45,54.59,agent-central-02
BUILD-0647,Org_C,flight-telemetry-ingest,SUCCESS,2026-08-11T05:14:00,2026-08-11T05:19:02,288.73,13.97,agent-west-03
BUILD-0648,Org_A,customer-portal,SUCCESS,2026-08-11T05:41:00,2026-08-11T05:55:53,358.95,534.12,agent-east-03
BUILD-0649,Org_A,payment-clearing-engine,SUCCESS,2026-08-11T05:58:00,2026-08-11T06:03:10,278.91,31.64,agent-east-03
BUILD-0650,Org_A,customer-portal,SUCCESS,2026-08-11T06:21:00,2026-08-11T06:26:38,330.82,8.0,agent-east-03
BUILD-0651,Org_A,mobile-banking-api,SUCCESS,2026-08-11T06:37:00,2026-08-11T06:40:01,143.05,38.55,agent-east-02
BUILD-0652,Org_A,fraud-detection-service,SUCCESS,2026-08-11T07:00:00,2026-08-11T07:09:34,477.31,97.03,agent-east-03
BUILD-0653,Org_B,provider-directory,SUCCESS,2026-08-11T07:22:00,2026-08-11T07:27:05,287.85,18.09,agent-central-02
BUILD-0654,Org_C,cargo-manifest-service,SUCCESS,2026-08-11T07:45:00,2026-08-11T07:54:48,440.71,147.34,agent-west-04
BUILD-0655,Org_B,ehr-bridge,SUCCESS,2026-08-11T08:14:00,2026-08-11T08:28:11,347.0,504.54,agent-central-01
BUILD-0656,Org_A,customer-portal,SUCCESS,2026-08-11T08:27:00,2026-08-11T08:34:52,437.12,35.2,agent-east-01
BUILD-0657,Org_C,cargo-manifest-service,FAILED,2026-08-11T08:53:00,2026-08-11T09:01:07,126.01,361.21,agent-west-01
BUILD-0658,Org_A,mobile-banking-api,SUCCESS,2026-08-11T09:13:00,2026-08-11T09:24:51,624.33,87.59,agent-east-02
BUILD-0659,Org_A,payment-clearing-engine,SUCCESS,2026-08-11T09:40:00,2026-08-11T09:50:37,230.95,406.05,agent-east-02
BUILD-0660,Org_A,mobile-banking-api,SUCCESS,2026-08-11T10:00:00,2026-08-11T10:04:04,236.37,8.48,agent-east-02
BUILD-0661,Org_C,safety-audit-service,SUCCESS,2026-08-11T10:20:00,2026-08-11T10:33:08,408.41,380.57,agent-west-04
BUILD-0662,Org_B,hipaa-compliance-scan,SUCCESS,2026-08-11T10:43:00,2026-08-11T11:00:12,944.4,88.43,agent-central-02
BUILD-0663,Org_A,fraud-detection-service,FAILED,2026-08-11T11:11:00,2026-08-11T11:23:04,585.43,138.59,agent-east-04
BUILD-0664,Org_B,claims-ingestion-pipeline,SUCCESS,2026-08-11T11:25:00,2026-08-11T11:37:29,693.5,55.92,agent-central-02
BUILD-0665,Org_A,payment-clearing-engine,SUCCESS,2026-08-11T11:45:00,2026-08-11T11:56:49,345.06,364.88,agent-east-01
BUILD-0666,Org_C,flight-telemetry-ingest,SUCCESS,2026-08-11T12:16:00,2026-08-11T12:19:44,216.39,8.42,agent-west-01
BUILD-0667,Org_B,provider-directory,SUCCESS,2026-08-11T12:33:00,2026-08-11T12:40:54,441.05,33.15,agent-central-03
BUILD-0668,Org_A,payment-clearing-engine,FAILED,2026-08-11T12:57:00,2026-08-11T13:08:42,676.35,26.07,agent-east-02
BUILD-0669,Org_C,flight-telemetry-ingest,FAILED,2026-08-11T13:22:00,2026-08-11T13:29:44,432.58,31.71,agent-west-04
BUILD-0670,Org_A,customer-portal,SUCCESS,2026-08-11T13:45:00,2026-08-11T13:50:14,268.89,45.29,agent-east-01
BUILD-0671,Org_B,claims-ingestion-pipeline,SUCCESS,2026-08-11T14:07:00,2026-08-11T14:18:29,668.98,20.88,agent-central-01
BUILD-0672,Org_C,safety-audit-service,SUCCESS,2026-08-11T14:29:00,2026-08-11T14:36:49,461.11,8.0,agent-west-01
BUILD-0673,Org_A,payment-clearing-engine,SUCCESS,2026-08-11T14:42:00,2026-08-11T14:44:31,115.26,36.59,agent-east-04
BUILD-0674,Org_C,safety-audit-service,SUCCESS,2026-08-11T15:09:00,2026-08-11T15:21:10,248.99,481.14,agent-west-05
BUILD-0675,Org_C,cargo-manifest-service,SUCCESS,2026-08-11T15:27:00,2026-08-11T15:31:57,280.68,16.86,agent-west-04
BUILD-0676,Org_B,claims-ingestion-pipeline,SUCCESS,2026-08-11T15:54:00,2026-08-11T16:01:43,441.38,22.44,agent-central-03
BUILD-0677,Org_C,safety-audit-service,FAILED,2026-08-11T16:12:00,2026-08-11T16:17:08,276.47,32.1,agent-west-05
BUILD-0678,Org_B,provider-directory,SUCCESS,2026-08-11T16:39:00,2026-08-11T16:49:06,557.02,49.46,agent-central-03
BUILD-0679,Org_C,safety-audit-service,SUCCESS,2026-08-11T16:53:00,2026-08-11T17:06:20,266.2,533.88,agent-west-03
BUILD-0680,Org_A,fraud-detection-service,SUCCESS,2026-08-11T17:18:00,2026-08-11T17:27:38,156.07,422.52,agent-east-02
BUILD-0681,Org_A,fraud-detection-service,SUCCESS,2026-08-11T17:37:00,2026-08-11T17:41:06,221.51,25.29,agent-east-02
BUILD-0682,Org_C,safety-audit-service,SUCCESS,2026-08-11T18:07:00,2026-08-11T18:17:43,577.82,65.36,agent-west-01
BUILD-0683,Org_C,cargo-manifest-service,SUCCESS,2026-08-11T18:30:00,2026-08-11T18:35:55,323.12,32.72,agent-west-03
BUILD-0684,Org_A,customer-portal,SUCCESS,2026-08-11T18:44:00,2026-08-11T18:49:22,311.67,10.88,agent-east-03
BUILD-0685,Org_C,cargo-manifest-service,SUCCESS,2026-08-11T19:10:00,2026-08-11T19:19:00,394.21,145.8,agent-west-01
BUILD-0686,Org_A,mobile-banking-api,SUCCESS,2026-08-11T19:27:00,2026-08-11T19:37:15,210.49,405.49,agent-east-02
BUILD-0687,Org_A,customer-portal,SUCCESS,2026-08-11T19:54:00,2026-08-11T20:05:13,163.32,510.6,agent-east-01
BUILD-0688,Org_A,mobile-banking-api,SUCCESS,2026-08-11T20:14:00,2026-08-11T20:22:34,488.54,26.23,agent-east-01
BUILD-0689,Org_C,cargo-manifest-service,FAILED,2026-08-11T20:35:00,2026-08-11T20:38:33,175.54,37.51,agent-west-03
BUILD-0690,Org_C,safety-audit-service,SUCCESS,2026-08-11T21:00:00,2026-08-11T21:05:49,312.24,37.62,agent-west-01
BUILD-0691,Org_A,customer-portal,SUCCESS,2026-08-11T21:21:00,2026-08-11T21:34:23,277.16,526.17,agent-east-04
BUILD-0692,Org_A,customer-portal,SUCCESS,2026-08-11T21:40:00,2026-08-11T21:44:49,263.96,25.67,agent-east-02
BUILD-0693,Org_B,provider-directory,SUCCESS,2026-08-11T22:02:00,2026-08-11T22:10:47,444.62,83.35,agent-central-02
BUILD-0694,Org_A,fraud-detection-service,SUCCESS,2026-08-11T22:31:00,2026-08-11T22:45:26,318.55,547.72,agent-east-03
BUILD-0695,Org_C,safety-audit-service,CANCELLED,2026-08-11T22:52:00,2026-08-11T23:01:00,442.61,98.05,agent-west-04
BUILD-0696,Org_B,hipaa-compliance-scan,SUCCESS,2026-08-11T23:15:00,2026-08-11T23:17:51,148.3,22.87,agent-central-02
BUILD-0697,Org_C,flight-telemetry-ingest,SUCCESS,2026-08-11T23:32:00,2026-08-11T23:40:15,386.5,108.51,agent-west-01
BUILD-0698,Org_A,payment-clearing-engine,SUCCESS,2026-08-11T23:59:00,2026-08-12T00:04:35,262.29,72.98,agent-east-01
BUILD-0699,Org_B,provider-directory,SUCCESS,2026-08-12T00:23:00,2026-08-12T00:33:08,524.8,84.09,agent-central-01
BUILD-0700,Org_B,hipaa-compliance-scan,SUCCESS,2026-08-12T00:45:00,2026-08-12T00:49:29,234.5,35.09,agent-central-01
BUILD-0701,Org_C,cargo-manifest-service,SUCCESS,2026-08-12T01:02:00,2026-08-12T01:05:46,212.02,13.98,agent-west-01
BUILD-0702,Org_C,flight-telemetry-ingest,FAILED,2026-08-12T01:20:00,2026-08-12T01:30:17,557.23,60.07,agent-west-05
BUILD-0703,Org_C,flight-telemetry-ingest,SUCCESS,2026-08-12T01:49:00,2026-08-12T01:55:56,339.3,76.93,agent-west-02
BUILD-0704,Org_A,payment-clearing-engine,SUCCESS,2026-08-12T02:08:00,2026-08-12T02:14:00,197.01,163.95,agent-east-01
BUILD-0705,Org_A,mobile-banking-api,FAILED,2026-08-12T02:34:00,2026-08-12T02:46:42,329.38,433.59,agent-east-01
BUILD-0706,Org_A,payment-clearing-engine,SUCCESS,2026-08-12T02:47:00,2026-08-12T02:56:35,510.74,64.97,agent-east-03
BUILD-0707,Org_B,ehr-bridge,SUCCESS,2026-08-12T03:14:00,2026-08-12T03:19:00,273.35,27.39,agent-central-01
BUILD-0708,Org_A,mobile-banking-api,SUCCESS,2026-08-12T03:35:00,2026-08-12T03:45:04,585.28,18.88,agent-east-03
BUILD-0709,Org_C,flight-telemetry-ingest,SUCCESS,2026-08-12T03:57:00,2026-08-12T04:03:29,315.74,73.76,agent-west-04
BUILD-0710,Org_A,mobile-banking-api,SUCCESS,2026-08-12T04:23:00,2026-08-12T04:38:14,289.87,624.58,agent-east-02
BUILD-0711,Org_B,claims-ingestion-pipeline,SUCCESS,2026-08-12T04:47:00,2026-08-12T04:52:59,322.7,36.78,agent-central-02
BUILD-0712,Org_A,customer-portal,SUCCESS,2026-08-12T05:09:00,2026-08-12T05:18:45,500.98,84.11,agent-east-03
BUILD-0713,Org_B,claims-ingestion-pipeline,SUCCESS,2026-08-12T05:22:00,2026-08-12T05:27:16,275.14,41.37,agent-central-02
BUILD-0714,Org_A,customer-portal,SUCCESS,2026-08-12T05:52:00,2026-08-12T06:06:33,284.7,588.61,agent-east-04
BUILD-0715,Org_C,cargo-manifest-service,CANCELLED,2026-08-12T06:09:00,2026-08-12T06:18:38,500.93,77.79,agent-west-03
BUILD-0716,Org_B,claims-ingestion-pipeline,FAILED,2026-08-12T06:30:00,2026-08-12T06:38:26,448.36,58.03,agent-central-03
BUILD-0717,Org_B,hipaa-compliance-scan,SUCCESS,2026-08-12T06:55:00,2026-08-12T07:01:46,286.32,120.0,agent-central-01
BUILD-0718,Org_B,claims-ingestion-pipeline,SUCCESS,2026-08-12T07:12:00,2026-08-12T07:19:36,370.52,86.12,agent-central-03
BUILD-0719,Org_A,payment-clearing-engine,SUCCESS,2026-08-12T07:36:00,2026-08-12T07:46:02,545.89,56.14,agent-east-01
BUILD-0720,Org_A,payment-clearing-engine,SUCCESS,2026-08-12T08:04:00,2026-08-12T08:18:22,819.21,43.31,agent-east-04
BUILD-0721,Org_A,mobile-banking-api,SUCCESS,2026-08-12T08:21:00,2026-08-12T08:30:07,539.56,8.0,agent-east-04
BUILD-0722,Org_A,fraud-detection-service,SUCCESS,2026-08-12T08:41:00,2026-08-12T08:50:35,497.29,78.34,agent-east-02
BUILD-0723,Org_B,provider-directory,SUCCESS,2026-08-12T09:03:00,2026-08-12T09:12:12,447.28,105.14,agent-central-03
BUILD-0724,Org_C,safety-audit-service,SUCCESS,2026-08-12T09:26:00,2026-08-12T09:34:15,462.4,33.2,agent-west-05
BUILD-0725,Org_A,customer-portal,SUCCESS,2026-08-12T09:48:00,2026-08-12T09:53:09,292.24,17.32,agent-east-04
BUILD-0726,Org_B,provider-directory,SUCCESS,2026-08-12T10:15:00,2026-08-12T10:18:49,222.2,6.8,agent-central-03
BUILD-0727,Org_A,mobile-banking-api,FAILED,2026-08-12T10:39:00,2026-08-12T10:49:23,615.96,8.0,agent-east-02
BUILD-0728,Org_B,ehr-bridge,SUCCESS,2026-08-12T10:56:00,2026-08-12T11:02:17,327.38,49.73,agent-central-03
BUILD-0729,Org_A,mobile-banking-api,FAILED,2026-08-12T11:15:00,2026-08-12T11:23:49,149.52,380.39,agent-east-04
BUILD-0730,Org_C,cargo-manifest-service,SUCCESS,2026-08-12T11:41:00,2026-08-12T11:54:30,349.72,461.26,agent-west-03
BUILD-0731,Org_A,fraud-detection-service,FAILED,2026-08-12T12:05:00,2026-08-12T12:11:52,370.72,42.09,agent-east-02
BUILD-0732,Org_A,mobile-banking-api,FAILED,2026-08-12T12:20:00,2026-08-12T12:24:13,241.52,12.18,agent-east-04
BUILD-0733,Org_A,payment-clearing-engine,SUCCESS,2026-08-12T12:49:00,2026-08-12T13:02:48,784.81,43.42,agent-east-01
BUILD-0734,Org_A,mobile-banking-api,SUCCESS,2026-08-12T13:09:00,2026-08-12T13:23:24,311.38,552.79,agent-east-02
BUILD-0735,Org_B,hipaa-compliance-scan,SUCCESS,2026-08-12T13:35:00,2026-08-12T13:42:27,378.66,68.98,agent-central-01
BUILD-0736,Org_A,payment-clearing-engine,SUCCESS,2026-08-12T13:52:00,2026-08-12T14:02:59,295.35,364.08,agent-east-01
BUILD-0737,Org_C,safety-audit-service,FAILED,2026-08-12T14:19:00,2026-08-12T14:28:39,510.11,69.55,agent-west-02
BUILD-0738,Org_B,ehr-bridge,SUCCESS,2026-08-12T14:32:00,2026-08-12T14:40:02,355.01,127.39,agent-central-01
BUILD-0739,Org_C,flight-telemetry-ingest,SUCCESS,2026-08-12T15:00:00,2026-08-12T15:07:03,379.14,44.16,agent-west-04
BUILD-0740,Org_C,flight-telemetry-ingest,SUCCESS,2026-08-12T15:17:00,2026-08-12T15:23:55,345.17,69.84,agent-west-05
BUILD-0741,Org_A,payment-clearing-engine,SUCCESS,2026-08-12T15:40:00,2026-08-12T15:54:14,816.74,37.38,agent-east-03
BUILD-0742,Org_B,claims-ingestion-pipeline,SUCCESS,2026-08-12T16:02:00,2026-08-12T16:10:37,452.42,65.11,agent-central-02
BUILD-0743,Org_C,safety-audit-service,SUCCESS,2026-08-12T16:31:00,2026-08-12T16:40:57,563.34,33.82,agent-west-01
BUILD-0744,Org_C,safety-audit-service,SUCCESS,2026-08-12T16:50:00,2026-08-12T16:58:01,441.3,40.66,agent-west-01
BUILD-0745,Org_B,claims-ingestion-pipeline,SUCCESS,2026-08-12T17:06:00,2026-08-12T17:18:54,261.45,512.72,agent-central-01
BUILD-0746,Org_B,ehr-bridge,SUCCESS,2026-08-12T17:32:00,2026-08-12T17:37:13,275.53,38.09,agent-central-03
BUILD-0747,Org_B,ehr-bridge,SUCCESS,2026-08-12T17:54:00,2026-08-12T17:59:00,288.73,12.21,agent-central-02
BUILD-0748,Org_C,cargo-manifest-service,SUCCESS,2026-08-12T18:12:00,2026-08-12T18:15:39,190.31,29.68,agent-west-05
BUILD-0749,Org_C,flight-telemetry-ingest,SUCCESS,2026-08-12T18:41:00,2026-08-12T18:53:12,299.79,432.26,agent-west-01
BUILD-0750,Org_B,ehr-bridge,SUCCESS,2026-08-12T18:58:00,2026-08-12T19:05:47,435.15,32.02,agent-central-02
BUILD-0751,Org_C,flight-telemetry-ingest,SUCCESS,2026-08-12T19:20:00,2026-08-12T19:25:04,298.97,5.08,agent-west-05
BUILD-0752,Org_B,ehr-bridge,SUCCESS,2026-08-12T19:46:00,2026-08-12T19:49:40,208.66,12.26,agent-central-01
BUILD-0753,Org_A,payment-clearing-engine,SUCCESS,2026-08-12T20:10:00,2026-08-12T20:19:15,510.75,44.47,agent-east-01
BUILD-0754,Org_B,hipaa-compliance-scan,SUCCESS,2026-08-12T20:28:00,2026-08-12T20:38:07,520.72,87.02,agent-central-01
BUILD-0755,Org_B,provider-directory,SUCCESS,2026-08-12T20:45:00,2026-08-12T20:56:12,634.14,37.96,agent-central-02
BUILD-0756,Org_A,payment-clearing-engine,SUCCESS,2026-08-12T21:10:00,2026-08-12T21:13:41,208.93,12.23,agent-east-04
BUILD-0757,Org_A,mobile-banking-api,SUCCESS,2026-08-12T21:39:00,2026-08-12T21:44:14,244.07,70.2,agent-east-01
BUILD-0758,Org_A,fraud-detection-service,SUCCESS,2026-08-12T21:54:00,2026-08-12T21:56:59,142.21,37.16,agent-east-03
BUILD-0759,Org_C,safety-audit-service,SUCCESS,2026-08-12T22:20:00,2026-08-12T22:25:41,331.55,10.37,agent-west-01
BUILD-0760,Org_A,customer-portal,SUCCESS,2026-08-12T22:45:00,2026-08-12T22:58:58,325.82,512.78,agent-east-01
BUILD-0761,Org_A,mobile-banking-api,SUCCESS,2026-08-12T22:57:00,2026-08-12T23:04:38,440.99,17.26,agent-east-04
BUILD-0762,Org_A,payment-clearing-engine,SUCCESS,2026-08-12T23:24:00,2026-08-12T23:30:56,357.82,58.6,agent-east-04
BUILD-0763,Org_C,safety-audit-service,SUCCESS,2026-08-12T23:44:00,2026-08-12T23:50:08,360.83,8.0,agent-west-03
BUILD-0764,Org_C,flight-telemetry-ingest,SUCCESS,2026-08-13T00:10:00,2026-08-13T00:15:08,289.25,18.99,agent-west-02
BUILD-0765,Org_C,cargo-manifest-service,SUCCESS,2026-08-13T00:28:00,2026-08-13T00:36:47,451.53,75.54,agent-west-01
BUILD-0766,Org_B,provider-directory,SUCCESS,2026-08-13T00:54:00,2026-08-13T00:59:52,293.97,58.69,agent-central-01
BUILD-0767,Org_C,flight-telemetry-ingest,SUCCESS,2026-08-13T01:10:00,2026-08-13T01:16:16,327.82,48.78,agent-west-03
BUILD-0768,Org_B,ehr-bridge,SUCCESS,2026-08-13T01:39:00,2026-08-13T01:43:08,238.78,9.45,agent-central-03
BUILD-0769,Org_A,customer-portal,SUCCESS,2026-08-13T02:02:00,2026-08-13T02:05:45,209.42,15.76,agent-east-01
BUILD-0770,Org_B,provider-directory,SUCCESS,2026-08-13T02:21:00,2026-08-13T02:37:18,916.46,62.53,agent-central-03
BUILD-0771,Org_B,hipaa-compliance-scan,SUCCESS,2026-08-13T02:38:00,2026-08-13T02:46:01,379.36,101.83,agent-central-01
BUILD-0772,Org_C,flight-telemetry-ingest,SUCCESS,2026-08-13T03:03:00,2026-08-13T03:15:06,421.45,305.0,agent-west-01
BUILD-0773,Org_B,ehr-bridge,SUCCESS,2026-08-13T03:22:00,2026-08-13T03:34:05,259.05,466.88,agent-central-02
BUILD-0774,Org_A,customer-portal,SUCCESS,2026-08-13T03:45:00,2026-08-13T03:52:03,415.15,8.0,agent-east-03
BUILD-0775,Org_C,safety-audit-service,SUCCESS,2026-08-13T04:06:00,2026-08-13T04:11:02,235.1,67.46,agent-west-02
BUILD-0776,Org_A,customer-portal,SUCCESS,2026-08-13T04:29:00,2026-08-13T04:40:40,610.17,90.76,agent-east-02
BUILD-0777,Org_C,cargo-manifest-service,SUCCESS,2026-08-13T04:52:00,2026-08-13T04:59:55,443.24,32.19,agent-west-03
BUILD-0778,Org_A,mobile-banking-api,SUCCESS,2026-08-13T05:21:00,2026-08-13T05:33:25,261.79,483.64,agent-east-03
BUILD-0779,Org_C,cargo-manifest-service,SUCCESS,2026-08-13T05:41:00,2026-08-13T05:43:24,139.3,5.63,agent-west-01
BUILD-0780,Org_A,customer-portal,SUCCESS,2026-08-13T06:03:00,2026-08-13T06:08:43,330.36,13.48,agent-east-03
BUILD-0781,Org_A,mobile-banking-api,SUCCESS,2026-08-13T06:20:00,2026-08-13T06:24:23,249.04,14.46,agent-east-04
BUILD-0782,Org_A,customer-portal,SUCCESS,2026-08-13T06:42:00,2026-08-13T06:54:30,339.74,411.07,agent-east-02
BUILD-0783,Org_A,payment-clearing-engine,SUCCESS,2026-08-13T07:05:00,2026-08-13T07:20:03,338.67,565.24,agent-east-02
BUILD-0784,Org_B,provider-directory,SUCCESS,2026-08-13T07:31:00,2026-08-13T07:37:20,266.27,114.12,agent-central-01
BUILD-0785,Org_A,fraud-detection-service,SUCCESS,2026-08-13T07:51:00,2026-08-13T08:05:17,307.46,550.1,agent-east-01
BUILD-0786,Org_C,safety-audit-service,SUCCESS,2026-08-13T08:12:00,2026-08-13T08:17:44,291.2,53.74,agent-west-04
BUILD-0787,Org_C,flight-telemetry-ingest,SUCCESS,2026-08-13T08:35:00,2026-08-13T08:40:51,300.32,50.97,agent-west-01
BUILD-0788,Org_A,fraud-detection-service,SUCCESS,2026-08-13T08:53:00,2026-08-13T09:00:37,445.24,12.39,agent-east-02
BUILD-0789,Org_A,customer-portal,FAILED,2026-08-13T09:18:00,2026-08-13T09:34:39,387.36,612.02,agent-east-04
BUILD-0790,Org_B,claims-ingestion-pipeline,SUCCESS,2026-08-13T09:45:00,2026-08-13T09:53:09,392.52,96.52,agent-central-03
BUILD-0791,Org_A,fraud-detection-service,FAILED,2026-08-13T10:02:00,2026-08-13T10:10:18,404.38,94.37,agent-east-02
BUILD-0792,Org_C,safety-audit-service,SUCCESS,2026-08-13T10:26:00,2026-08-13T10:30:26,215.02,51.37,agent-west-03
BUILD-0793,Org_C,flight-telemetry-ingest,SUCCESS,2026-08-13T10:47:00,2026-08-13T10:55:41,479.58,41.75,agent-west-03
BUILD-0794,Org_A,customer-portal,SUCCESS,2026-08-13T11:08:00,2026-08-13T11:15:20,403.73,37.12,agent-east-01
BUILD-0795,Org_C,cargo-manifest-service,SUCCESS,2026-08-13T11:29:00,2026-08-13T11:33:39,261.88,17.36,agent-west-01
BUILD-0796,Org_C,safety-audit-service,SUCCESS,2026-08-13T11:57:00,2026-08-13T12:03:57,390.86,26.62,agent-west-04
BUILD-0797,Org_A,mobile-banking-api,SUCCESS,2026-08-13T12:14:00,2026-08-13T12:22:14,449.86,44.63,agent-east-04
BUILD-0798,Org_C,cargo-manifest-service,SUCCESS,2026-08-13T12:35:00,2026-08-13T12:41:25,346.36,39.61,agent-west-01
BUILD-0799,Org_A,mobile-banking-api,SUCCESS,2026-08-13T13:01:00,2026-08-13T13:20:00,1052.54,87.85,agent-east-02
BUILD-0800,Org_B,ehr-bridge,SUCCESS,2026-08-13T13:19:00,2026-08-13T13:28:01,451.08,90.36,agent-central-03
BUILD-0801,Org_A,payment-clearing-engine,SUCCESS,2026-08-13T13:46:00,2026-08-13T13:58:28,327.46,420.99,agent-east-02
BUILD-0802,Org_B,hipaa-compliance-scan,SUCCESS,2026-08-13T14:09:00,2026-08-13T14:10:59,98.05,21.41,agent-central-01
BUILD-0803,Org_B,ehr-bridge,SUCCESS,2026-08-13T14:21:00,2026-08-13T14:26:00,266.72,34.06,agent-central-01
BUILD-0804,Org_C,cargo-manifest-service,SUCCESS,2026-08-13T14:49:00,2026-08-13T14:59:57,317.49,340.48,agent-west-04
BUILD-0805,Org_C,flight-telemetry-ingest,SUCCESS,2026-08-13T15:08:00,2026-08-13T15:19:48,700.61,8.0,agent-west-03
BUILD-0806,Org_C,flight-telemetry-ingest,SUCCESS,2026-08-13T15:29:00,2026-08-13T15:38:39,502.76,76.45,agent-west-04
BUILD-0807,Org_A,customer-portal,SUCCESS,2026-08-13T15:58:00,2026-08-13T16:11:23,319.44,483.9,agent-east-01
BUILD-0808,Org_A,mobile-banking-api,SUCCESS,2026-08-13T16:16:00,2026-08-13T16:19:54,196.01,38.47,agent-east-01
BUILD-0809,Org_A,fraud-detection-service,SUCCESS,2026-08-13T16:39:00,2026-08-13T16:48:38,463.42,115.28,agent-east-01
BUILD-0810,Org_A,payment-clearing-engine,SUCCESS,2026-08-13T17:01:00,2026-08-13T17:13:04,268.93,455.8,agent-east-02
BUILD-0811,Org_C,flight-telemetry-ingest,SUCCESS,2026-08-13T17:21:00,2026-08-13T17:33:15,691.82,43.31,agent-west-01
BUILD-0812,Org_C,cargo-manifest-service,SUCCESS,2026-08-13T17:39:00,2026-08-13T17:47:16,437.42,59.04,agent-west-02
BUILD-0813,Org_B,claims-ingestion-pipeline,SUCCESS,2026-08-13T18:01:00,2026-08-13T18:05:55,246.89,48.15,agent-central-02
BUILD-0814,Org_C,flight-telemetry-ingest,SUCCESS,2026-08-13T18:33:00,2026-08-13T18:36:42,185.97,36.15,agent-west-02
BUILD-0815,Org_A,customer-portal,FAILED,2026-08-13T18:52:00,2026-08-13T19:02:44,309.21,335.35,agent-east-04
BUILD-0816,Org_A,fraud-detection-service,SUCCESS,2026-08-13T19:10:00,2026-08-13T19:14:50,268.66,22.04,agent-east-01
BUILD-0817,Org_C,safety-audit-service,SUCCESS,2026-08-13T19:33:00,2026-08-13T19:41:31,499.84,11.86,agent-west-03
BUILD-0818,Org_C,safety-audit-service,SUCCESS,2026-08-13T19:57:00,2026-08-13T20:01:36,257.6,18.44,agent-west-05
BUILD-0819,Org_A,fraud-detection-service,FAILED,2026-08-13T20:23:00,2026-08-13T20:26:45,212.67,12.99,agent-east-03
BUILD-0820,Org_C,flight-telemetry-ingest,SUCCESS,2026-08-13T20:45:00,2026-08-13T20:51:00,326.95,33.58,agent-west-02
BUILD-0821,Org_B,hipaa-compliance-scan,SUCCESS,2026-08-13T20:57:00,2026-08-13T21:01:48,270.68,18.08,agent-central-03
BUILD-0822,Org_A,customer-portal,SUCCESS,2026-08-13T21:26:00,2026-08-13T21:30:45,260.87,25.06,agent-east-01
BUILD-0823,Org_A,customer-portal,SUCCESS,2026-08-13T21:41:00,2026-08-13T21:52:16,649.66,26.48,agent-east-02
BUILD-0824,Org_A,mobile-banking-api,SUCCESS,2026-08-13T22:05:00,2026-08-13T22:10:12,305.79,6.99,agent-east-01
BUILD-0825,Org_C,cargo-manifest-service,SUCCESS,2026-08-13T22:33:00,2026-08-13T22:46:11,306.28,485.09,agent-west-03
BUILD-0826,Org_A,customer-portal,SUCCESS,2026-08-13T22:50:00,2026-08-13T22:57:44,456.83,8.0,agent-east-04
BUILD-0827,Org_A,customer-portal,SUCCESS,2026-08-13T23:13:00,2026-08-13T23:20:00,397.64,22.75,agent-east-04
BUILD-0828,Org_A,fraud-detection-service,SUCCESS,2026-08-13T23:31:00,2026-08-13T23:41:04,288.27,316.14,agent-east-02
BUILD-0829,Org_B,ehr-bridge,SUCCESS,2026-08-14T00:02:00,2026-08-14T00:05:01,172.07,9.72,agent-central-03
BUILD-0830,Org_B,ehr-bridge,SUCCESS,2026-08-14T00:22:00,2026-08-14T00:32:56,624.1,32.76,agent-central-02
BUILD-0831,Org_C,flight-telemetry-ingest,SUCCESS,2026-08-14T00:42:00,2026-08-14T00:44:44,138.01,26.04,agent-west-05
BUILD-0832,Org_C,safety-audit-service,SUCCESS,2026-08-14T01:01:00,2026-08-14T01:08:12,368.31,64.62,agent-west-01
BUILD-0833,Org_B,claims-ingestion-pipeline,SUCCESS,2026-08-14T01:23:00,2026-08-14T01:30:39,451.65,8.0,agent-central-02
BUILD-0834,Org_B,ehr-bridge,SUCCESS,2026-08-14T01:53:00,2026-08-14T01:56:35,200.37,15.16,agent-central-01
BUILD-0835,Org_A,payment-clearing-engine,FAILED,2026-08-14T02:08:00,2026-08-14T02:13:16,297.31,18.72,agent-east-01
BUILD-0836,Org_C,flight-telemetry-ingest,SUCCESS,2026-08-14T02:37:00,2026-08-14T02:44:43,394.65,69.21,agent-west-04
BUILD-0837,Org_C,flight-telemetry-ingest,FAILED,2026-08-14T02:59:00,2026-08-14T03:09:56,284.42,372.08,agent-west-03
BUILD-0838,Org_C,safety-audit-service,SUCCESS,2026-08-14T03:13:00,2026-08-14T03:17:41,217.83,63.88,agent-west-01
BUILD-0839,Org_A,mobile-banking-api,SUCCESS,2026-08-14T03:33:00,2026-08-14T03:41:56,477.92,58.6,agent-east-02
BUILD-0840,Org_A,fraud-detection-service,FAILED,2026-08-14T03:59:00,2026-08-14T04:06:47,368.97,98.56,agent-east-03
BUILD-0841,Org_C,cargo-manifest-service,FAILED,2026-08-14T04:26:00,2026-08-14T04:40:28,341.7,526.69,agent-west-02
BUILD-0842,Org_A,customer-portal,FAILED,2026-08-14T04:44:00,2026-08-14T04:58:36,351.36,524.77,agent-east-02
BUILD-0843,Org_B,provider-directory,SUCCESS,2026-08-14T05:07:00,2026-08-14T05:11:14,244.87,9.18,agent-central-03
BUILD-0844,Org_C,safety-audit-service,SUCCESS,2026-08-14T05:29:00,2026-08-14T05:37:16,468.92,28.06,agent-west-03
BUILD-0845,Org_A,fraud-detection-service,SUCCESS,2026-08-14T05:51:00,2026-08-14T05:56:21,316.04,5.17,agent-east-02
BUILD-0846,Org_A,customer-portal,SUCCESS,2026-08-14T06:17:00,2026-08-14T06:23:01,346.22,15.03,agent-east-02
BUILD-0847,Org_C,safety-audit-service,SUCCESS,2026-08-14T06:29:00,2026-08-14T06:34:53,297.02,56.43,agent-west-05
BUILD-0848,Org_B,claims-ingestion-pipeline,FAILED,2026-08-14T07:01:00,2026-08-14T07:08:57,432.76,45.03,agent-central-02
BUILD-0849,Org_B,ehr-bridge,SUCCESS,2026-08-14T07:19:00,2026-08-14T07:22:54,224.69,9.75,agent-central-01
BUILD-0850,Org_A,customer-portal,SUCCESS,2026-08-14T07:37:00,2026-08-14T07:43:10,358.18,12.73,agent-east-01
BUILD-0851,Org_A,payment-clearing-engine,SUCCESS,2026-08-14T08:00:00,2026-08-14T08:06:56,333.82,82.68,agent-east-03
BUILD-0852,Org_A,customer-portal,SUCCESS,2026-08-14T08:22:00,2026-08-14T08:30:54,446.03,88.88,agent-east-03
BUILD-0853,Org_B,hipaa-compliance-scan,SUCCESS,2026-08-14T08:49:00,2026-08-14T08:56:04,389.64,34.45,agent-central-03
BUILD-0854,Org_C,flight-telemetry-ingest,SUCCESS,2026-08-14T09:06:00,2026-08-14T09:11:00,277.76,22.92,agent-west-05
BUILD-0855,Org_C,safety-audit-service,SUCCESS,2026-08-14T09:27:00,2026-08-14T09:35:27,464.56,42.54,agent-west-05
BUILD-0856,Org_A,payment-clearing-engine,SUCCESS,2026-08-14T09:49:00,2026-08-14T10:01:51,251.69,520.06,agent-east-01
BUILD-0857,Org_C,safety-audit-service,SUCCESS,2026-08-14T10:12:00,2026-08-14T10:17:35,315.13,20.01,agent-west-03
BUILD-0858,Org_C,cargo-manifest-service,SUCCESS,2026-08-14T10:31:00,2026-08-14T10:40:36,515.6,61.3,agent-west-01
BUILD-0859,Org_A,fraud-detection-service,SUCCESS,2026-08-14T11:02:00,2026-08-14T11:13:11,278.02,393.25,agent-east-01
BUILD-0860,Org_A,customer-portal,SUCCESS,2026-08-14T11:24:00,2026-08-14T11:40:46,956.68,50.01,agent-east-03
BUILD-0861,Org_A,customer-portal,SUCCESS,2026-08-14T11:44:00,2026-08-14T11:50:04,332.79,32.0,agent-east-04
BUILD-0862,Org_B,claims-ingestion-pipeline,CANCELLED,2026-08-14T12:01:00,2026-08-14T12:10:44,518.82,65.6,agent-central-02
BUILD-0863,Org_A,mobile-banking-api,SUCCESS,2026-08-14T12:28:00,2026-08-14T12:33:49,319.87,29.87,agent-east-01
BUILD-0864,Org_B,ehr-bridge,FAILED,2026-08-14T12:52:00,2026-08-14T13:02:22,485.87,136.82,agent-central-03
BUILD-0865,Org_B,hipaa-compliance-scan,SUCCESS,2026-08-14T13:06:00,2026-08-14T13:14:21,476.99,24.45,agent-central-02
BUILD-0866,Org_C,safety-audit-service,SUCCESS,2026-08-14T13:36:00,2026-08-14T13:47:21,620.88,60.17,agent-west-03
BUILD-0867,Org_A,fraud-detection-service,SUCCESS,2026-08-14T13:57:00,2026-08-14T14:07:29,285.43,343.6,agent-east-03
BUILD-0868,Org_B,provider-directory,SUCCESS,2026-08-14T14:15:00,2026-08-14T14:18:15,182.64,13.14,agent-central-01
BUILD-0869,Org_B,ehr-bridge,SUCCESS,2026-08-14T14:34:00,2026-08-14T14:41:34,405.1,49.89,agent-central-02
BUILD-0870,Org_A,customer-portal,SUCCESS,2026-08-14T15:01:00,2026-08-14T15:16:50,864.94,85.28,agent-east-03
BUILD-0871,Org_A,mobile-banking-api,SUCCESS,2026-08-14T15:20:00,2026-08-14T15:24:05,240.43,5.42,agent-east-01
BUILD-0872,Org_B,claims-ingestion-pipeline,SUCCESS,2026-08-14T15:46:00,2026-08-14T15:52:11,357.83,13.75,agent-central-02
BUILD-0873,Org_C,flight-telemetry-ingest,FAILED,2026-08-14T16:03:00,2026-08-14T16:07:38,271.2,7.0,agent-west-04
BUILD-0874,Org_A,payment-clearing-engine,SUCCESS,2026-08-14T16:24:00,2026-08-14T16:38:57,309.84,587.31,agent-east-02
BUILD-0875,Org_B,ehr-bridge,SUCCESS,2026-08-14T16:52:00,2026-08-14T17:00:09,436.68,52.86,agent-central-02
BUILD-0876,Org_A,mobile-banking-api,SUCCESS,2026-08-14T17:17:00,2026-08-14T17:19:47,130.84,36.24,agent-east-02
BUILD-0877,Org_C,cargo-manifest-service,SUCCESS,2026-08-14T17:39:00,2026-08-14T17:53:00,803.39,37.13,agent-west-01
BUILD-0878,Org_B,ehr-bridge,SUCCESS,2026-08-14T18:01:00,2026-08-14T18:16:39,314.86,624.39,agent-central-01
BUILD-0879,Org_A,mobile-banking-api,SUCCESS,2026-08-14T18:20:00,2026-08-14T18:23:39,204.24,15.02,agent-east-02
BUILD-0880,Org_C,cargo-manifest-service,FAILED,2026-08-14T18:39:00,2026-08-14T18:49:20,517.76,102.95,agent-west-03
BUILD-0881,Org_A,customer-portal,SUCCESS,2026-08-14T19:05:00,2026-08-14T19:09:24,227.42,37.5,agent-east-02
BUILD-0882,Org_C,flight-telemetry-ingest,SUCCESS,2026-08-14T19:28:00,2026-08-14T19:34:25,365.29,20.42,agent-west-03
BUILD-0883,Org_B,provider-directory,SUCCESS,2026-08-14T19:43:00,2026-08-14T19:52:23,538.05,25.15,agent-central-01
BUILD-0884,Org_A,fraud-detection-service,SUCCESS,2026-08-14T20:06:00,2026-08-14T20:08:46,143.03,23.16,agent-east-02
BUILD-0885,Org_A,fraud-detection-service,SUCCESS,2026-08-14T20:33:00,2026-08-14T20:43:23,318.74,305.0,agent-east-03
BUILD-0886,Org_A,payment-clearing-engine,SUCCESS,2026-08-14T20:51:00,2026-08-14T21:00:39,198.12,380.93,agent-east-02
BUILD-0887,Org_B,claims-ingestion-pipeline,SUCCESS,2026-08-14T21:09:00,2026-08-14T21:17:44,457.16,67.54,agent-central-03
BUILD-0888,Org_C,flight-telemetry-ingest,SUCCESS,2026-08-14T21:31:00,2026-08-14T21:39:43,470.75,52.28,agent-west-05
BUILD-0889,Org_A,mobile-banking-api,SUCCESS,2026-08-14T21:54:00,2026-08-14T21:59:20,290.6,29.7,agent-east-01
BUILD-0890,Org_B,hipaa-compliance-scan,SUCCESS,2026-08-14T22:16:00,2026-08-14T22:30:59,322.46,577.34,agent-central-01
BUILD-0891,Org_A,mobile-banking-api,FAILED,2026-08-14T22:45:00,2026-08-14T22:57:49,726.91,42.86,agent-east-03
BUILD-0892,Org_B,hipaa-compliance-scan,FAILED,2026-08-14T23:04:00,2026-08-14T23:15:16,371.75,305.0,agent-central-02
BUILD-0893,Org_B,ehr-bridge,SUCCESS,2026-08-14T23:28:00,2026-08-14T23:37:25,516.75,48.52,agent-central-01
BUILD-0894,Org_B,claims-ingestion-pipeline,SUCCESS,2026-08-14T23:50:00,2026-08-15T00:01:18,641.84,36.49,agent-central-03
BUILD-0895,Org_B,ehr-bridge,SUCCESS,2026-08-15T00:14:00,2026-08-15T00:23:07,539.74,8.0,agent-central-01
BUILD-0896,Org_C,flight-telemetry-ingest,SUCCESS,2026-08-15T00:37:00,2026-08-15T00:45:11,446.27,44.9,agent-west-03
BUILD-0897,Org_B,ehr-bridge,SUCCESS,2026-08-15T00:58:00,2026-08-15T01:06:08,437.88,51.02,agent-central-02
BUILD-0898,Org_C,cargo-manifest-service,SUCCESS,2026-08-15T01:11:00,2026-08-15T01:20:08,420.04,128.17,agent-west-01
BUILD-0899,Org_A,payment-clearing-engine,SUCCESS,2026-08-15T01:43:00,2026-08-15T01:56:05,699.29,86.44,agent-east-01
BUILD-0900,Org_C,cargo-manifest-service,SUCCESS,2026-08-15T01:56:00,2026-08-15T02:06:55,609.01,46.38,agent-west-04
BUILD-0901,Org_B,provider-directory,SUCCESS,2026-08-15T02:17:00,2026-08-15T02:22:52,287.45,65.16,agent-central-03
BUILD-0902,Org_B,ehr-bridge,SUCCESS,2026-08-15T02:45:00,2026-08-15T02:56:01,562.13,99.0,agent-central-01
BUILD-0903,Org_B,ehr-bridge,SUCCESS,2026-08-15T03:06:00,2026-08-15T03:11:09,275.11,34.43,agent-central-02
BUILD-0904,Org_A,fraud-detection-service,SUCCESS,2026-08-15T03:25:00,2026-08-15T03:36:06,196.99,469.35,agent-east-04
BUILD-0905,Org_A,fraud-detection-service,SUCCESS,2026-08-15T03:51:00,2026-08-15T03:56:38,303.43,35.14,agent-east-02
BUILD-0906,Org_C,safety-audit-service,SUCCESS,2026-08-15T04:16:00,2026-08-15T04:30:42,418.91,463.59,agent-west-05
BUILD-0907,Org_A,mobile-banking-api,SUCCESS,2026-08-15T04:30:00,2026-08-15T04:37:39,412.54,46.84,agent-east-01
BUILD-0908,Org_C,cargo-manifest-service,SUCCESS,2026-08-15T04:57:00,2026-08-15T05:04:18,430.01,8.0,agent-west-01
BUILD-0909,Org_C,safety-audit-service,SUCCESS,2026-08-15T05:19:00,2026-08-15T05:27:44,491.13,32.99,agent-west-04
BUILD-0910,Org_A,payment-clearing-engine,SUCCESS,2026-08-15T05:41:00,2026-08-15T05:55:02,319.37,522.73,agent-east-03
BUILD-0911,Org_B,claims-ingestion-pipeline,SUCCESS,2026-08-15T05:58:00,2026-08-15T06:01:24,191.49,13.16,agent-central-02
BUILD-0912,Org_A,fraud-detection-service,SUCCESS,2026-08-15T06:27:00,2026-08-15T06:29:18,131.71,6.36,agent-east-04
BUILD-0913,Org_C,cargo-manifest-service,SUCCESS,2026-08-15T06:43:00,2026-08-15T06:53:58,295.29,363.38,agent-west-05
BUILD-0914,Org_A,customer-portal,SUCCESS,2026-08-15T07:04:00,2026-08-15T07:15:59,659.49,59.53,agent-east-01
BUILD-0915,Org_A,payment-clearing-engine,SUCCESS,2026-08-15T07:34:00,2026-08-15T07:39:10,303.22,7.05,agent-east-01
BUILD-0916,Org_B,hipaa-compliance-scan,SUCCESS,2026-08-15T07:50:00,2026-08-15T07:57:50,462.02,8.0,agent-central-01
BUILD-0917,Org_A,customer-portal,SUCCESS,2026-08-15T08:17:00,2026-08-15T08:32:27,321.86,605.67,agent-east-01
BUILD-0918,Org_C,safety-audit-service,SUCCESS,2026-08-15T08:32:00,2026-08-15T08:36:45,258.06,27.14,agent-west-01
BUILD-0919,Org_A,fraud-detection-service,SUCCESS,2026-08-15T09:02:00,2026-08-15T09:16:39,379.82,499.31,agent-east-04
BUILD-0920,Org_B,hipaa-compliance-scan,SUCCESS,2026-08-15T09:18:00,2026-08-15T09:26:45,495.37,30.37,agent-central-02
BUILD-0921,Org_A,mobile-banking-api,SUCCESS,2026-08-15T09:39:00,2026-08-15T09:54:40,898.84,42.1,agent-east-04
BUILD-0922,Org_B,hipaa-compliance-scan,SUCCESS,2026-08-15T10:05:00,2026-08-15T10:09:24,190.16,74.76,agent-central-01
BUILD-0923,Org_B,claims-ingestion-pipeline,SUCCESS,2026-08-15T10:24:00,2026-08-15T10:34:57,564.36,92.75,agent-central-02
BUILD-0924,Org_A,customer-portal,SUCCESS,2026-08-15T10:51:00,2026-08-15T11:02:37,277.07,420.65,agent-east-01
BUILD-0925,Org_A,payment-clearing-engine,SUCCESS,2026-08-15T11:11:00,2026-08-15T11:19:18,417.58,80.88,agent-east-02
BUILD-0926,Org_A,fraud-detection-service,SUCCESS,2026-08-15T11:32:00,2026-08-15T11:38:06,288.81,77.89,agent-east-02
BUILD-0927,Org_C,flight-telemetry-ingest,SUCCESS,2026-08-15T11:51:00,2026-08-15T12:01:57,555.46,102.11,agent-west-05
BUILD-0928,Org_A,mobile-banking-api,SUCCESS,2026-08-15T12:13:00,2026-08-15T12:25:21,641.2,100.11,agent-east-04
BUILD-0929,Org_B,ehr-bridge,FAILED,2026-08-15T12:33:00,2026-08-15T12:39:44,367.77,37.12,agent-central-03
BUILD-0930,Org_A,customer-portal,SUCCESS,2026-08-15T12:56:00,2026-08-15T13:00:31,265.42,6.06,agent-east-03
BUILD-0931,Org_A,customer-portal,SUCCESS,2026-08-15T13:18:00,2026-08-15T13:30:59,235.44,543.8,agent-east-01
BUILD-0932,Org_B,claims-ingestion-pipeline,SUCCESS,2026-08-15T13:41:00,2026-08-15T13:44:28,176.48,32.22,agent-central-02
BUILD-0933,Org_C,safety-audit-service,SUCCESS,2026-08-15T14:09:00,2026-08-15T14:15:40,392.96,8.0,agent-west-01
BUILD-0934,Org_A,payment-clearing-engine,SUCCESS,2026-08-15T14:31:00,2026-08-15T14:39:26,498.4,8.0,agent-east-03
BUILD-0935,Org_B,hipaa-compliance-scan,SUCCESS,2026-08-15T14:45:00,2026-08-15T14:56:35,583.4,112.59,agent-central-01
BUILD-0936,Org_B,hipaa-compliance-scan,SUCCESS,2026-08-15T15:10:00,2026-08-15T15:17:20,320.15,120.83,agent-central-02
BUILD-0937,Org_B,ehr-bridge,SUCCESS,2026-08-15T15:29:00,2026-08-15T15:34:14,279.81,34.87,agent-central-02
BUILD-0938,Org_B,ehr-bridge,CANCELLED,2026-08-15T16:01:00,2026-08-15T16:12:02,259.46,403.51,agent-central-01
BUILD-0939,Org_A,payment-clearing-engine,SUCCESS,2026-08-15T16:19:00,2026-08-15T16:29:22,290.03,332.35,agent-east-02
BUILD-0940,Org_B,provider-directory,SUCCESS,2026-08-15T16:45:00,2026-08-15T16:50:25,297.51,28.37,agent-central-02
BUILD-0941,Org_B,provider-directory,SUCCESS,2026-08-15T17:01:00,2026-08-15T17:06:42,313.27,28.74,agent-central-03
BUILD-0942,Org_A,fraud-detection-service,SUCCESS,2026-08-15T17:28:00,2026-08-15T17:34:42,350.05,52.02,agent-east-04
BUILD-0943,Org_C,cargo-manifest-service,SUCCESS,2026-08-15T17:43:00,2026-08-15T17:45:39,149.05,9.97,agent-west-01
BUILD-0944,Org_C,flight-telemetry-ingest,SUCCESS,2026-08-15T18:03:00,2026-08-15T18:07:40,243.28,37.51,agent-west-03
BUILD-0945,Org_B,hipaa-compliance-scan,SUCCESS,2026-08-15T18:35:00,2026-08-15T18:38:17,138.37,58.8,agent-central-01
BUILD-0946,Org_B,provider-directory,SUCCESS,2026-08-15T18:51:00,2026-08-15T18:54:17,158.83,38.25,agent-central-01
BUILD-0947,Org_B,hipaa-compliance-scan,SUCCESS,2026-08-15T19:15:00,2026-08-15T19:23:53,525.88,8.0,agent-central-02
BUILD-0948,Org_B,hipaa-compliance-scan,SUCCESS,2026-08-15T19:32:00,2026-08-15T19:46:22,297.48,564.97,agent-central-02
BUILD-0949,Org_C,safety-audit-service,SUCCESS,2026-08-15T19:55:00,2026-08-15T20:08:27,711.45,96.5,agent-west-04
BUILD-0950,Org_A,fraud-detection-service,SUCCESS,2026-08-15T20:19:00,2026-08-15T20:35:30,897.6,92.45,agent-east-03
BUILD-0951,Org_B,claims-ingestion-pipeline,SUCCESS,2026-08-15T20:45:00,2026-08-15T20:50:55,342.74,12.83,agent-central-01
BUILD-0952,Org_C,safety-audit-service,SUCCESS,2026-08-15T21:00:00,2026-08-15T21:08:50,464.22,66.67,agent-west-01
BUILD-0953,Org_C,flight-telemetry-ingest,SUCCESS,2026-08-15T21:22:00,2026-08-15T21:34:09,691.02,38.55,agent-west-02
BUILD-0954,Org_B,claims-ingestion-pipeline,SUCCESS,2026-08-15T21:53:00,2026-08-15T21:58:04,257.1,47.72,agent-central-01
BUILD-0955,Org_C,flight-telemetry-ingest,SUCCESS,2026-08-15T22:15:00,2026-08-15T22:19:04,236.16,8.0,agent-west-03
BUILD-0956,Org_A,payment-clearing-engine,SUCCESS,2026-08-15T22:36:00,2026-08-15T22:44:38,466.89,51.78,agent-east-04
BUILD-0957,Org_B,hipaa-compliance-scan,SUCCESS,2026-08-15T22:54:00,2026-08-15T23:08:42,790.11,92.47,agent-central-01
BUILD-0958,Org_B,claims-ingestion-pipeline,SUCCESS,2026-08-15T23:18:00,2026-08-15T23:24:00,308.12,52.56,agent-central-01
BUILD-0959,Org_A,customer-portal,SUCCESS,2026-08-15T23:39:00,2026-08-15T23:48:50,477.25,112.77,agent-east-01
BUILD-0960,Org_A,customer-portal,SUCCESS,2026-08-15T23:56:00,2026-08-16T00:01:27,299.32,28.26,agent-east-01
BUILD-0961,Org_C,cargo-manifest-service,SUCCESS,2026-08-16T00:21:00,2026-08-16T00:25:56,253.63,42.73,agent-west-02
BUILD-0962,Org_B,claims-ingestion-pipeline,SUCCESS,2026-08-16T00:44:00,2026-08-16T00:53:24,474.87,89.18,agent-central-01
BUILD-0963,Org_C,flight-telemetry-ingest,SUCCESS,2026-08-16T01:07:00,2026-08-16T01:14:48,434.47,33.75,agent-west-02
BUILD-0964,Org_A,fraud-detection-service,FAILED,2026-08-16T01:33:00,2026-08-16T01:40:01,323.37,98.07,agent-east-03
BUILD-0965,Org_B,hipaa-compliance-scan,SUCCESS,2026-08-16T01:54:00,2026-08-16T02:00:14,332.78,41.85,agent-central-02
BUILD-0966,Org_A,fraud-detection-service,SUCCESS,2026-08-16T02:10:00,2026-08-16T02:21:39,225.41,474.28,agent-east-04
BUILD-0967,Org_C,flight-telemetry-ingest,SUCCESS,2026-08-16T02:34:00,2026-08-16T02:40:27,270.48,116.82,agent-west-05
BUILD-0968,Org_C,flight-telemetry-ingest,SUCCESS,2026-08-16T02:57:00,2026-08-16T03:02:44,334.24,9.82,agent-west-03
BUILD-0969,Org_B,ehr-bridge,SUCCESS,2026-08-16T03:15:00,2026-08-16T03:23:15,481.63,13.82,agent-central-03
BUILD-0970,Org_C,flight-telemetry-ingest,SUCCESS,2026-08-16T03:39:00,2026-08-16T03:44:02,286.28,16.17,agent-west-04
BUILD-0971,Org_C,cargo-manifest-service,SUCCESS,2026-08-16T03:58:00,2026-08-16T04:04:36,368.87,27.25,agent-west-05
BUILD-0972,Org_C,cargo-manifest-service,SUCCESS,2026-08-16T04:24:00,2026-08-16T04:30:01,304.99,56.13,agent-west-02
BUILD-0973,Org_B,claims-ingestion-pipeline,SUCCESS,2026-08-16T04:45:00,2026-08-16T04:56:33,604.24,89.1,agent-central-02
BUILD-0974,Org_A,fraud-detection-service,SUCCESS,2026-08-16T05:09:00,2026-08-16T05:13:32,254.24,18.69,agent-east-03
BUILD-0975,Org_A,customer-portal,SUCCESS,2026-08-16T05:29:00,2026-08-16T05:33:45,277.65,8.0,agent-east-04
BUILD-0976,Org_C,cargo-manifest-service,SUCCESS,2026-08-16T05:55:00,2026-08-16T05:59:34,266.13,8.0,agent-west-04
BUILD-0977,Org_B,claims-ingestion-pipeline,SUCCESS,2026-08-16T06:12:00,2026-08-16T06:14:44,158.62,6.11,agent-central-03
BUILD-0978,Org_C,cargo-manifest-service,SUCCESS,2026-08-16T06:40:00,2026-08-16T06:51:28,271.87,416.9,agent-west-03
BUILD-0979,Org_B,claims-ingestion-pipeline,SUCCESS,2026-08-16T06:55:00,2026-08-16T06:59:35,267.13,8.59,agent-central-03
BUILD-0980,Org_C,flight-telemetry-ingest,SUCCESS,2026-08-16T07:18:00,2026-08-16T07:22:51,275.78,15.6,agent-west-02
BUILD-0981,Org_C,cargo-manifest-service,SUCCESS,2026-08-16T07:38:00,2026-08-16T07:48:55,638.48,16.91,agent-west-05
BUILD-0982,Org_B,hipaa-compliance-scan,SUCCESS,2026-08-16T08:00:00,2026-08-16T08:04:34,258.41,16.5,agent-central-01
BUILD-0983,Org_B,claims-ingestion-pipeline,SUCCESS,2026-08-16T08:31:00,2026-08-16T08:36:22,311.76,10.98,agent-central-02
BUILD-0984,Org_C,cargo-manifest-service,SUCCESS,2026-08-16T08:52:00,2026-08-16T09:03:14,318.13,355.91,agent-west-05
BUILD-0985,Org_C,cargo-manifest-service,SUCCESS,2026-08-16T09:08:00,2026-08-16T09:12:49,267.31,22.21,agent-west-03
BUILD-0986,Org_C,safety-audit-service,SUCCESS,2026-08-16T09:32:00,2026-08-16T09:40:46,507.04,19.34,agent-west-02
BUILD-0987,Org_A,mobile-banking-api,FAILED,2026-08-16T09:58:00,2026-08-16T10:05:50,414.98,55.63,agent-east-02
BUILD-0988,Org_B,claims-ingestion-pipeline,SUCCESS,2026-08-16T10:15:00,2026-08-16T10:25:29,589.07,39.96,agent-central-01
BUILD-0989,Org_B,claims-ingestion-pipeline,SUCCESS,2026-08-16T10:39:00,2026-08-16T10:45:35,377.68,18.15,agent-central-03
BUILD-0990,Org_C,safety-audit-service,SUCCESS,2026-08-16T10:58:00,2026-08-16T11:06:22,438.03,64.21,agent-west-02
BUILD-0991,Org_B,hipaa-compliance-scan,SUCCESS,2026-08-16T11:18:00,2026-08-16T11:24:31,345.86,45.31,agent-central-02
BUILD-0992,Org_C,flight-telemetry-ingest,SUCCESS,2026-08-16T11:40:00,2026-08-16T11:45:29,323.89,5.7,agent-west-04
BUILD-0993,Org_B,provider-directory,FAILED,2026-08-16T12:04:00,2026-08-16T12:11:32,407.73,45.07,agent-central-01
BUILD-0994,Org_B,ehr-bridge,SUCCESS,2026-08-16T12:29:00,2026-08-16T12:34:38,275.62,62.42,agent-central-03
BUILD-0995,Org_B,provider-directory,SUCCESS,2026-08-16T12:54:00,2026-08-16T13:04:02,491.43,111.28,agent-central-01
BUILD-0996,Org_C,cargo-manifest-service,SUCCESS,2026-08-16T13:15:00,2026-08-16T13:20:23,313.45,9.86,agent-west-05
BUILD-0997,Org_C,safety-audit-service,SUCCESS,2026-08-16T13:38:00,2026-08-16T13:51:29,682.49,126.7,agent-west-03
BUILD-0998,Org_C,flight-telemetry-ingest,SUCCESS,2026-08-16T13:57:00,2026-08-16T14:06:34,558.73,15.55,agent-west-05
BUILD-0999,Org_B,claims-ingestion-pipeline,SUCCESS,2026-08-16T14:21:00,2026-08-16T14:29:15,397.41,97.84,agent-central-03
BUILD-1000,Org_B,ehr-bridge,SUCCESS,2026-08-16T14:41:00,2026-08-16T14:45:54,259.19,35.42,agent-central-02
BUILD-1001,Org_A,payment-clearing-engine,SUCCESS,2026-08-16T15:04:00,2026-08-16T15:17:50,285.77,544.57,agent-east-01
BUILD-1002,Org_B,claims-ingestion-pipeline,SUCCESS,2026-08-16T15:20:00,2026-08-16T15:31:07,551.62,115.53,agent-central-03
BUILD-1003,Org_A,customer-portal,SUCCESS,2026-08-16T15:45:00,2026-08-16T15:49:09,228.4,21.16,agent-east-04
BUILD-1004,Org_B,hipaa-compliance-scan,SUCCESS,2026-08-16T16:04:00,2026-08-16T16:14:00,519.68,80.62,agent-central-01
BUILD-1005,Org_A,fraud-detection-service,SUCCESS,2026-08-16T16:32:00,2026-08-16T16:36:50,256.73,34.11,agent-east-02
BUILD-1006,Org_A,payment-clearing-engine,SUCCESS,2026-08-16T16:57:00,2026-08-16T17:11:35,273.51,601.55,agent-east-02
BUILD-1007,Org_A,mobile-banking-api,SUCCESS,2026-08-16T17:10:00,2026-08-16T17:24:49,211.28,677.84,agent-east-04
BUILD-1008,Org_B,hipaa-compliance-scan,SUCCESS,2026-08-16T17:33:00,2026-08-16T17:37:52,246.15,46.04,agent-central-02
BUILD-1009,Org_A,fraud-detection-service,SUCCESS,2026-08-16T17:56:00,2026-08-16T18:03:16,316.84,120.0,agent-east-02
BUILD-1010,Org_B,ehr-bridge,SUCCESS,2026-08-16T18:19:00,2026-08-16T18:24:13,282.86,30.43,agent-central-01
BUILD-1011,Org_B,hipaa-compliance-scan,SUCCESS,2026-08-16T18:41:00,2026-08-16T18:56:39,900.85,38.28,agent-central-02
BUILD-1012,Org_B,hipaa-compliance-scan,SUCCESS,2026-08-16T19:05:00,2026-08-16T19:13:40,467.76,52.4,agent-central-02
BUILD-1013,Org_B,hipaa-compliance-scan,CANCELLED,2026-08-16T19:30:00,2026-08-16T19:38:19,462.63,36.52,agent-central-03
BUILD-1014,Org_A,payment-clearing-engine,SUCCESS,2026-08-16T19:43:00,2026-08-16T19:47:20,244.07,15.99,agent-east-04
BUILD-1015,Org_C,safety-audit-service,SUCCESS,2026-08-16T20:09:00,2026-08-16T20:13:27,257.83,9.58,agent-west-05
BUILD-1016,Org_A,payment-clearing-engine,CANCELLED,2026-08-16T20:37:00,2026-08-16T20:44:23,418.34,25.09,agent-east-03
BUILD-1017,Org_C,cargo-manifest-service,SUCCESS,2026-08-16T20:49:00,2026-08-16T20:59:02,480.87,121.43,agent-west-04
BUILD-1018,Org_A,fraud-detection-service,SUCCESS,2026-08-16T21:11:00,2026-08-16T21:16:09,272.67,36.4,agent-east-04
BUILD-1019,Org_A,mobile-banking-api,SUCCESS,2026-08-16T21:36:00,2026-08-16T21:46:23,543.24,80.54,agent-east-02
BUILD-1020,Org_A,mobile-banking-api,SUCCESS,2026-08-16T21:56:00,2026-08-16T22:09:57,364.4,472.65,agent-east-01
BUILD-1021,Org_B,provider-directory,SUCCESS,2026-08-16T22:17:00,2026-08-16T22:22:12,296.56,15.75,agent-central-03
BUILD-1022,Org_A,mobile-banking-api,SUCCESS,2026-08-16T22:39:00,2026-08-16T22:49:07,530.06,77.48,agent-east-02
BUILD-1023,Org_A,fraud-detection-service,CANCELLED,2026-08-16T23:04:00,2026-08-16T23:15:04,345.69,318.38,agent-east-04
BUILD-1024,Org_A,customer-portal,SUCCESS,2026-08-16T23:32:00,2026-08-16T23:37:02,283.4,18.71,agent-east-02
BUILD-1025,Org_B,claims-ingestion-pipeline,SUCCESS,2026-08-16T23:46:00,2026-08-16T23:58:13,653.21,80.44,agent-central-03
BUILD-1026,Org_B,ehr-bridge,SUCCESS,2026-08-17T00:17:00,2026-08-17T00:23:07,355.69,11.32,agent-central-01
BUILD-1027,Org_C,flight-telemetry-ingest,SUCCESS,2026-08-17T00:34:00,2026-08-17T00:38:41,266.42,15.48,agent-west-02
BUILD-1028,Org_B,ehr-bridge,SUCCESS,2026-08-17T00:57:00,2026-08-17T01:08:35,577.27,118.69,agent-central-01
BUILD-1029,Org_A,mobile-banking-api,SUCCESS,2026-08-17T01:13:00,2026-08-17T01:19:47,370.62,36.4,agent-east-03
BUILD-1030,Org_B,provider-directory,SUCCESS,2026-08-17T01:37:00,2026-08-17T01:47:14,474.81,139.92,agent-central-01
BUILD-1031,Org_C,cargo-manifest-service,FAILED,2026-08-17T02:02:00,2026-08-17T02:11:30,552.54,18.09,agent-west-03
BUILD-1032,Org_A,customer-portal,SUCCESS,2026-08-17T02:19:00,2026-08-17T02:31:25,647.08,98.74,agent-east-02
BUILD-1033,Org_B,provider-directory,SUCCESS,2026-08-17T02:42:00,2026-08-17T02:45:50,222.95,8.0,agent-central-02
BUILD-1034,Org_A,mobile-banking-api,SUCCESS,2026-08-17T03:06:00,2026-08-17T03:15:17,182.46,375.3,agent-east-03
BUILD-1035,Org_A,fraud-detection-service,SUCCESS,2026-08-17T03:35:00,2026-08-17T03:48:52,345.5,487.12,agent-east-04
BUILD-1036,Org_B,ehr-bridge,SUCCESS,2026-08-17T03:50:00,2026-08-17T03:58:10,461.7,28.54,agent-central-02
BUILD-1037,Org_C,flight-telemetry-ingest,SUCCESS,2026-08-17T04:16:00,2026-08-17T04:23:31,353.47,98.52,agent-west-05
BUILD-1038,Org_A,payment-clearing-engine,SUCCESS,2026-08-17T04:32:00,2026-08-17T04:35:17,166.21,31.36,agent-east-03
BUILD-1039,Org_B,hipaa-compliance-scan,SUCCESS,2026-08-17T04:58:00,2026-08-17T05:14:26,290.77,695.44,agent-central-01
BUILD-1040,Org_C,safety-audit-service,SUCCESS,2026-08-17T05:25:00,2026-08-17T05:30:12,249.66,62.44,agent-west-03
BUILD-1041,Org_B,hipaa-compliance-scan,SUCCESS,2026-08-17T05:39:00,2026-08-17T05:46:56,435.71,40.57,agent-central-01
BUILD-1042,Org_B,claims-ingestion-pipeline,SUCCESS,2026-08-17T06:01:00,2026-08-17T06:16:43,842.14,101.36,agent-central-03
BUILD-1043,Org_A,mobile-banking-api,SUCCESS,2026-08-17T06:30:00,2026-08-17T06:43:22,287.77,514.43,agent-east-02
BUILD-1044,Org_B,ehr-bridge,SUCCESS,2026-08-17T06:49:00,2026-08-17T07:00:36,620.38,75.86,agent-central-03
BUILD-1045,Org_A,mobile-banking-api,FAILED,2026-08-17T07:07:00,2026-08-17T07:23:12,353.77,618.52,agent-east-02
BUILD-1046,Org_C,safety-audit-service,SUCCESS,2026-08-17T07:29:00,2026-08-17T07:42:21,298.83,502.53,agent-west-05
BUILD-1047,Org_A,customer-portal,SUCCESS,2026-08-17T07:55:00,2026-08-17T08:02:36,412.32,44.67,agent-east-01
BUILD-1048,Org_A,fraud-detection-service,SUCCESS,2026-08-17T08:13:00,2026-08-17T08:26:47,321.75,505.4,agent-east-04
BUILD-1049,Org_A,customer-portal,SUCCESS,2026-08-17T08:41:00,2026-08-17T08:52:25,639.15,46.71,agent-east-03
BUILD-1050,Org_C,cargo-manifest-service,SUCCESS,2026-08-17T09:00:00,2026-08-17T09:10:12,554.75,57.42,agent-west-01
BUILD-1051,Org_C,flight-telemetry-ingest,SUCCESS,2026-08-17T09:17:00,2026-08-17T09:21:04,219.28,24.72,agent-west-01
BUILD-1052,Org_C,cargo-manifest-service,SUCCESS,2026-08-17T09:47:00,2026-08-17T09:51:28,259.91,8.42,agent-west-01
BUILD-1053,Org_A,payment-clearing-engine,SUCCESS,2026-08-17T10:03:00,2026-08-17T10:15:17,707.0,30.65,agent-east-03
BUILD-1054,Org_B,ehr-bridge,SUCCESS,2026-08-17T10:25:00,2026-08-17T10:30:11,296.45,15.27,agent-central-01
BUILD-1055,Org_A,mobile-banking-api,SUCCESS,2026-08-17T10:47:00,2026-08-17T10:57:13,238.27,374.93,agent-east-04
BUILD-1056,Org_C,cargo-manifest-service,SUCCESS,2026-08-17T11:11:00,2026-08-17T11:22:17,669.84,8.0,agent-west-05
BUILD-1057,Org_C,flight-telemetry-ingest,SUCCESS,2026-08-17T11:34:00,2026-08-17T11:46:21,697.46,43.69,agent-west-01
BUILD-1058,Org_B,ehr-bridge,FAILED,2026-08-17T11:51:00,2026-08-17T11:59:26,406.57,99.61,agent-central-03
BUILD-1059,Org_B,ehr-bridge,SUCCESS,2026-08-17T12:20:00,2026-08-17T12:31:38,656.29,42.64,agent-central-02
BUILD-1060,Org_B,ehr-bridge,SUCCESS,2026-08-17T12:35:00,2026-08-17T12:40:57,306.46,50.9,agent-central-03
BUILD-1061,Org_B,ehr-bridge,SUCCESS,2026-08-17T13:05:00,2026-08-17T13:10:23,306.31,17.48,agent-central-01
BUILD-1062,Org_C,flight-telemetry-ingest,SUCCESS,2026-08-17T13:29:00,2026-08-17T13:33:52,277.96,14.5,agent-west-04
BUILD-1063,Org_C,cargo-manifest-service,SUCCESS,2026-08-17T13:48:00,2026-08-17T13:58:45,588.82,57.14,agent-west-03
BUILD-1064,Org_A,mobile-banking-api,SUCCESS,2026-08-17T14:11:00,2026-08-17T14:15:25,243.67,21.59,agent-east-02
BUILD-1065,Org_A,fraud-detection-service,SUCCESS,2026-08-17T14:28:00,2026-08-17T14:32:59,283.69,15.84,agent-east-03
BUILD-1066,Org_B,ehr-bridge,SUCCESS,2026-08-17T14:53:00,2026-08-17T15:03:58,650.57,8.0,agent-central-01
BUILD-1067,Org_B,ehr-bridge,SUCCESS,2026-08-17T15:19:00,2026-08-17T15:29:53,557.13,96.43,agent-central-02
BUILD-1068,Org_B,claims-ingestion-pipeline,SUCCESS,2026-08-17T15:37:00,2026-08-17T15:48:50,614.87,95.39,agent-central-03
BUILD-1069,Org_A,customer-portal,SUCCESS,2026-08-17T15:54:00,2026-08-17T15:59:17,303.98,13.23,agent-east-02
BUILD-1070,Org_B,ehr-bridge,SUCCESS,2026-08-17T16:24:00,2026-08-17T16:32:02,385.82,96.18,agent-central-01
BUILD-1071,Org_A,payment-clearing-engine,SUCCESS,2026-08-17T16:46:00,2026-08-17T16:58:51,742.02,29.28,agent-east-04
BUILD-1072,Org_B,ehr-bridge,FAILED,2026-08-17T17:01:00,2026-08-17T17:16:42,845.66,96.62,agent-central-03
BUILD-1073,Org_C,flight-telemetry-ingest,SUCCESS,2026-08-17T17:26:00,2026-08-17T17:35:09,466.33,83.63,agent-west-02
BUILD-1074,Org_A,fraud-detection-service,SUCCESS,2026-08-17T17:46:00,2026-08-17T18:01:32,900.99,31.87,agent-east-03
BUILD-1075,Org_A,fraud-detection-service,SUCCESS,2026-08-17T18:07:00,2026-08-17T18:18:00,572.05,88.55,agent-east-04
BUILD-1076,Org_B,provider-directory,SUCCESS,2026-08-17T18:30:00,2026-08-17T18:35:11,303.87,7.83,agent-central-02
BUILD-1077,Org_A,fraud-detection-service,SUCCESS,2026-08-17T18:52:00,2026-08-17T19:02:06,597.29,9.05,agent-east-03
BUILD-1078,Org_B,ehr-bridge,SUCCESS,2026-08-17T19:13:00,2026-08-17T19:19:44,341.33,62.99,agent-central-02
BUILD-1079,Org_B,claims-ingestion-pipeline,SUCCESS,2026-08-17T19:39:00,2026-08-17T19:50:26,303.53,382.48,agent-central-02
BUILD-1080,Org_C,safety-audit-service,SUCCESS,2026-08-17T19:55:00,2026-08-17T19:57:49,147.48,22.35,agent-west-02
BUILD-1081,Org_B,hipaa-compliance-scan,SUCCESS,2026-08-17T20:23:00,2026-08-17T20:27:11,239.41,12.51,agent-central-01
BUILD-1082,Org_C,flight-telemetry-ingest,SUCCESS,2026-08-17T20:39:00,2026-08-17T20:42:28,167.51,41.11,agent-west-05
BUILD-1083,Org_C,flight-telemetry-ingest,SUCCESS,2026-08-17T21:06:00,2026-08-17T21:08:35,145.37,10.25,agent-west-02
BUILD-1084,Org_C,cargo-manifest-service,SUCCESS,2026-08-17T21:29:00,2026-08-17T21:37:08,408.89,79.48,agent-west-03
BUILD-1085,Org_C,safety-audit-service,SUCCESS,2026-08-17T21:54:00,2026-08-17T22:03:12,489.61,63.2,agent-west-04
BUILD-1086,Org_C,cargo-manifest-service,SUCCESS,2026-08-17T22:16:00,2026-08-17T22:26:06,189.49,417.39,agent-west-04
BUILD-1087,Org_B,hipaa-compliance-scan,FAILED,2026-08-17T22:33:00,2026-08-17T22:45:08,654.48,74.01,agent-central-02
BUILD-1088,Org_A,customer-portal,SUCCESS,2026-08-17T23:00:00,2026-08-17T23:09:07,470.45,76.64,agent-east-04
BUILD-1089,Org_B,claims-ingestion-pipeline,SUCCESS,2026-08-17T23:14:00,2026-08-17T23:19:46,310.39,36.45,agent-central-02
BUILD-1090,Org_A,customer-portal,SUCCESS,2026-08-17T23:41:00,2026-08-17T23:47:39,375.82,23.3,agent-east-04
BUILD-1091,Org_C,cargo-manifest-service,SUCCESS,2026-08-18T00:01:00,2026-08-18T00:14:50,326.12,503.95,agent-west-03
BUILD-1092,Org_B,claims-ingestion-pipeline,SUCCESS,2026-08-18T00:20:00,2026-08-18T00:28:16,488.34,8.0,agent-central-03
BUILD-1093,Org_A,payment-clearing-engine,FAILED,2026-08-18T00:41:00,2026-08-18T00:50:28,512.68,55.38,agent-east-03
BUILD-1094,Org_C,safety-audit-service,SUCCESS,2026-08-18T01:06:00,2026-08-18T01:16:21,561.98,59.53,agent-west-05
BUILD-1095,Org_A,mobile-banking-api,SUCCESS,2026-08-18T01:28:00,2026-08-18T01:30:55,143.31,31.85,agent-east-02
BUILD-1096,Org_C,cargo-manifest-service,SUCCESS,2026-08-18T01:51:00,2026-08-18T01:54:46,209.42,17.34,agent-west-01
BUILD-1097,Org_C,safety-audit-service,SUCCESS,2026-08-18T02:15:00,2026-08-18T02:19:47,269.18,18.62,agent-west-01
BUILD-1098,Org_B,provider-directory,SUCCESS,2026-08-18T02:34:00,2026-08-18T02:42:03,399.64,83.73,agent-central-02
BUILD-1099,Org_A,fraud-detection-service,SUCCESS,2026-08-18T03:02:00,2026-08-18T03:13:38,605.11,93.72,agent-east-02
BUILD-1100,Org_B,provider-directory,SUCCESS,2026-08-18T03:22:00,2026-08-18T03:32:39,613.22,26.18,agent-central-03
BUILD-1101,Org_B,claims-ingestion-pipeline,SUCCESS,2026-08-18T03:45:00,2026-08-18T03:49:54,256.9,37.8,agent-central-02
BUILD-1102,Org_B,ehr-bridge,SUCCESS,2026-08-18T04:01:00,2026-08-18T04:06:15,309.74,6.2,agent-central-01
BUILD-1103,Org_A,mobile-banking-api,SUCCESS,2026-08-18T04:28:00,2026-08-18T04:36:03,402.77,80.24,agent-east-01
BUILD-1104,Org_B,claims-ingestion-pipeline,SUCCESS,2026-08-18T04:53:00,2026-08-18T05:01:32,422.97,89.17,agent-central-01
BUILD-1105,Org_B,provider-directory,SUCCESS,2026-08-18T05:15:00,2026-08-18T05:24:09,530.42,19.44,agent-central-02
BUILD-1106,Org_A,customer-portal,FAILED,2026-08-18T05:27:00,2026-08-18T05:35:45,199.5,325.53,agent-east-04
BUILD-1107,Org_B,hipaa-compliance-scan,SUCCESS,2026-08-18T05:58:00,2026-08-18T06:06:46,475.16,50.88,agent-central-02
BUILD-1108,Org_B,claims-ingestion-pipeline,FAILED,2026-08-18T06:11:00,2026-08-18T06:24:09,267.1,522.72,agent-central-03
BUILD-1109,Org_A,mobile-banking-api,SUCCESS,2026-08-18T06:41:00,2026-08-18T06:50:51,533.42,58.06,agent-east-04
BUILD-1110,Org_A,customer-portal,SUCCESS,2026-08-18T06:57:00,2026-08-18T07:10:16,376.96,419.07,agent-east-04
BUILD-1111,Org_A,mobile-banking-api,SUCCESS,2026-08-18T07:23:00,2026-08-18T07:26:44,202.71,21.91,agent-east-01
BUILD-1112,Org_A,customer-portal,SUCCESS,2026-08-18T07:47:00,2026-08-18T07:51:17,225.23,32.7,agent-east-04
BUILD-1113,Org_A,mobile-banking-api,SUCCESS,2026-08-18T08:02:00,2026-08-18T08:08:40,376.57,23.49,agent-east-03
BUILD-1114,Org_A,payment-clearing-engine,SUCCESS,2026-08-18T08:29:00,2026-08-18T08:40:44,696.01,8.0,agent-east-02
BUILD-1115,Org_A,mobile-banking-api,SUCCESS,2026-08-18T08:55:00,2026-08-18T09:06:23,342.91,340.97,agent-east-01
BUILD-1116,Org_A,customer-portal,CANCELLED,2026-08-18T09:17:00,2026-08-18T09:30:47,305.94,521.83,agent-east-01
BUILD-1117,Org_B,ehr-bridge,SUCCESS,2026-08-18T09:36:00,2026-08-18T09:48:51,311.13,460.18,agent-central-03
BUILD-1118,Org_C,cargo-manifest-service,SUCCESS,2026-08-18T09:53:00,2026-08-18T10:05:31,392.42,359.47,agent-west-04
BUILD-1119,Org_A,mobile-banking-api,SUCCESS,2026-08-18T10:20:00,2026-08-18T10:29:09,473.65,76.29,agent-east-01
BUILD-1120,Org_A,fraud-detection-service,SUCCESS,2026-08-18T10:38:00,2026-08-18T10:54:13,320.42,653.5,agent-east-02
BUILD-1121,Org_A,customer-portal,SUCCESS,2026-08-18T11:07:00,2026-08-18T11:11:57,269.52,27.86,agent-east-03
BUILD-1122,Org_C,cargo-manifest-service,SUCCESS,2026-08-18T11:29:00,2026-08-18T11:33:30,258.69,12.24,agent-west-03
BUILD-1123,Org_A,customer-portal,SUCCESS,2026-08-18T11:47:00,2026-08-18T11:55:33,454.94,58.2,agent-east-04
BUILD-1124,Org_C,cargo-manifest-service,FAILED,2026-08-18T12:03:00,2026-08-18T12:16:49,406.33,423.18,agent-west-04
BUILD-1125,Org_A,payment-clearing-engine,FAILED,2026-08-18T12:32:00,2026-08-18T12:44:35,718.54,37.13,agent-east-03
BUILD-1126,Org_B,hipaa-compliance-scan,SUCCESS,2026-08-18T12:55:00,2026-08-18T12:57:42,151.49,11.1,agent-central-01
BUILD-1127,Org_B,claims-ingestion-pipeline,SUCCESS,2026-08-18T13:15:00,2026-08-18T13:20:27,294.15,33.07,agent-central-01
BUILD-1128,Org_C,safety-audit-service,SUCCESS,2026-08-18T13:32:00,2026-08-18T13:46:03,757.12,86.78,agent-west-05
BUILD-1129,Org_C,flight-telemetry-ingest,SUCCESS,2026-08-18T13:56:00,2026-08-18T14:05:05,508.46,37.37,agent-west-03
BUILD-1130,Org_C,safety-audit-service,SUCCESS,2026-08-18T14:23:00,2026-08-18T14:31:44,432.96,91.08,agent-west-05
BUILD-1131,Org_B,claims-ingestion-pipeline,SUCCESS,2026-08-18T14:44:00,2026-08-18T14:52:16,367.51,129.23,agent-central-02
BUILD-1132,Org_C,safety-audit-service,SUCCESS,2026-08-18T15:05:00,2026-08-18T15:14:28,517.97,50.21,agent-west-01
BUILD-1133,Org_B,hipaa-compliance-scan,SUCCESS,2026-08-18T15:26:00,2026-08-18T15:31:16,299.03,17.72,agent-central-03
BUILD-1134,Org_A,payment-clearing-engine,SUCCESS,2026-08-18T15:48:00,2026-08-18T15:59:53,268.18,445.34,agent-east-02
BUILD-1135,Org_B,provider-directory,SUCCESS,2026-08-18T16:05:00,2026-08-18T16:10:47,316.85,30.27,agent-central-02
BUILD-1136,Org_A,payment-clearing-engine,CANCELLED,2026-08-18T16:34:00,2026-08-18T16:40:05,327.38,37.88,agent-east-03
BUILD-1137,Org_C,flight-telemetry-ingest,SUCCESS,2026-08-18T16:52:00,2026-08-18T17:01:13,533.07,20.3,agent-west-01
BUILD-1138,Org_A,fraud-detection-service,SUCCESS,2026-08-18T17:12:00,2026-08-18T17:17:17,290.17,27.72,agent-east-04
BUILD-1139,Org_A,customer-portal,SUCCESS,2026-08-18T17:37:00,2026-08-18T17:50:24,336.88,467.26,agent-east-03
BUILD-1140,Org_C,safety-audit-service,SUCCESS,2026-08-18T17:56:00,2026-08-18T18:03:49,399.75,69.87,agent-west-04
BUILD-1141,Org_A,mobile-banking-api,SUCCESS,2026-08-18T18:22:00,2026-08-18T18:27:33,309.51,23.82,agent-east-01
BUILD-1142,Org_A,payment-clearing-engine,SUCCESS,2026-08-18T18:41:00,2026-08-18T18:50:25,527.5,37.87,agent-east-03
BUILD-1143,Org_A,payment-clearing-engine,SUCCESS,2026-08-18T19:05:00,2026-08-18T19:13:19,445.38,53.71,agent-east-01
BUILD-1144,Org_B,ehr-bridge,SUCCESS,2026-08-18T19:23:00,2026-08-18T19:33:26,490.06,136.31,agent-central-01
BUILD-1145,Org_A,mobile-banking-api,SUCCESS,2026-08-18T19:49:00,2026-08-18T20:02:47,383.61,444.37,agent-east-01
BUILD-1146,Org_A,payment-clearing-engine,FAILED,2026-08-18T20:17:00,2026-08-18T20:33:02,340.54,621.99,agent-east-01
BUILD-1147,Org_B,claims-ingestion-pipeline,SUCCESS,2026-08-18T20:36:00,2026-08-18T20:48:02,674.26,48.67,agent-central-02
BUILD-1148,Org_C,safety-audit-service,SUCCESS,2026-08-18T20:58:00,2026-08-18T21:06:47,464.56,63.05,agent-west-04
BUILD-1149,Org_B,claims-ingestion-pipeline,SUCCESS,2026-08-18T21:22:00,2026-08-18T21:31:29,505.38,64.23,agent-central-03
BUILD-1150,Org_B,hipaa-compliance-scan,SUCCESS,2026-08-18T21:37:00,2026-08-18T21:42:34,272.9,61.37,agent-central-02
BUILD-1151,Org_B,ehr-bridge,SUCCESS,2026-08-18T22:02:00,2026-08-18T22:04:54,156.07,18.37,agent-central-02
BUILD-1152,Org_B,hipaa-compliance-scan,SUCCESS,2026-08-18T22:21:00,2026-08-18T22:27:24,348.16,35.85,agent-central-03
BUILD-1153,Org_A,payment-clearing-engine,SUCCESS,2026-08-18T22:51:00,2026-08-18T23:02:07,341.0,326.89,agent-east-04
BUILD-1154,Org_A,fraud-detection-service,SUCCESS,2026-08-18T23:13:00,2026-08-18T23:24:49,355.32,353.76,agent-east-02
BUILD-1155,Org_A,payment-clearing-engine,SUCCESS,2026-08-18T23:26:00,2026-08-18T23:38:06,291.1,434.9,agent-east-03
BUILD-1156,Org_C,cargo-manifest-service,SUCCESS,2026-08-18T23:52:00,2026-08-19T00:04:31,637.29,114.01,agent-west-03
BUILD-1157,Org_C,safety-audit-service,SUCCESS,2026-08-19T00:12:00,2026-08-19T00:21:06,507.79,38.44,agent-west-02
BUILD-1158,Org_A,customer-portal,FAILED,2026-08-19T00:31:00,2026-08-19T00:42:39,618.88,80.96,agent-east-04
BUILD-1159,Org_B,provider-directory,SUCCESS,2026-08-19T00:56:00,2026-08-19T01:04:58,449.36,88.84,agent-central-02
BUILD-1160,Org_B,claims-ingestion-pipeline,FAILED,2026-08-19T01:18:00,2026-08-19T01:25:09,382.97,46.37,agent-central-01
BUILD-1161,Org_C,safety-audit-service,SUCCESS,2026-08-19T01:39:00,2026-08-19T01:45:04,335.87,28.67,agent-west-03
BUILD-1162,Org_C,cargo-manifest-service,SUCCESS,2026-08-19T02:00:00,2026-08-19T02:10:09,563.65,45.58,agent-west-01
BUILD-1163,Org_A,fraud-detection-service,SUCCESS,2026-08-19T02:27:00,2026-08-19T02:38:02,654.32,8.0,agent-east-03
BUILD-1164,Org_B,hipaa-compliance-scan,SUCCESS,2026-08-19T02:52:00,2026-08-19T02:54:51,159.14,11.98,agent-central-02
BUILD-1165,Org_B,claims-ingestion-pipeline,SUCCESS,2026-08-19T03:08:00,2026-08-19T03:19:44,184.82,519.86,agent-central-02
BUILD-1166,Org_C,safety-audit-service,SUCCESS,2026-08-19T03:30:00,2026-08-19T03:37:08,408.93,19.84,agent-west-05
BUILD-1167,Org_A,fraud-detection-service,SUCCESS,2026-08-19T03:52:00,2026-08-19T03:58:07,334.67,32.92,agent-east-02
BUILD-1168,Org_B,provider-directory,SUCCESS,2026-08-19T04:11:00,2026-08-19T04:25:48,763.33,125.0,agent-central-01
BUILD-1169,Org_B,ehr-bridge,SUCCESS,2026-08-19T04:38:00,2026-08-19T04:49:04,582.0,82.39,agent-central-01
BUILD-1170,Org_C,flight-telemetry-ingest,SUCCESS,2026-08-19T05:00:00,2026-08-19T05:03:59,223.2,16.17,agent-west-03
BUILD-1171,Org_B,ehr-bridge,SUCCESS,2026-08-19T05:25:00,2026-08-19T05:29:52,260.71,31.78,agent-central-02
BUILD-1172,Org_B,claims-ingestion-pipeline,SUCCESS,2026-08-19T05:47:00,2026-08-19T05:59:01,680.68,40.61,agent-central-01
BUILD-1173,Org_B,claims-ingestion-pipeline,SUCCESS,2026-08-19T06:01:00,2026-08-19T06:11:15,542.95,72.73,agent-central-03
BUILD-1174,Org_A,fraud-detection-service,SUCCESS,2026-08-19T06:28:00,2026-08-19T06:31:44,208.11,16.39,agent-east-02
BUILD-1175,Org_A,payment-clearing-engine,SUCCESS,2026-08-19T06:51:00,2026-08-19T06:56:25,273.62,52.28,agent-east-04
BUILD-1176,Org_C,safety-audit-service,SUCCESS,2026-08-19T07:07:00,2026-08-19T07:15:32,408.47,104.04,agent-west-02
BUILD-1177,Org_A,customer-portal,SUCCESS,2026-08-19T07:35:00,2026-08-19T07:44:17,519.18,37.84,agent-east-02
BUILD-1178,Org_A,customer-portal,CANCELLED,2026-08-19T07:57:00,2026-08-19T08:08:10,281.68,388.77,agent-east-02
BUILD-1179,Org_C,safety-audit-service,SUCCESS,2026-08-19T08:13:00,2026-08-19T08:17:49,243.06,45.99,agent-west-04
BUILD-1180,Org_A,payment-clearing-engine,SUCCESS,2026-08-19T08:38:00,2026-08-19T08:49:54,327.56,386.74,agent-east-04
BUILD-1181,Org_A,mobile-banking-api,SUCCESS,2026-08-19T09:07:00,2026-08-19T09:14:25,375.1,70.56,agent-east-03
BUILD-1182,Org_A,customer-portal,SUCCESS,2026-08-19T09:25:00,2026-08-19T09:37:26,353.02,393.76,agent-east-03
BUILD-1183,Org_A,mobile-banking-api,SUCCESS,2026-08-19T09:50:00,2026-08-19T09:58:25,432.88,72.32,agent-east-01
BUILD-1184,Org_A,customer-portal,SUCCESS,2026-08-19T10:04:00,2026-08-19T10:12:17,431.09,66.52,agent-east-02
BUILD-1185,Org_A,payment-clearing-engine,SUCCESS,2026-08-19T10:35:00,2026-08-19T10:42:58,444.97,33.05,agent-east-04
BUILD-1186,Org_B,claims-ingestion-pipeline,SUCCESS,2026-08-19T10:53:00,2026-08-19T11:03:07,542.24,65.33,agent-central-01
BUILD-1187,Org_C,flight-telemetry-ingest,SUCCESS,2026-08-19T11:09:00,2026-08-19T11:22:12,402.15,390.5,agent-west-02
BUILD-1188,Org_C,cargo-manifest-service,SUCCESS,2026-08-19T11:36:00,2026-08-19T11:46:01,549.01,52.24,agent-west-05
BUILD-1189,Org_B,claims-ingestion-pipeline,SUCCESS,2026-08-19T12:03:00,2026-08-19T12:10:07,355.0,72.87,agent-central-02
BUILD-1190,Org_A,fraud-detection-service,SUCCESS,2026-08-19T12:23:00,2026-08-19T12:34:45,313.67,391.91,agent-east-01
BUILD-1191,Org_C,cargo-manifest-service,SUCCESS,2026-08-19T12:43:00,2026-08-19T12:51:38,485.04,33.13,agent-west-02
BUILD-1192,Org_C,flight-telemetry-ingest,SUCCESS,2026-08-19T13:09:00,2026-08-19T13:18:13,543.51,9.64,agent-west-05
BUILD-1193,Org_C,flight-telemetry-ingest,SUCCESS,2026-08-19T13:30:00,2026-08-19T13:35:57,256.78,100.26,agent-west-01
BUILD-1194,Org_A,payment-clearing-engine,SUCCESS,2026-08-19T13:51:00,2026-08-19T13:53:27,137.51,10.2,agent-east-04
BUILD-1195,Org_B,provider-directory,SUCCESS,2026-08-19T14:09:00,2026-08-19T14:15:07,362.51,5.31,agent-central-02
BUILD-1196,Org_A,payment-clearing-engine,SUCCESS,2026-08-19T14:34:00,2026-08-19T14:41:51,396.97,74.99,agent-east-02
BUILD-1197,Org_C,flight-telemetry-ingest,SUCCESS,2026-08-19T14:49:00,2026-08-19T14:59:01,520.59,80.95,agent-west-02
BUILD-1198,Org_A,fraud-detection-service,SUCCESS,2026-08-19T15:18:00,2026-08-19T15:22:50,261.67,28.97,agent-east-03
BUILD-1199,Org_B,claims-ingestion-pipeline,SUCCESS,2026-08-19T15:41:00,2026-08-19T15:50:39,524.19,55.11,agent-central-02
BUILD-1200,Org_B,ehr-bridge,SUCCESS,2026-08-19T16:00:00,2026-08-19T16:08:51,431.01,100.1,agent-central-01
