build_id,task_name,cache_status,cache_key
BUILD-0001,dependency_install,HIT,claims-ingestion-pipeline-dependency_install-sha-28119
BUILD-0001,package_build,HIT,claims-ingestion-pipeline-package_build-sha-89851
BUILD-0001,security_scan,HIT,claims-ingestion-pipeline-security_scan-sha-54331
BUILD-0001,compile,HIT,claims-ingestion-pipeline-compile-sha-38467
BUILD-0002,dependency_install,HIT,flight-telemetry-ingest-dependency_install-sha-34499
BUILD-0002,package_build,MISS,flight-telemetry-ingest-package_build-sha-45340
BUILD-0002,compile,MISS,flight-telemetry-ingest-compile-sha-85634
BUILD-0003,compile,HIT,provider-directory-compile-sha-25494
BUILD-0003,dependency_install,HIT,provider-directory-dependency_install-sha-75671
BUILD-0003,security_scan,HIT,provider-directory-security_scan-sha-45533
BUILD-0003,package_build,HIT,provider-directory-package_build-sha-82070
BUILD-0004,compile,MISS,hipaa-compliance-scan-compile-sha-61557
BUILD-0004,package_build,MISS,hipaa-compliance-scan-package_build-sha-42045
BUILD-0004,dependency_install,MISS,hipaa-compliance-scan-dependency_install-sha-60990
BUILD-0004,security_scan,MISS,hipaa-compliance-scan-security_scan-sha-42029
BUILD-0005,dependency_install,HIT,ehr-bridge-dependency_install-sha-48395
BUILD-0005,package_build,HIT,ehr-bridge-package_build-sha-30131
BUILD-0005,security_scan,HIT,ehr-bridge-security_scan-sha-30688
BUILD-0005,compile,HIT,ehr-bridge-compile-sha-48222
BUILD-0006,dependency_install,HIT,cargo-manifest-service-dependency_install-sha-80967
BUILD-0006,package_build,HIT,cargo-manifest-service-package_build-sha-19507
BUILD-0006,compile,HIT,cargo-manifest-service-compile-sha-33994
BUILD-0006,security_scan,HIT,cargo-manifest-service-security_scan-sha-71943
BUILD-0007,compile,HIT,ehr-bridge-compile-sha-29486
BUILD-0007,dependency_install,MISS,ehr-bridge-dependency_install-sha-46807
BUILD-0007,package_build,HIT,ehr-bridge-package_build-sha-12081
BUILD-0007,security_scan,HIT,ehr-bridge-security_scan-sha-33893
BUILD-0008,security_scan,HIT,safety-audit-service-security_scan-sha-94708
BUILD-0008,dependency_install,HIT,safety-audit-service-dependency_install-sha-70760
BUILD-0008,package_build,HIT,safety-audit-service-package_build-sha-21043
BUILD-0009,compile,HIT,cargo-manifest-service-compile-sha-53479
BUILD-0009,package_build,HIT,cargo-manifest-service-package_build-sha-12856
BUILD-0009,security_scan,HIT,cargo-manifest-service-security_scan-sha-87801
BUILD-0009,dependency_install,HIT,cargo-manifest-service-dependency_install-sha-05818
BUILD-0010,compile,HIT,provider-directory-compile-sha-24611
BUILD-0010,security_scan,HIT,provider-directory-security_scan-sha-87197
BUILD-0010,dependency_install,HIT,provider-directory-dependency_install-sha-18341
BUILD-0011,compile,MISS,flight-telemetry-ingest-compile-sha-29471
BUILD-0011,dependency_install,MISS,flight-telemetry-ingest-dependency_install-sha-69969
BUILD-0011,package_build,HIT,flight-telemetry-ingest-package_build-sha-56037
BUILD-0012,dependency_install,MISS,payment-clearing-engine-dependency_install-sha-94940
BUILD-0012,security_scan,HIT,payment-clearing-engine-security_scan-sha-30702
BUILD-0012,compile,HIT,payment-clearing-engine-compile-sha-31942
BUILD-0013,compile,HIT,mobile-banking-api-compile-sha-51737
BUILD-0013,package_build,HIT,mobile-banking-api-package_build-sha-38530
BUILD-0013,security_scan,HIT,mobile-banking-api-security_scan-sha-20143
BUILD-0014,compile,MISS,provider-directory-compile-sha-01850
BUILD-0014,security_scan,MISS,provider-directory-security_scan-sha-96349
BUILD-0014,dependency_install,HIT,provider-directory-dependency_install-sha-01770
BUILD-0015,compile,HIT,claims-ingestion-pipeline-compile-sha-60885
BUILD-0015,package_build,HIT,claims-ingestion-pipeline-package_build-sha-03772
BUILD-0015,security_scan,HIT,claims-ingestion-pipeline-security_scan-sha-43114
BUILD-0016,compile,HIT,hipaa-compliance-scan-compile-sha-47094
BUILD-0016,package_build,HIT,hipaa-compliance-scan-package_build-sha-89126
BUILD-0016,dependency_install,HIT,hipaa-compliance-scan-dependency_install-sha-06043
BUILD-0016,security_scan,HIT,hipaa-compliance-scan-security_scan-sha-93610
BUILD-0017,compile,MISS,fraud-detection-service-compile-sha-66934
BUILD-0017,package_build,HIT,fraud-detection-service-package_build-sha-47172
BUILD-0017,dependency_install,HIT,fraud-detection-service-dependency_install-sha-58209
BUILD-0017,security_scan,HIT,fraud-detection-service-security_scan-sha-07152
BUILD-0018,compile,MISS,ehr-bridge-compile-sha-57208
BUILD-0018,security_scan,HIT,ehr-bridge-security_scan-sha-10342
BUILD-0018,dependency_install,HIT,ehr-bridge-dependency_install-sha-01504
BUILD-0019,security_scan,MISS,provider-directory-security_scan-sha-83229
BUILD-0019,package_build,MISS,provider-directory-package_build-sha-58317
BUILD-0019,compile,MISS,provider-directory-compile-sha-63301
BUILD-0020,package_build,HIT,safety-audit-service-package_build-sha-94824
BUILD-0020,compile,MISS,safety-audit-service-compile-sha-49197
BUILD-0020,dependency_install,HIT,safety-audit-service-dependency_install-sha-65110
BUILD-0020,security_scan,HIT,safety-audit-service-security_scan-sha-62272
BUILD-0021,package_build,MISS,flight-telemetry-ingest-package_build-sha-87654
BUILD-0021,compile,HIT,flight-telemetry-ingest-compile-sha-78435
BUILD-0021,dependency_install,MISS,flight-telemetry-ingest-dependency_install-sha-22323
BUILD-0021,security_scan,MISS,flight-telemetry-ingest-security_scan-sha-46450
BUILD-0022,security_scan,HIT,customer-portal-security_scan-sha-93423
BUILD-0022,package_build,HIT,customer-portal-package_build-sha-75158
BUILD-0022,dependency_install,HIT,customer-portal-dependency_install-sha-68242
BUILD-0022,compile,HIT,customer-portal-compile-sha-29967
BUILD-0023,security_scan,MISS,provider-directory-security_scan-sha-58865
BUILD-0023,dependency_install,MISS,provider-directory-dependency_install-sha-65565
BUILD-0023,compile,MISS,provider-directory-compile-sha-44569
BUILD-0023,package_build,MISS,provider-directory-package_build-sha-54889
BUILD-0024,security_scan,HIT,ehr-bridge-security_scan-sha-20447
BUILD-0024,dependency_install,HIT,ehr-bridge-dependency_install-sha-37540
BUILD-0025,dependency_install,MISS,fraud-detection-service-dependency_install-sha-06939
BUILD-0025,package_build,HIT,fraud-detection-service-package_build-sha-27051
BUILD-0025,security_scan,MISS,fraud-detection-service-security_scan-sha-89328
BUILD-0026,security_scan,HIT,safety-audit-service-security_scan-sha-97461
BUILD-0026,compile,HIT,safety-audit-service-compile-sha-77880
BUILD-0026,package_build,HIT,safety-audit-service-package_build-sha-67168
BUILD-0027,compile,MISS,ehr-bridge-compile-sha-84315
BUILD-0027,dependency_install,HIT,ehr-bridge-dependency_install-sha-99032
BUILD-0027,package_build,HIT,ehr-bridge-package_build-sha-79659
BUILD-0027,security_scan,HIT,ehr-bridge-security_scan-sha-11594
BUILD-0028,compile,HIT,provider-directory-compile-sha-92354
BUILD-0028,security_scan,HIT,provider-directory-security_scan-sha-61189
BUILD-0028,package_build,HIT,provider-directory-package_build-sha-24190
BUILD-0028,dependency_install,HIT,provider-directory-dependency_install-sha-42838
BUILD-0029,dependency_install,MISS,customer-portal-dependency_install-sha-18221
BUILD-0029,security_scan,HIT,customer-portal-security_scan-sha-60789
BUILD-0029,compile,HIT,customer-portal-compile-sha-81996
BUILD-0029,package_build,HIT,customer-portal-package_build-sha-55056
BUILD-0030,package_build,HIT,fraud-detection-service-package_build-sha-19408
BUILD-0030,security_scan,HIT,fraud-detection-service-security_scan-sha-01077
BUILD-0030,compile,HIT,fraud-detection-service-compile-sha-18005
BUILD-0030,dependency_install,HIT,fraud-detection-service-dependency_install-sha-74575
BUILD-0031,package_build,HIT,payment-clearing-engine-package_build-sha-39716
BUILD-0031,compile,HIT,payment-clearing-engine-compile-sha-22480
BUILD-0031,dependency_install,HIT,payment-clearing-engine-dependency_install-sha-29464
BUILD-0031,security_scan,HIT,payment-clearing-engine-security_scan-sha-38002
BUILD-0032,dependency_install,HIT,claims-ingestion-pipeline-dependency_install-sha-18318
BUILD-0032,compile,HIT,claims-ingestion-pipeline-compile-sha-35599
BUILD-0032,security_scan,MISS,claims-ingestion-pipeline-security_scan-sha-87334
BUILD-0033,compile,HIT,flight-telemetry-ingest-compile-sha-46439
BUILD-0033,security_scan,MISS,flight-telemetry-ingest-security_scan-sha-33401
BUILD-0033,dependency_install,HIT,flight-telemetry-ingest-dependency_install-sha-25230
BUILD-0033,package_build,HIT,flight-telemetry-ingest-package_build-sha-85939
BUILD-0034,compile,HIT,fraud-detection-service-compile-sha-81796
BUILD-0034,dependency_install,MISS,fraud-detection-service-dependency_install-sha-93693
BUILD-0034,security_scan,MISS,fraud-detection-service-security_scan-sha-56597
BUILD-0034,package_build,HIT,fraud-detection-service-package_build-sha-15281
BUILD-0035,dependency_install,MISS,ehr-bridge-dependency_install-sha-39222
BUILD-0035,package_build,HIT,ehr-bridge-package_build-sha-45844
BUILD-0035,compile,MISS,ehr-bridge-compile-sha-64488
BUILD-0035,security_scan,MISS,ehr-bridge-security_scan-sha-33624
BUILD-0036,security_scan,MISS,mobile-banking-api-security_scan-sha-08092
BUILD-0036,dependency_install,MISS,mobile-banking-api-dependency_install-sha-27118
BUILD-0036,package_build,MISS,mobile-banking-api-package_build-sha-46316
BUILD-0036,compile,MISS,mobile-banking-api-compile-sha-85309
BUILD-0037,security_scan,HIT,payment-clearing-engine-security_scan-sha-57151
BUILD-0037,compile,MISS,payment-clearing-engine-compile-sha-47076
BUILD-0037,package_build,MISS,payment-clearing-engine-package_build-sha-32561
BUILD-0037,dependency_install,HIT,payment-clearing-engine-dependency_install-sha-87891
BUILD-0038,compile,MISS,ehr-bridge-compile-sha-20469
BUILD-0038,security_scan,MISS,ehr-bridge-security_scan-sha-84531
BUILD-0038,package_build,HIT,ehr-bridge-package_build-sha-25623
BUILD-0038,dependency_install,HIT,ehr-bridge-dependency_install-sha-89341
BUILD-0039,package_build,MISS,flight-telemetry-ingest-package_build-sha-22387
BUILD-0039,security_scan,MISS,flight-telemetry-ingest-security_scan-sha-19991
BUILD-0039,compile,MISS,flight-telemetry-ingest-compile-sha-88141
BUILD-0040,package_build,HIT,cargo-manifest-service-package_build-sha-22377
BUILD-0040,compile,MISS,cargo-manifest-service-compile-sha-82554
BUILD-0040,dependency_install,HIT,cargo-manifest-service-dependency_install-sha-87429
BUILD-0040,security_scan,MISS,cargo-manifest-service-security_scan-sha-64093
BUILD-0041,package_build,HIT,ehr-bridge-package_build-sha-11622
BUILD-0041,compile,HIT,ehr-bridge-compile-sha-06453
BUILD-0041,dependency_install,MISS,ehr-bridge-dependency_install-sha-41596
BUILD-0041,security_scan,HIT,ehr-bridge-security_scan-sha-85166
BUILD-0042,security_scan,HIT,hipaa-compliance-scan-security_scan-sha-75094
BUILD-0042,package_build,HIT,hipaa-compliance-scan-package_build-sha-12326
BUILD-0042,compile,HIT,hipaa-compliance-scan-compile-sha-83473
BUILD-0042,dependency_install,HIT,hipaa-compliance-scan-dependency_install-sha-18772
BUILD-0043,compile,HIT,safety-audit-service-compile-sha-31320
BUILD-0043,package_build,HIT,safety-audit-service-package_build-sha-51916
BUILD-0043,dependency_install,MISS,safety-audit-service-dependency_install-sha-46850
BUILD-0043,security_scan,HIT,safety-audit-service-security_scan-sha-51517
BUILD-0044,package_build,MISS,provider-directory-package_build-sha-38494
BUILD-0044,compile,HIT,provider-directory-compile-sha-83087
BUILD-0044,dependency_install,HIT,provider-directory-dependency_install-sha-28428
BUILD-0044,security_scan,HIT,provider-directory-security_scan-sha-26612
BUILD-0045,package_build,HIT,cargo-manifest-service-package_build-sha-92504
BUILD-0045,dependency_install,MISS,cargo-manifest-service-dependency_install-sha-81702
BUILD-0045,compile,MISS,cargo-manifest-service-compile-sha-66580
BUILD-0046,security_scan,HIT,flight-telemetry-ingest-security_scan-sha-54543
BUILD-0046,dependency_install,MISS,flight-telemetry-ingest-dependency_install-sha-50143
BUILD-0046,package_build,HIT,flight-telemetry-ingest-package_build-sha-83606
BUILD-0046,compile,MISS,flight-telemetry-ingest-compile-sha-89592
BUILD-0047,compile,MISS,hipaa-compliance-scan-compile-sha-04460
BUILD-0047,security_scan,HIT,hipaa-compliance-scan-security_scan-sha-07607
BUILD-0047,package_build,MISS,hipaa-compliance-scan-package_build-sha-50577
BUILD-0048,package_build,MISS,hipaa-compliance-scan-package_build-sha-99012
BUILD-0048,dependency_install,HIT,hipaa-compliance-scan-dependency_install-sha-49462
BUILD-0048,compile,HIT,hipaa-compliance-scan-compile-sha-65819
BUILD-0048,security_scan,HIT,hipaa-compliance-scan-security_scan-sha-02251
BUILD-0049,dependency_install,HIT,payment-clearing-engine-dependency_install-sha-54282
BUILD-0049,compile,HIT,payment-clearing-engine-compile-sha-00707
BUILD-0049,security_scan,HIT,payment-clearing-engine-security_scan-sha-69835
BUILD-0049,package_build,MISS,payment-clearing-engine-package_build-sha-09569
BUILD-0050,dependency_install,MISS,provider-directory-dependency_install-sha-07925
BUILD-0050,package_build,MISS,provider-directory-package_build-sha-37482
BUILD-0050,security_scan,MISS,provider-directory-security_scan-sha-64830
BUILD-0050,compile,MISS,provider-directory-compile-sha-95553
BUILD-0051,dependency_install,HIT,safety-audit-service-dependency_install-sha-76981
BUILD-0051,package_build,MISS,safety-audit-service-package_build-sha-16275
BUILD-0051,security_scan,HIT,safety-audit-service-security_scan-sha-85514
BUILD-0051,compile,MISS,safety-audit-service-compile-sha-41511
BUILD-0052,compile,MISS,flight-telemetry-ingest-compile-sha-44149
BUILD-0052,security_scan,MISS,flight-telemetry-ingest-security_scan-sha-22114
BUILD-0052,dependency_install,HIT,flight-telemetry-ingest-dependency_install-sha-87309
BUILD-0052,package_build,MISS,flight-telemetry-ingest-package_build-sha-43480
BUILD-0053,compile,MISS,claims-ingestion-pipeline-compile-sha-23649
BUILD-0053,security_scan,HIT,claims-ingestion-pipeline-security_scan-sha-53811
BUILD-0053,dependency_install,HIT,claims-ingestion-pipeline-dependency_install-sha-83093
BUILD-0053,package_build,MISS,claims-ingestion-pipeline-package_build-sha-38939
BUILD-0054,security_scan,MISS,hipaa-compliance-scan-security_scan-sha-79575
BUILD-0054,package_build,HIT,hipaa-compliance-scan-package_build-sha-48824
BUILD-0054,dependency_install,MISS,hipaa-compliance-scan-dependency_install-sha-79315
BUILD-0054,compile,MISS,hipaa-compliance-scan-compile-sha-47615
BUILD-0055,compile,HIT,claims-ingestion-pipeline-compile-sha-52132
BUILD-0055,security_scan,MISS,claims-ingestion-pipeline-security_scan-sha-61507
BUILD-0055,package_build,MISS,claims-ingestion-pipeline-package_build-sha-68020
BUILD-0055,dependency_install,MISS,claims-ingestion-pipeline-dependency_install-sha-29080
BUILD-0056,dependency_install,MISS,cargo-manifest-service-dependency_install-sha-26165
BUILD-0056,security_scan,MISS,cargo-manifest-service-security_scan-sha-30121
BUILD-0056,compile,HIT,cargo-manifest-service-compile-sha-41328
BUILD-0057,security_scan,HIT,safety-audit-service-security_scan-sha-52955
BUILD-0057,package_build,MISS,safety-audit-service-package_build-sha-34946
BUILD-0057,dependency_install,HIT,safety-audit-service-dependency_install-sha-14413
BUILD-0057,compile,HIT,safety-audit-service-compile-sha-66841
BUILD-0058,security_scan,HIT,safety-audit-service-security_scan-sha-17142
BUILD-0058,package_build,HIT,safety-audit-service-package_build-sha-23629
BUILD-0058,compile,HIT,safety-audit-service-compile-sha-78906
BUILD-0058,dependency_install,MISS,safety-audit-service-dependency_install-sha-67384
BUILD-0059,security_scan,HIT,fraud-detection-service-security_scan-sha-97887
BUILD-0059,package_build,MISS,fraud-detection-service-package_build-sha-12175
BUILD-0059,compile,HIT,fraud-detection-service-compile-sha-65848
BUILD-0060,package_build,HIT,claims-ingestion-pipeline-package_build-sha-13845
BUILD-0060,dependency_install,MISS,claims-ingestion-pipeline-dependency_install-sha-41476
BUILD-0060,security_scan,HIT,claims-ingestion-pipeline-security_scan-sha-75224
BUILD-0060,compile,HIT,claims-ingestion-pipeline-compile-sha-99896
BUILD-0061,package_build,MISS,safety-audit-service-package_build-sha-33188
BUILD-0061,compile,HIT,safety-audit-service-compile-sha-20943
BUILD-0061,dependency_install,HIT,safety-audit-service-dependency_install-sha-29510
BUILD-0061,security_scan,HIT,safety-audit-service-security_scan-sha-75822
BUILD-0062,compile,MISS,claims-ingestion-pipeline-compile-sha-77608
BUILD-0062,dependency_install,HIT,claims-ingestion-pipeline-dependency_install-sha-62164
BUILD-0062,security_scan,HIT,claims-ingestion-pipeline-security_scan-sha-70681
BUILD-0063,security_scan,HIT,payment-clearing-engine-security_scan-sha-51239
BUILD-0063,compile,HIT,payment-clearing-engine-compile-sha-41149
BUILD-0063,dependency_install,HIT,payment-clearing-engine-dependency_install-sha-79177
BUILD-0063,package_build,HIT,payment-clearing-engine-package_build-sha-33349
BUILD-0064,compile,HIT,customer-portal-compile-sha-99554
BUILD-0064,security_scan,MISS,customer-portal-security_scan-sha-03710
BUILD-0064,package_build,HIT,customer-portal-package_build-sha-23153
BUILD-0064,dependency_install,HIT,customer-portal-dependency_install-sha-07757
BUILD-0065,dependency_install,HIT,hipaa-compliance-scan-dependency_install-sha-53841
BUILD-0065,package_build,MISS,hipaa-compliance-scan-package_build-sha-00910
BUILD-0065,compile,HIT,hipaa-compliance-scan-compile-sha-33183
BUILD-0066,dependency_install,MISS,customer-portal-dependency_install-sha-85581
BUILD-0066,compile,HIT,customer-portal-compile-sha-90538
BUILD-0066,security_scan,HIT,customer-portal-security_scan-sha-23189
BUILD-0066,package_build,MISS,customer-portal-package_build-sha-92453
BUILD-0067,package_build,MISS,claims-ingestion-pipeline-package_build-sha-51042
BUILD-0067,compile,MISS,claims-ingestion-pipeline-compile-sha-60197
BUILD-0067,dependency_install,HIT,claims-ingestion-pipeline-dependency_install-sha-10566
BUILD-0068,compile,MISS,flight-telemetry-ingest-compile-sha-35156
BUILD-0068,dependency_install,MISS,flight-telemetry-ingest-dependency_install-sha-31279
BUILD-0068,security_scan,HIT,flight-telemetry-ingest-security_scan-sha-54897
BUILD-0069,dependency_install,MISS,payment-clearing-engine-dependency_install-sha-32065
BUILD-0069,compile,HIT,payment-clearing-engine-compile-sha-97303
BUILD-0069,package_build,MISS,payment-clearing-engine-package_build-sha-49831
BUILD-0069,security_scan,MISS,payment-clearing-engine-security_scan-sha-75102
BUILD-0070,dependency_install,HIT,claims-ingestion-pipeline-dependency_install-sha-98353
BUILD-0070,security_scan,HIT,claims-ingestion-pipeline-security_scan-sha-68612
BUILD-0070,compile,MISS,claims-ingestion-pipeline-compile-sha-38335
BUILD-0071,security_scan,HIT,cargo-manifest-service-security_scan-sha-14190
BUILD-0071,package_build,HIT,cargo-manifest-service-package_build-sha-25065
BUILD-0071,compile,HIT,cargo-manifest-service-compile-sha-61816
BUILD-0071,dependency_install,HIT,cargo-manifest-service-dependency_install-sha-99603
BUILD-0072,package_build,HIT,claims-ingestion-pipeline-package_build-sha-54245
BUILD-0072,compile,HIT,claims-ingestion-pipeline-compile-sha-67738
BUILD-0072,dependency_install,HIT,claims-ingestion-pipeline-dependency_install-sha-37546
BUILD-0073,package_build,HIT,payment-clearing-engine-package_build-sha-52565
BUILD-0073,security_scan,HIT,payment-clearing-engine-security_scan-sha-27952
BUILD-0074,security_scan,HIT,claims-ingestion-pipeline-security_scan-sha-68315
BUILD-0074,package_build,HIT,claims-ingestion-pipeline-package_build-sha-28535
BUILD-0074,dependency_install,HIT,claims-ingestion-pipeline-dependency_install-sha-10055
BUILD-0075,package_build,HIT,fraud-detection-service-package_build-sha-24182
BUILD-0075,security_scan,HIT,fraud-detection-service-security_scan-sha-76581
BUILD-0075,compile,HIT,fraud-detection-service-compile-sha-75484
BUILD-0075,dependency_install,MISS,fraud-detection-service-dependency_install-sha-97753
BUILD-0076,compile,MISS,fraud-detection-service-compile-sha-63820
BUILD-0076,security_scan,HIT,fraud-detection-service-security_scan-sha-56444
BUILD-0076,package_build,HIT,fraud-detection-service-package_build-sha-64909
BUILD-0076,dependency_install,HIT,fraud-detection-service-dependency_install-sha-80187
BUILD-0077,dependency_install,HIT,fraud-detection-service-dependency_install-sha-80078
BUILD-0077,package_build,HIT,fraud-detection-service-package_build-sha-66977
BUILD-0077,compile,HIT,fraud-detection-service-compile-sha-33888
BUILD-0078,compile,MISS,fraud-detection-service-compile-sha-46161
BUILD-0078,dependency_install,MISS,fraud-detection-service-dependency_install-sha-94878
BUILD-0078,package_build,MISS,fraud-detection-service-package_build-sha-28350
BUILD-0079,compile,HIT,cargo-manifest-service-compile-sha-43223
BUILD-0079,security_scan,HIT,cargo-manifest-service-security_scan-sha-69347
BUILD-0079,dependency_install,HIT,cargo-manifest-service-dependency_install-sha-05720
BUILD-0080,compile,HIT,ehr-bridge-compile-sha-49200
BUILD-0080,security_scan,HIT,ehr-bridge-security_scan-sha-97080
BUILD-0080,package_build,MISS,ehr-bridge-package_build-sha-91770
BUILD-0080,dependency_install,HIT,ehr-bridge-dependency_install-sha-00339
BUILD-0081,compile,HIT,flight-telemetry-ingest-compile-sha-70234
BUILD-0081,package_build,HIT,flight-telemetry-ingest-package_build-sha-35651
BUILD-0081,security_scan,HIT,flight-telemetry-ingest-security_scan-sha-76388
BUILD-0082,security_scan,HIT,customer-portal-security_scan-sha-96343
BUILD-0082,dependency_install,MISS,customer-portal-dependency_install-sha-38413
BUILD-0082,package_build,MISS,customer-portal-package_build-sha-52126
BUILD-0083,dependency_install,HIT,ehr-bridge-dependency_install-sha-43886
BUILD-0083,compile,HIT,ehr-bridge-compile-sha-36671
BUILD-0083,package_build,HIT,ehr-bridge-package_build-sha-20869
BUILD-0083,security_scan,MISS,ehr-bridge-security_scan-sha-38587
BUILD-0084,package_build,HIT,payment-clearing-engine-package_build-sha-68649
BUILD-0084,dependency_install,MISS,payment-clearing-engine-dependency_install-sha-98783
BUILD-0084,security_scan,HIT,payment-clearing-engine-security_scan-sha-13219
BUILD-0084,compile,MISS,payment-clearing-engine-compile-sha-75693
BUILD-0085,package_build,HIT,flight-telemetry-ingest-package_build-sha-98972
BUILD-0085,dependency_install,HIT,flight-telemetry-ingest-dependency_install-sha-23302
BUILD-0086,dependency_install,HIT,payment-clearing-engine-dependency_install-sha-43552
BUILD-0086,compile,HIT,payment-clearing-engine-compile-sha-54812
BUILD-0086,package_build,HIT,payment-clearing-engine-package_build-sha-55379
BUILD-0086,security_scan,HIT,payment-clearing-engine-security_scan-sha-10649
BUILD-0087,package_build,MISS,claims-ingestion-pipeline-package_build-sha-57106
BUILD-0087,compile,MISS,claims-ingestion-pipeline-compile-sha-20208
BUILD-0088,package_build,HIT,cargo-manifest-service-package_build-sha-17090
BUILD-0088,compile,HIT,cargo-manifest-service-compile-sha-03571
BUILD-0088,dependency_install,HIT,cargo-manifest-service-dependency_install-sha-73067
BUILD-0089,compile,HIT,customer-portal-compile-sha-90641
BUILD-0089,dependency_install,MISS,customer-portal-dependency_install-sha-97021
BUILD-0089,package_build,HIT,customer-portal-package_build-sha-08965
BUILD-0090,dependency_install,MISS,fraud-detection-service-dependency_install-sha-17474
BUILD-0090,package_build,HIT,fraud-detection-service-package_build-sha-25061
BUILD-0090,compile,HIT,fraud-detection-service-compile-sha-04654
BUILD-0090,security_scan,MISS,fraud-detection-service-security_scan-sha-21415
BUILD-0091,dependency_install,MISS,claims-ingestion-pipeline-dependency_install-sha-08348
BUILD-0091,security_scan,HIT,claims-ingestion-pipeline-security_scan-sha-29700
BUILD-0091,compile,MISS,claims-ingestion-pipeline-compile-sha-81387
BUILD-0091,package_build,HIT,claims-ingestion-pipeline-package_build-sha-24070
BUILD-0092,compile,HIT,customer-portal-compile-sha-96771
BUILD-0092,security_scan,HIT,customer-portal-security_scan-sha-18889
BUILD-0092,dependency_install,MISS,customer-portal-dependency_install-sha-72948
BUILD-0092,package_build,MISS,customer-portal-package_build-sha-76449
BUILD-0093,dependency_install,HIT,safety-audit-service-dependency_install-sha-67598
BUILD-0093,security_scan,MISS,safety-audit-service-security_scan-sha-68974
BUILD-0093,compile,HIT,safety-audit-service-compile-sha-58444
BUILD-0094,compile,MISS,ehr-bridge-compile-sha-58501
BUILD-0094,dependency_install,MISS,ehr-bridge-dependency_install-sha-76250
BUILD-0094,security_scan,MISS,ehr-bridge-security_scan-sha-31321
BUILD-0095,package_build,HIT,hipaa-compliance-scan-package_build-sha-40594
BUILD-0095,security_scan,HIT,hipaa-compliance-scan-security_scan-sha-75380
BUILD-0096,package_build,HIT,mobile-banking-api-package_build-sha-72238
BUILD-0096,security_scan,HIT,mobile-banking-api-security_scan-sha-56659
BUILD-0096,compile,HIT,mobile-banking-api-compile-sha-01078
BUILD-0097,compile,MISS,flight-telemetry-ingest-compile-sha-90460
BUILD-0097,package_build,MISS,flight-telemetry-ingest-package_build-sha-95270
BUILD-0097,dependency_install,HIT,flight-telemetry-ingest-dependency_install-sha-39019
BUILD-0098,dependency_install,MISS,payment-clearing-engine-dependency_install-sha-05852
BUILD-0098,compile,HIT,payment-clearing-engine-compile-sha-53960
BUILD-0098,package_build,HIT,payment-clearing-engine-package_build-sha-96734
BUILD-0098,security_scan,HIT,payment-clearing-engine-security_scan-sha-91984
BUILD-0099,compile,HIT,customer-portal-compile-sha-84012
BUILD-0099,package_build,HIT,customer-portal-package_build-sha-67113
BUILD-0099,security_scan,HIT,customer-portal-security_scan-sha-71612
BUILD-0100,security_scan,HIT,payment-clearing-engine-security_scan-sha-87951
BUILD-0100,compile,MISS,payment-clearing-engine-compile-sha-04965
BUILD-0100,dependency_install,HIT,payment-clearing-engine-dependency_install-sha-41046
BUILD-0100,package_build,MISS,payment-clearing-engine-package_build-sha-50118
BUILD-0101,dependency_install,HIT,safety-audit-service-dependency_install-sha-22709
BUILD-0101,package_build,HIT,safety-audit-service-package_build-sha-72901
BUILD-0101,compile,HIT,safety-audit-service-compile-sha-63159
BUILD-0102,dependency_install,HIT,ehr-bridge-dependency_install-sha-19494
BUILD-0102,security_scan,HIT,ehr-bridge-security_scan-sha-97794
BUILD-0102,package_build,HIT,ehr-bridge-package_build-sha-12842
BUILD-0102,compile,HIT,ehr-bridge-compile-sha-66837
BUILD-0103,dependency_install,HIT,payment-clearing-engine-dependency_install-sha-82050
BUILD-0103,package_build,HIT,payment-clearing-engine-package_build-sha-84693
BUILD-0103,compile,HIT,payment-clearing-engine-compile-sha-31759
BUILD-0103,security_scan,HIT,payment-clearing-engine-security_scan-sha-78330
BUILD-0104,dependency_install,HIT,flight-telemetry-ingest-dependency_install-sha-24915
BUILD-0104,security_scan,HIT,flight-telemetry-ingest-security_scan-sha-80135
BUILD-0104,package_build,HIT,flight-telemetry-ingest-package_build-sha-93558
BUILD-0104,compile,HIT,flight-telemetry-ingest-compile-sha-38838
BUILD-0105,package_build,HIT,ehr-bridge-package_build-sha-90672
BUILD-0105,dependency_install,HIT,ehr-bridge-dependency_install-sha-19230
BUILD-0105,security_scan,HIT,ehr-bridge-security_scan-sha-44780
BUILD-0106,compile,HIT,ehr-bridge-compile-sha-20941
BUILD-0106,security_scan,HIT,ehr-bridge-security_scan-sha-17019
BUILD-0106,dependency_install,HIT,ehr-bridge-dependency_install-sha-14201
BUILD-0106,package_build,HIT,ehr-bridge-package_build-sha-09143
BUILD-0107,security_scan,HIT,fraud-detection-service-security_scan-sha-59994
BUILD-0107,package_build,MISS,fraud-detection-service-package_build-sha-43113
BUILD-0107,dependency_install,MISS,fraud-detection-service-dependency_install-sha-13207
BUILD-0108,compile,HIT,ehr-bridge-compile-sha-59057
BUILD-0108,dependency_install,HIT,ehr-bridge-dependency_install-sha-90325
BUILD-0108,security_scan,HIT,ehr-bridge-security_scan-sha-22893
BUILD-0109,compile,MISS,mobile-banking-api-compile-sha-31468
BUILD-0109,security_scan,MISS,mobile-banking-api-security_scan-sha-90555
BUILD-0109,package_build,MISS,mobile-banking-api-package_build-sha-64323
BUILD-0110,security_scan,HIT,customer-portal-security_scan-sha-36401
BUILD-0110,compile,HIT,customer-portal-compile-sha-74563
BUILD-0110,dependency_install,HIT,customer-portal-dependency_install-sha-57471
BUILD-0110,package_build,HIT,customer-portal-package_build-sha-40152
BUILD-0111,security_scan,HIT,ehr-bridge-security_scan-sha-61840
BUILD-0111,package_build,HIT,ehr-bridge-package_build-sha-76143
BUILD-0111,dependency_install,HIT,ehr-bridge-dependency_install-sha-49945
BUILD-0112,dependency_install,MISS,claims-ingestion-pipeline-dependency_install-sha-00593
BUILD-0112,security_scan,HIT,claims-ingestion-pipeline-security_scan-sha-99256
BUILD-0112,package_build,MISS,claims-ingestion-pipeline-package_build-sha-95881
BUILD-0112,compile,HIT,claims-ingestion-pipeline-compile-sha-30047
BUILD-0113,dependency_install,HIT,safety-audit-service-dependency_install-sha-44735
BUILD-0113,compile,HIT,safety-audit-service-compile-sha-58571
BUILD-0113,package_build,MISS,safety-audit-service-package_build-sha-17879
BUILD-0113,security_scan,MISS,safety-audit-service-security_scan-sha-53616
BUILD-0114,dependency_install,HIT,ehr-bridge-dependency_install-sha-11172
BUILD-0114,compile,HIT,ehr-bridge-compile-sha-28095
BUILD-0114,package_build,HIT,ehr-bridge-package_build-sha-57065
BUILD-0114,security_scan,MISS,ehr-bridge-security_scan-sha-63044
BUILD-0115,package_build,HIT,customer-portal-package_build-sha-57565
BUILD-0115,security_scan,HIT,customer-portal-security_scan-sha-10999
BUILD-0115,compile,HIT,customer-portal-compile-sha-51832
BUILD-0115,dependency_install,HIT,customer-portal-dependency_install-sha-90207
BUILD-0116,security_scan,HIT,fraud-detection-service-security_scan-sha-73176
BUILD-0116,compile,HIT,fraud-detection-service-compile-sha-10733
BUILD-0116,package_build,HIT,fraud-detection-service-package_build-sha-83941
BUILD-0116,dependency_install,HIT,fraud-detection-service-dependency_install-sha-16106
BUILD-0117,security_scan,MISS,provider-directory-security_scan-sha-91229
BUILD-0117,package_build,HIT,provider-directory-package_build-sha-41004
BUILD-0117,compile,MISS,provider-directory-compile-sha-62823
BUILD-0117,dependency_install,MISS,provider-directory-dependency_install-sha-84477
BUILD-0118,package_build,HIT,claims-ingestion-pipeline-package_build-sha-20917
BUILD-0118,compile,MISS,claims-ingestion-pipeline-compile-sha-13101
BUILD-0118,security_scan,MISS,claims-ingestion-pipeline-security_scan-sha-33909
BUILD-0119,package_build,HIT,claims-ingestion-pipeline-package_build-sha-88926
BUILD-0119,security_scan,HIT,claims-ingestion-pipeline-security_scan-sha-60580
BUILD-0119,dependency_install,HIT,claims-ingestion-pipeline-dependency_install-sha-94398
BUILD-0119,compile,HIT,claims-ingestion-pipeline-compile-sha-16117
BUILD-0120,dependency_install,HIT,safety-audit-service-dependency_install-sha-04651
BUILD-0120,compile,HIT,safety-audit-service-compile-sha-12254
BUILD-0120,security_scan,HIT,safety-audit-service-security_scan-sha-53849
BUILD-0120,package_build,HIT,safety-audit-service-package_build-sha-90196
BUILD-0121,dependency_install,MISS,claims-ingestion-pipeline-dependency_install-sha-46125
BUILD-0121,security_scan,MISS,claims-ingestion-pipeline-security_scan-sha-73573
BUILD-0121,package_build,HIT,claims-ingestion-pipeline-package_build-sha-17790
BUILD-0122,package_build,HIT,cargo-manifest-service-package_build-sha-11472
BUILD-0122,dependency_install,MISS,cargo-manifest-service-dependency_install-sha-38641
BUILD-0122,security_scan,HIT,cargo-manifest-service-security_scan-sha-37690
BUILD-0122,compile,HIT,cargo-manifest-service-compile-sha-00034
BUILD-0123,compile,MISS,fraud-detection-service-compile-sha-70738
BUILD-0123,dependency_install,MISS,fraud-detection-service-dependency_install-sha-58120
BUILD-0123,security_scan,HIT,fraud-detection-service-security_scan-sha-52532
BUILD-0123,package_build,HIT,fraud-detection-service-package_build-sha-98647
BUILD-0124,dependency_install,HIT,cargo-manifest-service-dependency_install-sha-89425
BUILD-0124,package_build,MISS,cargo-manifest-service-package_build-sha-10499
BUILD-0124,security_scan,MISS,cargo-manifest-service-security_scan-sha-70661
BUILD-0125,security_scan,HIT,ehr-bridge-security_scan-sha-18964
BUILD-0125,package_build,HIT,ehr-bridge-package_build-sha-25074
BUILD-0125,compile,MISS,ehr-bridge-compile-sha-19327
BUILD-0125,dependency_install,HIT,ehr-bridge-dependency_install-sha-31162
BUILD-0126,compile,HIT,provider-directory-compile-sha-75785
BUILD-0126,security_scan,HIT,provider-directory-security_scan-sha-88972
BUILD-0126,package_build,HIT,provider-directory-package_build-sha-89868
BUILD-0127,security_scan,MISS,claims-ingestion-pipeline-security_scan-sha-25153
BUILD-0127,compile,HIT,claims-ingestion-pipeline-compile-sha-66177
BUILD-0127,dependency_install,MISS,claims-ingestion-pipeline-dependency_install-sha-25329
BUILD-0127,package_build,HIT,claims-ingestion-pipeline-package_build-sha-46949
BUILD-0128,package_build,HIT,flight-telemetry-ingest-package_build-sha-84641
BUILD-0128,dependency_install,HIT,flight-telemetry-ingest-dependency_install-sha-59129
BUILD-0128,compile,MISS,flight-telemetry-ingest-compile-sha-60715
BUILD-0128,security_scan,MISS,flight-telemetry-ingest-security_scan-sha-72228
BUILD-0129,compile,MISS,provider-directory-compile-sha-85875
BUILD-0129,package_build,HIT,provider-directory-package_build-sha-00381
BUILD-0129,dependency_install,MISS,provider-directory-dependency_install-sha-00853
BUILD-0130,dependency_install,HIT,mobile-banking-api-dependency_install-sha-15369
BUILD-0130,compile,MISS,mobile-banking-api-compile-sha-22948
BUILD-0130,package_build,HIT,mobile-banking-api-package_build-sha-48848
BUILD-0130,security_scan,MISS,mobile-banking-api-security_scan-sha-05125
BUILD-0131,dependency_install,MISS,fraud-detection-service-dependency_install-sha-25813
BUILD-0131,compile,HIT,fraud-detection-service-compile-sha-83951
BUILD-0131,package_build,HIT,fraud-detection-service-package_build-sha-91645
BUILD-0131,security_scan,HIT,fraud-detection-service-security_scan-sha-11934
BUILD-0132,dependency_install,MISS,flight-telemetry-ingest-dependency_install-sha-07999
BUILD-0132,compile,HIT,flight-telemetry-ingest-compile-sha-71534
BUILD-0132,security_scan,MISS,flight-telemetry-ingest-security_scan-sha-35748
BUILD-0133,package_build,HIT,claims-ingestion-pipeline-package_build-sha-17718
BUILD-0133,security_scan,HIT,claims-ingestion-pipeline-security_scan-sha-76391
BUILD-0133,dependency_install,HIT,claims-ingestion-pipeline-dependency_install-sha-52514
BUILD-0133,compile,HIT,claims-ingestion-pipeline-compile-sha-96850
BUILD-0134,compile,HIT,cargo-manifest-service-compile-sha-03858
BUILD-0134,security_scan,MISS,cargo-manifest-service-security_scan-sha-00028
BUILD-0134,dependency_install,MISS,cargo-manifest-service-dependency_install-sha-78390
BUILD-0134,package_build,MISS,cargo-manifest-service-package_build-sha-24462
BUILD-0135,security_scan,HIT,cargo-manifest-service-security_scan-sha-51242
BUILD-0135,dependency_install,HIT,cargo-manifest-service-dependency_install-sha-93429
BUILD-0135,compile,HIT,cargo-manifest-service-compile-sha-51248
BUILD-0135,package_build,HIT,cargo-manifest-service-package_build-sha-53809
BUILD-0136,package_build,HIT,flight-telemetry-ingest-package_build-sha-49521
BUILD-0136,dependency_install,HIT,flight-telemetry-ingest-dependency_install-sha-17111
BUILD-0136,security_scan,HIT,flight-telemetry-ingest-security_scan-sha-41930
BUILD-0136,compile,HIT,flight-telemetry-ingest-compile-sha-74158
BUILD-0137,compile,HIT,cargo-manifest-service-compile-sha-29462
BUILD-0137,security_scan,HIT,cargo-manifest-service-security_scan-sha-93432
BUILD-0137,package_build,HIT,cargo-manifest-service-package_build-sha-17605
BUILD-0137,dependency_install,HIT,cargo-manifest-service-dependency_install-sha-17659
BUILD-0138,package_build,HIT,payment-clearing-engine-package_build-sha-30025
BUILD-0138,security_scan,HIT,payment-clearing-engine-security_scan-sha-68608
BUILD-0138,compile,HIT,payment-clearing-engine-compile-sha-70143
BUILD-0139,compile,MISS,customer-portal-compile-sha-52110
BUILD-0139,package_build,MISS,customer-portal-package_build-sha-87208
BUILD-0140,package_build,HIT,payment-clearing-engine-package_build-sha-68506
BUILD-0140,security_scan,HIT,payment-clearing-engine-security_scan-sha-72410
BUILD-0140,dependency_install,MISS,payment-clearing-engine-dependency_install-sha-66102
BUILD-0140,compile,HIT,payment-clearing-engine-compile-sha-53871
BUILD-0141,package_build,MISS,customer-portal-package_build-sha-57147
BUILD-0141,compile,MISS,customer-portal-compile-sha-74355
BUILD-0141,dependency_install,MISS,customer-portal-dependency_install-sha-37467
BUILD-0141,security_scan,MISS,customer-portal-security_scan-sha-44878
BUILD-0142,security_scan,HIT,cargo-manifest-service-security_scan-sha-12431
BUILD-0142,compile,HIT,cargo-manifest-service-compile-sha-52095
BUILD-0142,package_build,MISS,cargo-manifest-service-package_build-sha-30144
BUILD-0142,dependency_install,MISS,cargo-manifest-service-dependency_install-sha-98289
BUILD-0143,package_build,HIT,safety-audit-service-package_build-sha-15602
BUILD-0143,dependency_install,MISS,safety-audit-service-dependency_install-sha-40003
BUILD-0143,compile,MISS,safety-audit-service-compile-sha-22266
BUILD-0143,security_scan,MISS,safety-audit-service-security_scan-sha-40831
BUILD-0144,package_build,HIT,provider-directory-package_build-sha-90944
BUILD-0144,compile,HIT,provider-directory-compile-sha-97963
BUILD-0144,security_scan,MISS,provider-directory-security_scan-sha-08986
BUILD-0145,dependency_install,HIT,mobile-banking-api-dependency_install-sha-94711
BUILD-0145,compile,HIT,mobile-banking-api-compile-sha-68388
BUILD-0146,compile,HIT,hipaa-compliance-scan-compile-sha-38748
BUILD-0146,security_scan,HIT,hipaa-compliance-scan-security_scan-sha-99631
BUILD-0146,package_build,MISS,hipaa-compliance-scan-package_build-sha-24837
BUILD-0147,package_build,HIT,payment-clearing-engine-package_build-sha-58600
BUILD-0147,security_scan,HIT,payment-clearing-engine-security_scan-sha-03883
BUILD-0148,compile,HIT,customer-portal-compile-sha-71178
BUILD-0148,package_build,HIT,customer-portal-package_build-sha-88524
BUILD-0148,dependency_install,MISS,customer-portal-dependency_install-sha-16874
BUILD-0148,security_scan,HIT,customer-portal-security_scan-sha-98992
BUILD-0149,dependency_install,MISS,cargo-manifest-service-dependency_install-sha-38491
BUILD-0149,security_scan,HIT,cargo-manifest-service-security_scan-sha-68241
BUILD-0149,package_build,HIT,cargo-manifest-service-package_build-sha-08750
BUILD-0149,compile,HIT,cargo-manifest-service-compile-sha-49592
BUILD-0150,security_scan,HIT,flight-telemetry-ingest-security_scan-sha-89819
BUILD-0150,dependency_install,MISS,flight-telemetry-ingest-dependency_install-sha-21917
BUILD-0150,package_build,MISS,flight-telemetry-ingest-package_build-sha-36160
BUILD-0150,compile,HIT,flight-telemetry-ingest-compile-sha-62666
BUILD-0151,security_scan,HIT,customer-portal-security_scan-sha-03741
BUILD-0151,dependency_install,HIT,customer-portal-dependency_install-sha-80520
BUILD-0151,compile,HIT,customer-portal-compile-sha-46496
BUILD-0152,package_build,HIT,customer-portal-package_build-sha-47644
BUILD-0152,security_scan,HIT,customer-portal-security_scan-sha-73614
BUILD-0152,dependency_install,HIT,customer-portal-dependency_install-sha-74988
BUILD-0152,compile,HIT,customer-portal-compile-sha-92379
BUILD-0153,security_scan,HIT,customer-portal-security_scan-sha-86935
BUILD-0153,dependency_install,HIT,customer-portal-dependency_install-sha-62259
BUILD-0153,package_build,HIT,customer-portal-package_build-sha-75644
BUILD-0153,compile,HIT,customer-portal-compile-sha-36224
BUILD-0154,dependency_install,HIT,hipaa-compliance-scan-dependency_install-sha-53912
BUILD-0154,compile,MISS,hipaa-compliance-scan-compile-sha-89228
BUILD-0154,security_scan,HIT,hipaa-compliance-scan-security_scan-sha-01653
BUILD-0154,package_build,MISS,hipaa-compliance-scan-package_build-sha-30346
BUILD-0155,dependency_install,MISS,customer-portal-dependency_install-sha-69840
BUILD-0155,security_scan,HIT,customer-portal-security_scan-sha-68798
BUILD-0155,package_build,HIT,customer-portal-package_build-sha-21929
BUILD-0155,compile,HIT,customer-portal-compile-sha-28403
BUILD-0156,package_build,HIT,payment-clearing-engine-package_build-sha-34771
BUILD-0156,compile,HIT,payment-clearing-engine-compile-sha-15923
BUILD-0156,security_scan,HIT,payment-clearing-engine-security_scan-sha-81682
BUILD-0156,dependency_install,MISS,payment-clearing-engine-dependency_install-sha-88917
BUILD-0157,compile,HIT,fraud-detection-service-compile-sha-67378
BUILD-0157,package_build,HIT,fraud-detection-service-package_build-sha-34405
BUILD-0157,security_scan,MISS,fraud-detection-service-security_scan-sha-94838
BUILD-0158,security_scan,MISS,claims-ingestion-pipeline-security_scan-sha-10754
BUILD-0158,dependency_install,MISS,claims-ingestion-pipeline-dependency_install-sha-65498
BUILD-0158,package_build,MISS,claims-ingestion-pipeline-package_build-sha-29247
BUILD-0159,security_scan,HIT,payment-clearing-engine-security_scan-sha-53236
BUILD-0159,compile,HIT,payment-clearing-engine-compile-sha-47966
BUILD-0159,dependency_install,HIT,payment-clearing-engine-dependency_install-sha-73340
BUILD-0160,package_build,HIT,cargo-manifest-service-package_build-sha-07354
BUILD-0160,compile,HIT,cargo-manifest-service-compile-sha-85370
BUILD-0160,security_scan,HIT,cargo-manifest-service-security_scan-sha-34453
BUILD-0160,dependency_install,HIT,cargo-manifest-service-dependency_install-sha-11612
BUILD-0161,dependency_install,HIT,flight-telemetry-ingest-dependency_install-sha-47373
BUILD-0161,compile,HIT,flight-telemetry-ingest-compile-sha-84651
BUILD-0161,security_scan,HIT,flight-telemetry-ingest-security_scan-sha-87237
BUILD-0162,compile,HIT,mobile-banking-api-compile-sha-03466
BUILD-0162,security_scan,HIT,mobile-banking-api-security_scan-sha-09277
BUILD-0162,dependency_install,HIT,mobile-banking-api-dependency_install-sha-94513
BUILD-0162,package_build,HIT,mobile-banking-api-package_build-sha-45028
BUILD-0163,compile,MISS,mobile-banking-api-compile-sha-37021
BUILD-0163,package_build,MISS,mobile-banking-api-package_build-sha-07139
BUILD-0163,dependency_install,HIT,mobile-banking-api-dependency_install-sha-53933
BUILD-0163,security_scan,HIT,mobile-banking-api-security_scan-sha-63750
BUILD-0164,package_build,HIT,safety-audit-service-package_build-sha-49664
BUILD-0164,dependency_install,HIT,safety-audit-service-dependency_install-sha-31394
BUILD-0165,security_scan,HIT,mobile-banking-api-security_scan-sha-27610
BUILD-0165,dependency_install,MISS,mobile-banking-api-dependency_install-sha-15495
BUILD-0165,compile,HIT,mobile-banking-api-compile-sha-09429
BUILD-0165,package_build,MISS,mobile-banking-api-package_build-sha-19333
BUILD-0166,security_scan,HIT,customer-portal-security_scan-sha-86037
BUILD-0166,dependency_install,HIT,customer-portal-dependency_install-sha-77020
BUILD-0166,compile,HIT,customer-portal-compile-sha-76961
BUILD-0166,package_build,HIT,customer-portal-package_build-sha-82242
BUILD-0167,package_build,HIT,safety-audit-service-package_build-sha-67510
BUILD-0167,compile,MISS,safety-audit-service-compile-sha-24186
BUILD-0167,security_scan,MISS,safety-audit-service-security_scan-sha-48395
BUILD-0168,compile,MISS,flight-telemetry-ingest-compile-sha-06591
BUILD-0168,security_scan,HIT,flight-telemetry-ingest-security_scan-sha-88151
BUILD-0168,package_build,MISS,flight-telemetry-ingest-package_build-sha-97436
BUILD-0168,dependency_install,MISS,flight-telemetry-ingest-dependency_install-sha-16529
BUILD-0169,dependency_install,HIT,safety-audit-service-dependency_install-sha-06959
BUILD-0169,compile,HIT,safety-audit-service-compile-sha-48511
BUILD-0169,package_build,MISS,safety-audit-service-package_build-sha-56297
BUILD-0170,package_build,HIT,claims-ingestion-pipeline-package_build-sha-26377
BUILD-0170,dependency_install,HIT,claims-ingestion-pipeline-dependency_install-sha-96214
BUILD-0170,security_scan,MISS,claims-ingestion-pipeline-security_scan-sha-83068
BUILD-0170,compile,HIT,claims-ingestion-pipeline-compile-sha-74923
BUILD-0171,security_scan,HIT,hipaa-compliance-scan-security_scan-sha-94898
BUILD-0171,compile,HIT,hipaa-compliance-scan-compile-sha-10695
BUILD-0171,dependency_install,HIT,hipaa-compliance-scan-dependency_install-sha-22738
BUILD-0171,package_build,HIT,hipaa-compliance-scan-package_build-sha-49895
BUILD-0172,package_build,HIT,fraud-detection-service-package_build-sha-10304
BUILD-0172,security_scan,MISS,fraud-detection-service-security_scan-sha-46151
BUILD-0172,dependency_install,MISS,fraud-detection-service-dependency_install-sha-54719
BUILD-0172,compile,MISS,fraud-detection-service-compile-sha-32526
BUILD-0173,security_scan,HIT,provider-directory-security_scan-sha-78345
BUILD-0173,compile,HIT,provider-directory-compile-sha-97888
BUILD-0173,dependency_install,HIT,provider-directory-dependency_install-sha-25592
BUILD-0174,dependency_install,HIT,mobile-banking-api-dependency_install-sha-90508
BUILD-0174,compile,HIT,mobile-banking-api-compile-sha-18704
BUILD-0174,package_build,HIT,mobile-banking-api-package_build-sha-69105
BUILD-0175,package_build,MISS,fraud-detection-service-package_build-sha-29045
BUILD-0175,compile,HIT,fraud-detection-service-compile-sha-13192
BUILD-0175,security_scan,HIT,fraud-detection-service-security_scan-sha-98247
BUILD-0176,dependency_install,MISS,fraud-detection-service-dependency_install-sha-88460
BUILD-0176,compile,HIT,fraud-detection-service-compile-sha-66884
BUILD-0176,package_build,HIT,fraud-detection-service-package_build-sha-36137
BUILD-0177,security_scan,MISS,fraud-detection-service-security_scan-sha-21040
BUILD-0177,package_build,HIT,fraud-detection-service-package_build-sha-90332
BUILD-0177,dependency_install,HIT,fraud-detection-service-dependency_install-sha-39915
BUILD-0178,security_scan,MISS,payment-clearing-engine-security_scan-sha-34236
BUILD-0178,package_build,MISS,payment-clearing-engine-package_build-sha-75300
BUILD-0178,dependency_install,HIT,payment-clearing-engine-dependency_install-sha-87103
BUILD-0179,security_scan,HIT,mobile-banking-api-security_scan-sha-30576
BUILD-0179,dependency_install,HIT,mobile-banking-api-dependency_install-sha-91277
BUILD-0179,package_build,HIT,mobile-banking-api-package_build-sha-27074
BUILD-0179,compile,HIT,mobile-banking-api-compile-sha-64494
BUILD-0180,security_scan,HIT,provider-directory-security_scan-sha-60192
BUILD-0180,dependency_install,HIT,provider-directory-dependency_install-sha-52810
BUILD-0180,compile,HIT,provider-directory-compile-sha-20051
BUILD-0181,package_build,MISS,safety-audit-service-package_build-sha-83657
BUILD-0181,dependency_install,HIT,safety-audit-service-dependency_install-sha-56085
BUILD-0181,compile,HIT,safety-audit-service-compile-sha-50199
BUILD-0182,package_build,HIT,safety-audit-service-package_build-sha-11398
BUILD-0182,dependency_install,HIT,safety-audit-service-dependency_install-sha-11147
BUILD-0182,compile,MISS,safety-audit-service-compile-sha-94484
BUILD-0182,security_scan,MISS,safety-audit-service-security_scan-sha-84131
BUILD-0183,package_build,HIT,claims-ingestion-pipeline-package_build-sha-95230
BUILD-0183,compile,HIT,claims-ingestion-pipeline-compile-sha-64229
BUILD-0183,security_scan,HIT,claims-ingestion-pipeline-security_scan-sha-45470
BUILD-0183,dependency_install,HIT,claims-ingestion-pipeline-dependency_install-sha-75457
BUILD-0184,package_build,HIT,provider-directory-package_build-sha-10014
BUILD-0184,compile,HIT,provider-directory-compile-sha-63682
BUILD-0185,package_build,MISS,mobile-banking-api-package_build-sha-25843
BUILD-0185,dependency_install,HIT,mobile-banking-api-dependency_install-sha-63126
BUILD-0185,security_scan,MISS,mobile-banking-api-security_scan-sha-97656
BUILD-0186,dependency_install,HIT,fraud-detection-service-dependency_install-sha-19318
BUILD-0186,package_build,HIT,fraud-detection-service-package_build-sha-46479
BUILD-0186,compile,HIT,fraud-detection-service-compile-sha-72485
BUILD-0186,security_scan,MISS,fraud-detection-service-security_scan-sha-38940
BUILD-0187,compile,HIT,flight-telemetry-ingest-compile-sha-04243
BUILD-0187,security_scan,HIT,flight-telemetry-ingest-security_scan-sha-71510
BUILD-0187,package_build,HIT,flight-telemetry-ingest-package_build-sha-49706
BUILD-0187,dependency_install,MISS,flight-telemetry-ingest-dependency_install-sha-67836
BUILD-0188,compile,HIT,customer-portal-compile-sha-84842
BUILD-0188,security_scan,HIT,customer-portal-security_scan-sha-40733
BUILD-0188,package_build,HIT,customer-portal-package_build-sha-93262
BUILD-0189,package_build,HIT,payment-clearing-engine-package_build-sha-34230
BUILD-0189,compile,HIT,payment-clearing-engine-compile-sha-54784
BUILD-0189,security_scan,HIT,payment-clearing-engine-security_scan-sha-44490
BUILD-0190,compile,MISS,hipaa-compliance-scan-compile-sha-95849
BUILD-0190,security_scan,MISS,hipaa-compliance-scan-security_scan-sha-09867
BUILD-0191,security_scan,HIT,customer-portal-security_scan-sha-48470
BUILD-0191,compile,HIT,customer-portal-compile-sha-39207
BUILD-0191,package_build,HIT,customer-portal-package_build-sha-67841
BUILD-0191,dependency_install,HIT,customer-portal-dependency_install-sha-36211
BUILD-0192,security_scan,MISS,claims-ingestion-pipeline-security_scan-sha-71644
BUILD-0192,dependency_install,MISS,claims-ingestion-pipeline-dependency_install-sha-64113
BUILD-0193,compile,MISS,customer-portal-compile-sha-40643
BUILD-0193,dependency_install,HIT,customer-portal-dependency_install-sha-14092
BUILD-0193,package_build,HIT,customer-portal-package_build-sha-11872
BUILD-0193,security_scan,HIT,customer-portal-security_scan-sha-41178
BUILD-0194,package_build,HIT,customer-portal-package_build-sha-99026
BUILD-0194,compile,MISS,customer-portal-compile-sha-06170
BUILD-0194,dependency_install,MISS,customer-portal-dependency_install-sha-24344
BUILD-0194,security_scan,MISS,customer-portal-security_scan-sha-34052
BUILD-0195,package_build,HIT,mobile-banking-api-package_build-sha-85260
BUILD-0195,security_scan,MISS,mobile-banking-api-security_scan-sha-15700
BUILD-0195,dependency_install,HIT,mobile-banking-api-dependency_install-sha-77167
BUILD-0195,compile,HIT,mobile-banking-api-compile-sha-35953
BUILD-0196,dependency_install,MISS,customer-portal-dependency_install-sha-23706
BUILD-0196,security_scan,HIT,customer-portal-security_scan-sha-71546
BUILD-0196,package_build,HIT,customer-portal-package_build-sha-81081
BUILD-0196,compile,HIT,customer-portal-compile-sha-28145
BUILD-0197,security_scan,HIT,provider-directory-security_scan-sha-02797
BUILD-0197,compile,HIT,provider-directory-compile-sha-45867
BUILD-0197,package_build,HIT,provider-directory-package_build-sha-08029
BUILD-0197,dependency_install,MISS,provider-directory-dependency_install-sha-05803
BUILD-0198,package_build,HIT,mobile-banking-api-package_build-sha-19355
BUILD-0198,compile,MISS,mobile-banking-api-compile-sha-73477
BUILD-0198,security_scan,MISS,mobile-banking-api-security_scan-sha-15353
BUILD-0199,dependency_install,MISS,payment-clearing-engine-dependency_install-sha-28520
BUILD-0199,package_build,MISS,payment-clearing-engine-package_build-sha-06927
BUILD-0200,security_scan,HIT,fraud-detection-service-security_scan-sha-92984
BUILD-0200,package_build,HIT,fraud-detection-service-package_build-sha-31609
BUILD-0200,dependency_install,HIT,fraud-detection-service-dependency_install-sha-03194
BUILD-0201,compile,MISS,ehr-bridge-compile-sha-26325
BUILD-0201,security_scan,HIT,ehr-bridge-security_scan-sha-88817
BUILD-0201,package_build,HIT,ehr-bridge-package_build-sha-66189
BUILD-0202,security_scan,MISS,hipaa-compliance-scan-security_scan-sha-80382
BUILD-0202,package_build,MISS,hipaa-compliance-scan-package_build-sha-54293
BUILD-0202,compile,HIT,hipaa-compliance-scan-compile-sha-61311
BUILD-0202,dependency_install,HIT,hipaa-compliance-scan-dependency_install-sha-74860
BUILD-0203,dependency_install,HIT,mobile-banking-api-dependency_install-sha-54026
BUILD-0203,compile,HIT,mobile-banking-api-compile-sha-82869
BUILD-0204,package_build,HIT,payment-clearing-engine-package_build-sha-58153
BUILD-0204,dependency_install,HIT,payment-clearing-engine-dependency_install-sha-71182
BUILD-0204,compile,MISS,payment-clearing-engine-compile-sha-92359
BUILD-0204,security_scan,HIT,payment-clearing-engine-security_scan-sha-27798
BUILD-0205,compile,MISS,cargo-manifest-service-compile-sha-51414
BUILD-0205,package_build,HIT,cargo-manifest-service-package_build-sha-18325
BUILD-0206,package_build,HIT,customer-portal-package_build-sha-01370
BUILD-0206,compile,HIT,customer-portal-compile-sha-57168
BUILD-0206,dependency_install,HIT,customer-portal-dependency_install-sha-24631
BUILD-0207,security_scan,MISS,provider-directory-security_scan-sha-05388
BUILD-0207,package_build,MISS,provider-directory-package_build-sha-04183
BUILD-0208,dependency_install,HIT,payment-clearing-engine-dependency_install-sha-94178
BUILD-0208,compile,HIT,payment-clearing-engine-compile-sha-10620
BUILD-0208,security_scan,HIT,payment-clearing-engine-security_scan-sha-91548
BUILD-0208,package_build,HIT,payment-clearing-engine-package_build-sha-98453
BUILD-0209,package_build,HIT,customer-portal-package_build-sha-79194
BUILD-0209,security_scan,HIT,customer-portal-security_scan-sha-98415
BUILD-0209,compile,HIT,customer-portal-compile-sha-60076
BUILD-0209,dependency_install,HIT,customer-portal-dependency_install-sha-41947
BUILD-0210,package_build,HIT,flight-telemetry-ingest-package_build-sha-05081
BUILD-0210,dependency_install,MISS,flight-telemetry-ingest-dependency_install-sha-15621
BUILD-0210,compile,HIT,flight-telemetry-ingest-compile-sha-67135
BUILD-0211,compile,HIT,fraud-detection-service-compile-sha-41057
BUILD-0211,dependency_install,MISS,fraud-detection-service-dependency_install-sha-40142
BUILD-0211,package_build,HIT,fraud-detection-service-package_build-sha-66116
BUILD-0212,compile,MISS,provider-directory-compile-sha-91921
BUILD-0212,dependency_install,HIT,provider-directory-dependency_install-sha-64520
BUILD-0212,security_scan,HIT,provider-directory-security_scan-sha-23809
BUILD-0212,package_build,HIT,provider-directory-package_build-sha-17437
BUILD-0213,dependency_install,HIT,flight-telemetry-ingest-dependency_install-sha-46251
BUILD-0213,compile,HIT,flight-telemetry-ingest-compile-sha-65754
BUILD-0213,security_scan,HIT,flight-telemetry-ingest-security_scan-sha-18945
BUILD-0213,package_build,HIT,flight-telemetry-ingest-package_build-sha-95823
BUILD-0214,security_scan,HIT,payment-clearing-engine-security_scan-sha-41519
BUILD-0214,package_build,HIT,payment-clearing-engine-package_build-sha-66667
BUILD-0214,compile,HIT,payment-clearing-engine-compile-sha-53200
BUILD-0214,dependency_install,MISS,payment-clearing-engine-dependency_install-sha-64739
BUILD-0215,compile,HIT,customer-portal-compile-sha-58876
BUILD-0215,dependency_install,HIT,customer-portal-dependency_install-sha-48413
BUILD-0215,security_scan,HIT,customer-portal-security_scan-sha-18153
BUILD-0215,package_build,HIT,customer-portal-package_build-sha-71913
BUILD-0216,compile,MISS,customer-portal-compile-sha-09374
BUILD-0216,security_scan,MISS,customer-portal-security_scan-sha-18548
BUILD-0216,dependency_install,HIT,customer-portal-dependency_install-sha-51880
BUILD-0216,package_build,HIT,customer-portal-package_build-sha-00840
BUILD-0217,dependency_install,HIT,cargo-manifest-service-dependency_install-sha-64114
BUILD-0217,compile,HIT,cargo-manifest-service-compile-sha-58073
BUILD-0217,security_scan,HIT,cargo-manifest-service-security_scan-sha-17853
BUILD-0218,compile,HIT,safety-audit-service-compile-sha-46667
BUILD-0218,security_scan,HIT,safety-audit-service-security_scan-sha-28164
BUILD-0219,security_scan,HIT,cargo-manifest-service-security_scan-sha-12145
BUILD-0219,compile,HIT,cargo-manifest-service-compile-sha-08533
BUILD-0219,package_build,MISS,cargo-manifest-service-package_build-sha-80995
BUILD-0220,package_build,HIT,fraud-detection-service-package_build-sha-74839
BUILD-0220,compile,MISS,fraud-detection-service-compile-sha-92516
BUILD-0220,dependency_install,MISS,fraud-detection-service-dependency_install-sha-85160
BUILD-0221,security_scan,MISS,ehr-bridge-security_scan-sha-16503
BUILD-0221,package_build,MISS,ehr-bridge-package_build-sha-49055
BUILD-0221,dependency_install,MISS,ehr-bridge-dependency_install-sha-74765
BUILD-0222,security_scan,MISS,cargo-manifest-service-security_scan-sha-29610
BUILD-0222,compile,MISS,cargo-manifest-service-compile-sha-61032
BUILD-0222,package_build,MISS,cargo-manifest-service-package_build-sha-28022
BUILD-0222,dependency_install,MISS,cargo-manifest-service-dependency_install-sha-07496
BUILD-0223,package_build,HIT,customer-portal-package_build-sha-95699
BUILD-0223,security_scan,HIT,customer-portal-security_scan-sha-29655
BUILD-0223,compile,MISS,customer-portal-compile-sha-94330
BUILD-0223,dependency_install,HIT,customer-portal-dependency_install-sha-45649
BUILD-0224,security_scan,HIT,claims-ingestion-pipeline-security_scan-sha-83446
BUILD-0224,compile,HIT,claims-ingestion-pipeline-compile-sha-65556
BUILD-0224,dependency_install,HIT,claims-ingestion-pipeline-dependency_install-sha-13411
BUILD-0225,compile,MISS,mobile-banking-api-compile-sha-09706
BUILD-0225,security_scan,MISS,mobile-banking-api-security_scan-sha-42584
BUILD-0225,package_build,HIT,mobile-banking-api-package_build-sha-87061
BUILD-0225,dependency_install,MISS,mobile-banking-api-dependency_install-sha-44549
BUILD-0226,package_build,HIT,customer-portal-package_build-sha-67871
BUILD-0226,dependency_install,HIT,customer-portal-dependency_install-sha-21636
BUILD-0226,compile,MISS,customer-portal-compile-sha-44565
BUILD-0226,security_scan,HIT,customer-portal-security_scan-sha-98206
BUILD-0227,compile,HIT,claims-ingestion-pipeline-compile-sha-33940
BUILD-0227,dependency_install,HIT,claims-ingestion-pipeline-dependency_install-sha-34182
BUILD-0227,security_scan,MISS,claims-ingestion-pipeline-security_scan-sha-55546
BUILD-0228,compile,HIT,cargo-manifest-service-compile-sha-68218
BUILD-0228,dependency_install,HIT,cargo-manifest-service-dependency_install-sha-33844
BUILD-0228,security_scan,HIT,cargo-manifest-service-security_scan-sha-38267
BUILD-0228,package_build,HIT,cargo-manifest-service-package_build-sha-00024
BUILD-0229,compile,MISS,payment-clearing-engine-compile-sha-66557
BUILD-0229,dependency_install,HIT,payment-clearing-engine-dependency_install-sha-01085
BUILD-0229,security_scan,MISS,payment-clearing-engine-security_scan-sha-37549
BUILD-0229,package_build,MISS,payment-clearing-engine-package_build-sha-78088
BUILD-0230,dependency_install,HIT,hipaa-compliance-scan-dependency_install-sha-29378
BUILD-0230,package_build,HIT,hipaa-compliance-scan-package_build-sha-28738
BUILD-0230,compile,HIT,hipaa-compliance-scan-compile-sha-17937
BUILD-0230,security_scan,HIT,hipaa-compliance-scan-security_scan-sha-05959
BUILD-0231,security_scan,HIT,flight-telemetry-ingest-security_scan-sha-69443
BUILD-0231,compile,MISS,flight-telemetry-ingest-compile-sha-49331
BUILD-0231,dependency_install,HIT,flight-telemetry-ingest-dependency_install-sha-95640
BUILD-0232,compile,HIT,claims-ingestion-pipeline-compile-sha-82594
BUILD-0232,security_scan,HIT,claims-ingestion-pipeline-security_scan-sha-16038
BUILD-0232,package_build,HIT,claims-ingestion-pipeline-package_build-sha-18049
BUILD-0233,dependency_install,HIT,fraud-detection-service-dependency_install-sha-52454
BUILD-0233,security_scan,HIT,fraud-detection-service-security_scan-sha-32065
BUILD-0233,package_build,HIT,fraud-detection-service-package_build-sha-05380
BUILD-0233,compile,HIT,fraud-detection-service-compile-sha-31483
BUILD-0234,dependency_install,HIT,flight-telemetry-ingest-dependency_install-sha-46067
BUILD-0234,security_scan,HIT,flight-telemetry-ingest-security_scan-sha-33243
BUILD-0234,package_build,HIT,flight-telemetry-ingest-package_build-sha-68324
BUILD-0234,compile,HIT,flight-telemetry-ingest-compile-sha-73060
BUILD-0235,dependency_install,HIT,customer-portal-dependency_install-sha-35451
BUILD-0235,security_scan,HIT,customer-portal-security_scan-sha-87415
BUILD-0235,compile,MISS,customer-portal-compile-sha-91419
BUILD-0236,package_build,MISS,claims-ingestion-pipeline-package_build-sha-18601
BUILD-0236,security_scan,HIT,claims-ingestion-pipeline-security_scan-sha-99301
BUILD-0236,compile,MISS,claims-ingestion-pipeline-compile-sha-32521
BUILD-0236,dependency_install,MISS,claims-ingestion-pipeline-dependency_install-sha-64891
BUILD-0237,security_scan,HIT,hipaa-compliance-scan-security_scan-sha-00488
BUILD-0237,compile,HIT,hipaa-compliance-scan-compile-sha-95440
BUILD-0237,package_build,HIT,hipaa-compliance-scan-package_build-sha-63759
BUILD-0237,dependency_install,HIT,hipaa-compliance-scan-dependency_install-sha-00519
BUILD-0238,dependency_install,HIT,fraud-detection-service-dependency_install-sha-13228
BUILD-0238,security_scan,HIT,fraud-detection-service-security_scan-sha-17878
BUILD-0238,package_build,HIT,fraud-detection-service-package_build-sha-51354
BUILD-0238,compile,MISS,fraud-detection-service-compile-sha-20079
BUILD-0239,dependency_install,HIT,hipaa-compliance-scan-dependency_install-sha-53951
BUILD-0239,package_build,HIT,hipaa-compliance-scan-package_build-sha-05732
BUILD-0240,security_scan,HIT,flight-telemetry-ingest-security_scan-sha-60822
BUILD-0240,package_build,HIT,flight-telemetry-ingest-package_build-sha-62849
BUILD-0240,dependency_install,HIT,flight-telemetry-ingest-dependency_install-sha-00700
BUILD-0241,compile,HIT,safety-audit-service-compile-sha-64306
BUILD-0241,package_build,HIT,safety-audit-service-package_build-sha-55444
BUILD-0241,security_scan,HIT,safety-audit-service-security_scan-sha-16645
BUILD-0242,dependency_install,HIT,safety-audit-service-dependency_install-sha-04443
BUILD-0242,package_build,HIT,safety-audit-service-package_build-sha-70446
BUILD-0242,compile,MISS,safety-audit-service-compile-sha-57199
BUILD-0242,security_scan,HIT,safety-audit-service-security_scan-sha-58093
BUILD-0243,security_scan,HIT,customer-portal-security_scan-sha-57967
BUILD-0243,package_build,HIT,customer-portal-package_build-sha-51608
BUILD-0243,dependency_install,HIT,customer-portal-dependency_install-sha-48654
BUILD-0243,compile,HIT,customer-portal-compile-sha-01567
BUILD-0244,compile,MISS,claims-ingestion-pipeline-compile-sha-51891
BUILD-0244,package_build,MISS,claims-ingestion-pipeline-package_build-sha-55142
BUILD-0244,dependency_install,HIT,claims-ingestion-pipeline-dependency_install-sha-27892
BUILD-0244,security_scan,MISS,claims-ingestion-pipeline-security_scan-sha-57337
BUILD-0245,security_scan,MISS,fraud-detection-service-security_scan-sha-46356
BUILD-0245,dependency_install,HIT,fraud-detection-service-dependency_install-sha-87975
BUILD-0245,compile,HIT,fraud-detection-service-compile-sha-14764
BUILD-0245,package_build,HIT,fraud-detection-service-package_build-sha-10952
BUILD-0246,security_scan,HIT,fraud-detection-service-security_scan-sha-73153
BUILD-0246,compile,HIT,fraud-detection-service-compile-sha-48776
BUILD-0246,dependency_install,MISS,fraud-detection-service-dependency_install-sha-01712
BUILD-0246,package_build,HIT,fraud-detection-service-package_build-sha-21155
BUILD-0247,compile,HIT,fraud-detection-service-compile-sha-68367
BUILD-0247,security_scan,HIT,fraud-detection-service-security_scan-sha-47856
BUILD-0247,dependency_install,MISS,fraud-detection-service-dependency_install-sha-84980
BUILD-0248,dependency_install,HIT,ehr-bridge-dependency_install-sha-03021
BUILD-0248,compile,HIT,ehr-bridge-compile-sha-28583
BUILD-0248,security_scan,MISS,ehr-bridge-security_scan-sha-65010
BUILD-0248,package_build,HIT,ehr-bridge-package_build-sha-72556
BUILD-0249,security_scan,MISS,ehr-bridge-security_scan-sha-26424
BUILD-0249,compile,MISS,ehr-bridge-compile-sha-76396
BUILD-0249,dependency_install,MISS,ehr-bridge-dependency_install-sha-59955
BUILD-0249,package_build,MISS,ehr-bridge-package_build-sha-06666
BUILD-0250,dependency_install,HIT,provider-directory-dependency_install-sha-46881
BUILD-0250,security_scan,HIT,provider-directory-security_scan-sha-20000
BUILD-0250,package_build,HIT,provider-directory-package_build-sha-27623
BUILD-0250,compile,MISS,provider-directory-compile-sha-93601
BUILD-0251,compile,MISS,ehr-bridge-compile-sha-06543
BUILD-0251,package_build,MISS,ehr-bridge-package_build-sha-15069
BUILD-0251,dependency_install,MISS,ehr-bridge-dependency_install-sha-75137
BUILD-0251,security_scan,HIT,ehr-bridge-security_scan-sha-76465
BUILD-0252,compile,HIT,customer-portal-compile-sha-80639
BUILD-0252,security_scan,HIT,customer-portal-security_scan-sha-63966
BUILD-0252,package_build,MISS,customer-portal-package_build-sha-39724
BUILD-0252,dependency_install,HIT,customer-portal-dependency_install-sha-49027
BUILD-0253,package_build,MISS,provider-directory-package_build-sha-74712
BUILD-0253,security_scan,MISS,provider-directory-security_scan-sha-03762
BUILD-0253,dependency_install,MISS,provider-directory-dependency_install-sha-02861
BUILD-0253,compile,MISS,provider-directory-compile-sha-60815
BUILD-0254,package_build,HIT,ehr-bridge-package_build-sha-23774
BUILD-0254,security_scan,MISS,ehr-bridge-security_scan-sha-04202
BUILD-0254,dependency_install,HIT,ehr-bridge-dependency_install-sha-96103
BUILD-0255,compile,HIT,flight-telemetry-ingest-compile-sha-40080
BUILD-0255,package_build,HIT,flight-telemetry-ingest-package_build-sha-52554
BUILD-0255,dependency_install,HIT,flight-telemetry-ingest-dependency_install-sha-95174
BUILD-0255,security_scan,MISS,flight-telemetry-ingest-security_scan-sha-25172
BUILD-0256,dependency_install,HIT,flight-telemetry-ingest-dependency_install-sha-20368
BUILD-0256,package_build,HIT,flight-telemetry-ingest-package_build-sha-40939
BUILD-0256,security_scan,HIT,flight-telemetry-ingest-security_scan-sha-76976
BUILD-0257,package_build,HIT,hipaa-compliance-scan-package_build-sha-91219
BUILD-0257,dependency_install,MISS,hipaa-compliance-scan-dependency_install-sha-12725
BUILD-0257,compile,HIT,hipaa-compliance-scan-compile-sha-80299
BUILD-0258,dependency_install,MISS,hipaa-compliance-scan-dependency_install-sha-92715
BUILD-0258,package_build,MISS,hipaa-compliance-scan-package_build-sha-73605
BUILD-0258,security_scan,MISS,hipaa-compliance-scan-security_scan-sha-05694
BUILD-0258,compile,MISS,hipaa-compliance-scan-compile-sha-17480
BUILD-0259,dependency_install,HIT,payment-clearing-engine-dependency_install-sha-01061
BUILD-0259,package_build,MISS,payment-clearing-engine-package_build-sha-85569
BUILD-0259,compile,HIT,payment-clearing-engine-compile-sha-80529
BUILD-0259,security_scan,MISS,payment-clearing-engine-security_scan-sha-44060
BUILD-0260,compile,HIT,mobile-banking-api-compile-sha-16823
BUILD-0260,dependency_install,MISS,mobile-banking-api-dependency_install-sha-23096
BUILD-0261,package_build,MISS,mobile-banking-api-package_build-sha-29809
BUILD-0261,dependency_install,MISS,mobile-banking-api-dependency_install-sha-59732
BUILD-0261,compile,HIT,mobile-banking-api-compile-sha-04777
BUILD-0261,security_scan,MISS,mobile-banking-api-security_scan-sha-56907
BUILD-0262,package_build,HIT,ehr-bridge-package_build-sha-29426
BUILD-0262,dependency_install,MISS,ehr-bridge-dependency_install-sha-24244
BUILD-0263,compile,MISS,fraud-detection-service-compile-sha-25139
BUILD-0263,security_scan,MISS,fraud-detection-service-security_scan-sha-75583
BUILD-0263,dependency_install,HIT,fraud-detection-service-dependency_install-sha-05787
BUILD-0264,security_scan,MISS,hipaa-compliance-scan-security_scan-sha-90302
BUILD-0264,dependency_install,MISS,hipaa-compliance-scan-dependency_install-sha-71164
BUILD-0264,compile,MISS,hipaa-compliance-scan-compile-sha-29300
BUILD-0264,package_build,MISS,hipaa-compliance-scan-package_build-sha-52573
BUILD-0265,dependency_install,HIT,ehr-bridge-dependency_install-sha-50815
BUILD-0265,compile,HIT,ehr-bridge-compile-sha-82203
BUILD-0265,security_scan,HIT,ehr-bridge-security_scan-sha-15785
BUILD-0266,dependency_install,MISS,cargo-manifest-service-dependency_install-sha-39793
BUILD-0266,package_build,HIT,cargo-manifest-service-package_build-sha-71628
BUILD-0266,security_scan,HIT,cargo-manifest-service-security_scan-sha-41197
BUILD-0266,compile,HIT,cargo-manifest-service-compile-sha-43123
BUILD-0267,dependency_install,HIT,customer-portal-dependency_install-sha-02366
BUILD-0267,compile,HIT,customer-portal-compile-sha-88006
BUILD-0267,package_build,HIT,customer-portal-package_build-sha-42193
BUILD-0268,package_build,HIT,claims-ingestion-pipeline-package_build-sha-06182
BUILD-0268,dependency_install,HIT,claims-ingestion-pipeline-dependency_install-sha-80788
BUILD-0269,package_build,HIT,payment-clearing-engine-package_build-sha-28946
BUILD-0269,compile,HIT,payment-clearing-engine-compile-sha-38971
BUILD-0269,dependency_install,HIT,payment-clearing-engine-dependency_install-sha-84038
BUILD-0270,dependency_install,HIT,mobile-banking-api-dependency_install-sha-31430
BUILD-0270,compile,HIT,mobile-banking-api-compile-sha-73455
BUILD-0270,security_scan,HIT,mobile-banking-api-security_scan-sha-18057
BUILD-0270,package_build,HIT,mobile-banking-api-package_build-sha-55698
BUILD-0271,compile,MISS,customer-portal-compile-sha-98897
BUILD-0271,package_build,HIT,customer-portal-package_build-sha-50384
BUILD-0271,dependency_install,MISS,customer-portal-dependency_install-sha-74532
BUILD-0272,security_scan,MISS,fraud-detection-service-security_scan-sha-67662
BUILD-0272,compile,HIT,fraud-detection-service-compile-sha-18713
BUILD-0272,dependency_install,MISS,fraud-detection-service-dependency_install-sha-17243
BUILD-0272,package_build,HIT,fraud-detection-service-package_build-sha-55099
BUILD-0273,dependency_install,HIT,customer-portal-dependency_install-sha-04438
BUILD-0273,security_scan,MISS,customer-portal-security_scan-sha-57665
BUILD-0273,compile,HIT,customer-portal-compile-sha-79550
BUILD-0273,package_build,HIT,customer-portal-package_build-sha-14511
BUILD-0274,package_build,HIT,mobile-banking-api-package_build-sha-54366
BUILD-0274,security_scan,MISS,mobile-banking-api-security_scan-sha-90492
BUILD-0274,dependency_install,HIT,mobile-banking-api-dependency_install-sha-48588
BUILD-0274,compile,MISS,mobile-banking-api-compile-sha-14787
BUILD-0275,package_build,MISS,customer-portal-package_build-sha-67382
BUILD-0275,dependency_install,HIT,customer-portal-dependency_install-sha-52177
BUILD-0276,security_scan,HIT,provider-directory-security_scan-sha-41527
BUILD-0276,package_build,HIT,provider-directory-package_build-sha-40477
BUILD-0276,compile,HIT,provider-directory-compile-sha-63350
BUILD-0277,security_scan,HIT,fraud-detection-service-security_scan-sha-39243
BUILD-0277,dependency_install,HIT,fraud-detection-service-dependency_install-sha-97148
BUILD-0277,compile,HIT,fraud-detection-service-compile-sha-54966
BUILD-0278,package_build,HIT,payment-clearing-engine-package_build-sha-95195
BUILD-0278,compile,MISS,payment-clearing-engine-compile-sha-13719
BUILD-0278,dependency_install,HIT,payment-clearing-engine-dependency_install-sha-47253
BUILD-0279,package_build,MISS,ehr-bridge-package_build-sha-90807
BUILD-0279,security_scan,MISS,ehr-bridge-security_scan-sha-45136
BUILD-0279,compile,MISS,ehr-bridge-compile-sha-89700
BUILD-0279,dependency_install,MISS,ehr-bridge-dependency_install-sha-61650
BUILD-0280,security_scan,HIT,safety-audit-service-security_scan-sha-24452
BUILD-0280,compile,HIT,safety-audit-service-compile-sha-48501
BUILD-0280,package_build,HIT,safety-audit-service-package_build-sha-22996
BUILD-0280,dependency_install,MISS,safety-audit-service-dependency_install-sha-40882
BUILD-0281,security_scan,MISS,ehr-bridge-security_scan-sha-07987
BUILD-0281,package_build,HIT,ehr-bridge-package_build-sha-30739
BUILD-0281,compile,MISS,ehr-bridge-compile-sha-91784
BUILD-0281,dependency_install,HIT,ehr-bridge-dependency_install-sha-63141
BUILD-0282,package_build,HIT,provider-directory-package_build-sha-10892
BUILD-0282,dependency_install,HIT,provider-directory-dependency_install-sha-45245
BUILD-0282,security_scan,MISS,provider-directory-security_scan-sha-29001
BUILD-0282,compile,MISS,provider-directory-compile-sha-15100
BUILD-0283,package_build,MISS,fraud-detection-service-package_build-sha-95000
BUILD-0283,security_scan,HIT,fraud-detection-service-security_scan-sha-83031
BUILD-0283,compile,HIT,fraud-detection-service-compile-sha-65172
BUILD-0283,dependency_install,MISS,fraud-detection-service-dependency_install-sha-98566
BUILD-0284,dependency_install,HIT,hipaa-compliance-scan-dependency_install-sha-54195
BUILD-0284,security_scan,HIT,hipaa-compliance-scan-security_scan-sha-88284
BUILD-0284,compile,HIT,hipaa-compliance-scan-compile-sha-42835
BUILD-0284,package_build,MISS,hipaa-compliance-scan-package_build-sha-55563
BUILD-0285,security_scan,HIT,hipaa-compliance-scan-security_scan-sha-18638
BUILD-0285,package_build,HIT,hipaa-compliance-scan-package_build-sha-28689
BUILD-0286,compile,HIT,flight-telemetry-ingest-compile-sha-83876
BUILD-0286,dependency_install,MISS,flight-telemetry-ingest-dependency_install-sha-60120
BUILD-0286,security_scan,HIT,flight-telemetry-ingest-security_scan-sha-47247
BUILD-0286,package_build,HIT,flight-telemetry-ingest-package_build-sha-84414
BUILD-0287,package_build,MISS,safety-audit-service-package_build-sha-74411
BUILD-0287,dependency_install,HIT,safety-audit-service-dependency_install-sha-59825
BUILD-0287,security_scan,HIT,safety-audit-service-security_scan-sha-51514
BUILD-0287,compile,HIT,safety-audit-service-compile-sha-90349
BUILD-0288,security_scan,MISS,safety-audit-service-security_scan-sha-53341
BUILD-0288,package_build,MISS,safety-audit-service-package_build-sha-72628
BUILD-0288,dependency_install,HIT,safety-audit-service-dependency_install-sha-37674
BUILD-0288,compile,HIT,safety-audit-service-compile-sha-47440
BUILD-0289,package_build,HIT,claims-ingestion-pipeline-package_build-sha-85199
BUILD-0289,compile,MISS,claims-ingestion-pipeline-compile-sha-70724
BUILD-0289,dependency_install,MISS,claims-ingestion-pipeline-dependency_install-sha-86571
BUILD-0290,dependency_install,MISS,safety-audit-service-dependency_install-sha-04731
BUILD-0290,package_build,HIT,safety-audit-service-package_build-sha-34522
BUILD-0290,security_scan,MISS,safety-audit-service-security_scan-sha-13423
BUILD-0291,security_scan,MISS,payment-clearing-engine-security_scan-sha-65584
BUILD-0291,compile,HIT,payment-clearing-engine-compile-sha-20709
BUILD-0291,package_build,MISS,payment-clearing-engine-package_build-sha-33685
BUILD-0291,dependency_install,HIT,payment-clearing-engine-dependency_install-sha-72630
BUILD-0292,compile,HIT,mobile-banking-api-compile-sha-21054
BUILD-0292,dependency_install,HIT,mobile-banking-api-dependency_install-sha-69386
BUILD-0292,security_scan,MISS,mobile-banking-api-security_scan-sha-12094
BUILD-0292,package_build,HIT,mobile-banking-api-package_build-sha-64832
BUILD-0293,package_build,HIT,provider-directory-package_build-sha-23629
BUILD-0293,compile,HIT,provider-directory-compile-sha-75028
BUILD-0293,dependency_install,HIT,provider-directory-dependency_install-sha-76741
BUILD-0293,security_scan,HIT,provider-directory-security_scan-sha-94080
BUILD-0294,dependency_install,HIT,payment-clearing-engine-dependency_install-sha-99732
BUILD-0294,compile,HIT,payment-clearing-engine-compile-sha-95410
BUILD-0294,security_scan,MISS,payment-clearing-engine-security_scan-sha-84694
BUILD-0294,package_build,HIT,payment-clearing-engine-package_build-sha-79215
BUILD-0295,package_build,HIT,fraud-detection-service-package_build-sha-66395
BUILD-0295,dependency_install,HIT,fraud-detection-service-dependency_install-sha-36862
BUILD-0296,security_scan,MISS,ehr-bridge-security_scan-sha-43664
BUILD-0296,package_build,HIT,ehr-bridge-package_build-sha-13756
BUILD-0296,dependency_install,HIT,ehr-bridge-dependency_install-sha-19088
BUILD-0297,dependency_install,HIT,fraud-detection-service-dependency_install-sha-98218
BUILD-0297,security_scan,MISS,fraud-detection-service-security_scan-sha-23147
BUILD-0297,compile,HIT,fraud-detection-service-compile-sha-76663
BUILD-0298,security_scan,MISS,mobile-banking-api-security_scan-sha-47699
BUILD-0298,dependency_install,HIT,mobile-banking-api-dependency_install-sha-53999
BUILD-0298,package_build,HIT,mobile-banking-api-package_build-sha-93587
BUILD-0298,compile,HIT,mobile-banking-api-compile-sha-46819
BUILD-0299,security_scan,HIT,mobile-banking-api-security_scan-sha-41283
BUILD-0299,dependency_install,MISS,mobile-banking-api-dependency_install-sha-80733
BUILD-0299,compile,HIT,mobile-banking-api-compile-sha-91581
BUILD-0300,package_build,HIT,provider-directory-package_build-sha-48770
BUILD-0300,dependency_install,MISS,provider-directory-dependency_install-sha-09353
BUILD-0300,security_scan,HIT,provider-directory-security_scan-sha-65334
BUILD-0300,compile,HIT,provider-directory-compile-sha-95674
BUILD-0301,security_scan,HIT,mobile-banking-api-security_scan-sha-24958
BUILD-0301,package_build,HIT,mobile-banking-api-package_build-sha-42372
BUILD-0301,dependency_install,HIT,mobile-banking-api-dependency_install-sha-06915
BUILD-0301,compile,MISS,mobile-banking-api-compile-sha-86285
BUILD-0302,security_scan,HIT,ehr-bridge-security_scan-sha-40184
BUILD-0302,package_build,HIT,ehr-bridge-package_build-sha-60093
BUILD-0302,dependency_install,HIT,ehr-bridge-dependency_install-sha-57734
BUILD-0302,compile,HIT,ehr-bridge-compile-sha-96319
BUILD-0303,security_scan,HIT,payment-clearing-engine-security_scan-sha-98549
BUILD-0303,package_build,HIT,payment-clearing-engine-package_build-sha-16197
BUILD-0303,dependency_install,HIT,payment-clearing-engine-dependency_install-sha-47367
BUILD-0304,package_build,MISS,flight-telemetry-ingest-package_build-sha-67046
BUILD-0304,dependency_install,MISS,flight-telemetry-ingest-dependency_install-sha-81659
BUILD-0304,security_scan,MISS,flight-telemetry-ingest-security_scan-sha-39447
BUILD-0305,package_build,HIT,customer-portal-package_build-sha-82644
BUILD-0305,security_scan,HIT,customer-portal-security_scan-sha-53296
BUILD-0306,package_build,HIT,mobile-banking-api-package_build-sha-98218
BUILD-0306,dependency_install,MISS,mobile-banking-api-dependency_install-sha-33830
BUILD-0306,security_scan,HIT,mobile-banking-api-security_scan-sha-87988
BUILD-0306,compile,MISS,mobile-banking-api-compile-sha-13530
BUILD-0307,dependency_install,MISS,flight-telemetry-ingest-dependency_install-sha-88166
BUILD-0307,package_build,MISS,flight-telemetry-ingest-package_build-sha-93687
BUILD-0307,compile,HIT,flight-telemetry-ingest-compile-sha-52923
BUILD-0307,security_scan,HIT,flight-telemetry-ingest-security_scan-sha-69394
BUILD-0308,compile,HIT,customer-portal-compile-sha-00140
BUILD-0308,package_build,HIT,customer-portal-package_build-sha-91471
BUILD-0308,dependency_install,HIT,customer-portal-dependency_install-sha-13706
BUILD-0308,security_scan,HIT,customer-portal-security_scan-sha-28831
BUILD-0309,security_scan,HIT,provider-directory-security_scan-sha-20510
BUILD-0309,package_build,MISS,provider-directory-package_build-sha-93379
BUILD-0309,compile,MISS,provider-directory-compile-sha-49637
BUILD-0309,dependency_install,MISS,provider-directory-dependency_install-sha-69375
BUILD-0310,compile,MISS,hipaa-compliance-scan-compile-sha-79440
BUILD-0310,security_scan,MISS,hipaa-compliance-scan-security_scan-sha-23375
BUILD-0310,dependency_install,MISS,hipaa-compliance-scan-dependency_install-sha-30774
BUILD-0311,compile,MISS,customer-portal-compile-sha-28619
BUILD-0311,package_build,HIT,customer-portal-package_build-sha-99336
BUILD-0311,dependency_install,HIT,customer-portal-dependency_install-sha-69989
BUILD-0311,security_scan,HIT,customer-portal-security_scan-sha-30228
BUILD-0312,dependency_install,MISS,cargo-manifest-service-dependency_install-sha-71958
BUILD-0312,security_scan,HIT,cargo-manifest-service-security_scan-sha-46248
BUILD-0312,package_build,HIT,cargo-manifest-service-package_build-sha-03703
BUILD-0312,compile,HIT,cargo-manifest-service-compile-sha-14973
BUILD-0313,dependency_install,HIT,customer-portal-dependency_install-sha-15670
BUILD-0313,security_scan,HIT,customer-portal-security_scan-sha-92576
BUILD-0313,compile,HIT,customer-portal-compile-sha-13121
BUILD-0313,package_build,MISS,customer-portal-package_build-sha-17532
BUILD-0314,package_build,HIT,payment-clearing-engine-package_build-sha-83293
BUILD-0314,dependency_install,HIT,payment-clearing-engine-dependency_install-sha-96779
BUILD-0314,security_scan,HIT,payment-clearing-engine-security_scan-sha-22753
BUILD-0314,compile,MISS,payment-clearing-engine-compile-sha-10728
BUILD-0315,dependency_install,HIT,safety-audit-service-dependency_install-sha-45676
BUILD-0315,compile,HIT,safety-audit-service-compile-sha-98612
BUILD-0316,dependency_install,HIT,flight-telemetry-ingest-dependency_install-sha-93747
BUILD-0316,security_scan,MISS,flight-telemetry-ingest-security_scan-sha-72462
BUILD-0317,security_scan,HIT,mobile-banking-api-security_scan-sha-87224
BUILD-0317,package_build,MISS,mobile-banking-api-package_build-sha-85948
BUILD-0317,dependency_install,MISS,mobile-banking-api-dependency_install-sha-92951
BUILD-0317,compile,HIT,mobile-banking-api-compile-sha-98255
BUILD-0318,dependency_install,MISS,ehr-bridge-dependency_install-sha-36232
BUILD-0318,compile,MISS,ehr-bridge-compile-sha-84300
BUILD-0318,security_scan,MISS,ehr-bridge-security_scan-sha-26013
BUILD-0319,dependency_install,HIT,ehr-bridge-dependency_install-sha-86876
BUILD-0319,compile,MISS,ehr-bridge-compile-sha-53143
BUILD-0319,package_build,HIT,ehr-bridge-package_build-sha-24165
BUILD-0319,security_scan,MISS,ehr-bridge-security_scan-sha-17306
BUILD-0320,compile,HIT,customer-portal-compile-sha-30866
BUILD-0320,security_scan,MISS,customer-portal-security_scan-sha-68424
BUILD-0320,package_build,HIT,customer-portal-package_build-sha-90289
BUILD-0320,dependency_install,HIT,customer-portal-dependency_install-sha-60562
BUILD-0321,dependency_install,MISS,claims-ingestion-pipeline-dependency_install-sha-17206
BUILD-0321,compile,HIT,claims-ingestion-pipeline-compile-sha-33836
BUILD-0321,security_scan,MISS,claims-ingestion-pipeline-security_scan-sha-92790
BUILD-0322,dependency_install,HIT,provider-directory-dependency_install-sha-25724
BUILD-0322,package_build,HIT,provider-directory-package_build-sha-30407
BUILD-0322,compile,HIT,provider-directory-compile-sha-50283
BUILD-0323,dependency_install,HIT,ehr-bridge-dependency_install-sha-67510
BUILD-0323,compile,HIT,ehr-bridge-compile-sha-39669
BUILD-0323,package_build,HIT,ehr-bridge-package_build-sha-23299
BUILD-0324,package_build,HIT,claims-ingestion-pipeline-package_build-sha-53024
BUILD-0324,dependency_install,HIT,claims-ingestion-pipeline-dependency_install-sha-79617
BUILD-0324,compile,HIT,claims-ingestion-pipeline-compile-sha-10203
BUILD-0324,security_scan,HIT,claims-ingestion-pipeline-security_scan-sha-44744
BUILD-0325,package_build,MISS,provider-directory-package_build-sha-06084
BUILD-0325,compile,MISS,provider-directory-compile-sha-11594
BUILD-0325,dependency_install,MISS,provider-directory-dependency_install-sha-23489
BUILD-0325,security_scan,MISS,provider-directory-security_scan-sha-16439
BUILD-0326,package_build,MISS,hipaa-compliance-scan-package_build-sha-04742
BUILD-0326,compile,MISS,hipaa-compliance-scan-compile-sha-13258
BUILD-0326,security_scan,MISS,hipaa-compliance-scan-security_scan-sha-55530
BUILD-0326,dependency_install,HIT,hipaa-compliance-scan-dependency_install-sha-10078
BUILD-0327,security_scan,MISS,mobile-banking-api-security_scan-sha-10096
BUILD-0327,dependency_install,HIT,mobile-banking-api-dependency_install-sha-92781
BUILD-0327,package_build,MISS,mobile-banking-api-package_build-sha-23429
BUILD-0327,compile,MISS,mobile-banking-api-compile-sha-11536
BUILD-0328,security_scan,MISS,cargo-manifest-service-security_scan-sha-18234
BUILD-0328,dependency_install,HIT,cargo-manifest-service-dependency_install-sha-11613
BUILD-0328,package_build,HIT,cargo-manifest-service-package_build-sha-25854
BUILD-0328,compile,HIT,cargo-manifest-service-compile-sha-81240
BUILD-0329,package_build,HIT,cargo-manifest-service-package_build-sha-68146
BUILD-0329,security_scan,HIT,cargo-manifest-service-security_scan-sha-88997
BUILD-0329,dependency_install,HIT,cargo-manifest-service-dependency_install-sha-79695
BUILD-0330,dependency_install,HIT,cargo-manifest-service-dependency_install-sha-93360
BUILD-0330,security_scan,MISS,cargo-manifest-service-security_scan-sha-67782
BUILD-0330,compile,MISS,cargo-manifest-service-compile-sha-49406
BUILD-0330,package_build,HIT,cargo-manifest-service-package_build-sha-46784
BUILD-0331,security_scan,MISS,provider-directory-security_scan-sha-14350
BUILD-0331,compile,HIT,provider-directory-compile-sha-56683
BUILD-0331,package_build,HIT,provider-directory-package_build-sha-51745
BUILD-0331,dependency_install,HIT,provider-directory-dependency_install-sha-20077
BUILD-0332,compile,HIT,fraud-detection-service-compile-sha-67370
BUILD-0332,dependency_install,MISS,fraud-detection-service-dependency_install-sha-61858
BUILD-0332,package_build,HIT,fraud-detection-service-package_build-sha-46705
BUILD-0332,security_scan,HIT,fraud-detection-service-security_scan-sha-80734
BUILD-0333,security_scan,MISS,cargo-manifest-service-security_scan-sha-71233
BUILD-0333,dependency_install,MISS,cargo-manifest-service-dependency_install-sha-33083
BUILD-0333,compile,MISS,cargo-manifest-service-compile-sha-40271
BUILD-0334,dependency_install,HIT,hipaa-compliance-scan-dependency_install-sha-88419
BUILD-0334,compile,MISS,hipaa-compliance-scan-compile-sha-21344
BUILD-0334,security_scan,MISS,hipaa-compliance-scan-security_scan-sha-49414
BUILD-0334,package_build,MISS,hipaa-compliance-scan-package_build-sha-96654
BUILD-0335,package_build,MISS,ehr-bridge-package_build-sha-70527
BUILD-0335,compile,HIT,ehr-bridge-compile-sha-19286
BUILD-0336,dependency_install,MISS,payment-clearing-engine-dependency_install-sha-02728
BUILD-0336,compile,MISS,payment-clearing-engine-compile-sha-81015
BUILD-0336,package_build,HIT,payment-clearing-engine-package_build-sha-19048
BUILD-0336,security_scan,MISS,payment-clearing-engine-security_scan-sha-76674
BUILD-0337,package_build,HIT,safety-audit-service-package_build-sha-28558
BUILD-0337,compile,MISS,safety-audit-service-compile-sha-43568
BUILD-0337,dependency_install,HIT,safety-audit-service-dependency_install-sha-50686
BUILD-0337,security_scan,HIT,safety-audit-service-security_scan-sha-19065
BUILD-0338,security_scan,MISS,provider-directory-security_scan-sha-09095
BUILD-0338,dependency_install,HIT,provider-directory-dependency_install-sha-96149
BUILD-0338,compile,MISS,provider-directory-compile-sha-10065
BUILD-0338,package_build,HIT,provider-directory-package_build-sha-49612
BUILD-0339,compile,MISS,safety-audit-service-compile-sha-24129
BUILD-0339,package_build,HIT,safety-audit-service-package_build-sha-12606
BUILD-0339,dependency_install,HIT,safety-audit-service-dependency_install-sha-63093
BUILD-0340,compile,MISS,mobile-banking-api-compile-sha-98214
BUILD-0340,dependency_install,MISS,mobile-banking-api-dependency_install-sha-54264
BUILD-0340,security_scan,MISS,mobile-banking-api-security_scan-sha-25574
BUILD-0340,package_build,MISS,mobile-banking-api-package_build-sha-13705
BUILD-0341,compile,HIT,customer-portal-compile-sha-71922
BUILD-0341,dependency_install,HIT,customer-portal-dependency_install-sha-88546
BUILD-0341,package_build,HIT,customer-portal-package_build-sha-18888
BUILD-0341,security_scan,HIT,customer-portal-security_scan-sha-09597
BUILD-0342,package_build,HIT,safety-audit-service-package_build-sha-25621
BUILD-0342,compile,HIT,safety-audit-service-compile-sha-66096
BUILD-0342,dependency_install,HIT,safety-audit-service-dependency_install-sha-16565
BUILD-0342,security_scan,HIT,safety-audit-service-security_scan-sha-76833
BUILD-0343,compile,HIT,mobile-banking-api-compile-sha-66775
BUILD-0343,security_scan,MISS,mobile-banking-api-security_scan-sha-90327
BUILD-0343,package_build,MISS,mobile-banking-api-package_build-sha-66731
BUILD-0344,security_scan,HIT,payment-clearing-engine-security_scan-sha-89570
BUILD-0344,package_build,MISS,payment-clearing-engine-package_build-sha-19089
BUILD-0345,dependency_install,HIT,provider-directory-dependency_install-sha-82250
BUILD-0345,package_build,HIT,provider-directory-package_build-sha-23878
BUILD-0345,compile,HIT,provider-directory-compile-sha-76732
BUILD-0345,security_scan,HIT,provider-directory-security_scan-sha-64949
BUILD-0346,dependency_install,HIT,customer-portal-dependency_install-sha-68445
BUILD-0346,package_build,HIT,customer-portal-package_build-sha-97685
BUILD-0346,security_scan,HIT,customer-portal-security_scan-sha-03831
BUILD-0346,compile,HIT,customer-portal-compile-sha-24540
BUILD-0347,package_build,HIT,fraud-detection-service-package_build-sha-96308
BUILD-0347,dependency_install,HIT,fraud-detection-service-dependency_install-sha-89541
BUILD-0347,compile,HIT,fraud-detection-service-compile-sha-52357
BUILD-0347,security_scan,HIT,fraud-detection-service-security_scan-sha-36663
BUILD-0348,package_build,HIT,payment-clearing-engine-package_build-sha-90027
BUILD-0348,compile,HIT,payment-clearing-engine-compile-sha-31501
BUILD-0348,dependency_install,HIT,payment-clearing-engine-dependency_install-sha-38575
BUILD-0348,security_scan,HIT,payment-clearing-engine-security_scan-sha-82434
BUILD-0349,compile,HIT,customer-portal-compile-sha-03983
BUILD-0349,dependency_install,MISS,customer-portal-dependency_install-sha-05878
BUILD-0349,security_scan,MISS,customer-portal-security_scan-sha-28862
BUILD-0349,package_build,HIT,customer-portal-package_build-sha-81271
BUILD-0350,package_build,HIT,customer-portal-package_build-sha-05638
BUILD-0350,dependency_install,HIT,customer-portal-dependency_install-sha-03924
BUILD-0350,compile,HIT,customer-portal-compile-sha-04724
BUILD-0350,security_scan,HIT,customer-portal-security_scan-sha-29513
BUILD-0351,compile,MISS,ehr-bridge-compile-sha-21507
BUILD-0351,security_scan,HIT,ehr-bridge-security_scan-sha-05519
BUILD-0351,package_build,HIT,ehr-bridge-package_build-sha-79754
BUILD-0352,dependency_install,HIT,mobile-banking-api-dependency_install-sha-13054
BUILD-0352,package_build,HIT,mobile-banking-api-package_build-sha-65360
BUILD-0352,security_scan,HIT,mobile-banking-api-security_scan-sha-13881
BUILD-0352,compile,HIT,mobile-banking-api-compile-sha-89395
BUILD-0353,compile,HIT,fraud-detection-service-compile-sha-43230
BUILD-0353,dependency_install,HIT,fraud-detection-service-dependency_install-sha-64097
BUILD-0353,package_build,HIT,fraud-detection-service-package_build-sha-76979
BUILD-0354,dependency_install,MISS,mobile-banking-api-dependency_install-sha-49495
BUILD-0354,compile,HIT,mobile-banking-api-compile-sha-29461
BUILD-0354,package_build,HIT,mobile-banking-api-package_build-sha-47966
BUILD-0354,security_scan,HIT,mobile-banking-api-security_scan-sha-02723
BUILD-0355,package_build,HIT,fraud-detection-service-package_build-sha-13383
BUILD-0355,dependency_install,HIT,fraud-detection-service-dependency_install-sha-00355
BUILD-0355,compile,HIT,fraud-detection-service-compile-sha-79054
BUILD-0355,security_scan,MISS,fraud-detection-service-security_scan-sha-30045
BUILD-0356,security_scan,HIT,payment-clearing-engine-security_scan-sha-44284
BUILD-0356,compile,HIT,payment-clearing-engine-compile-sha-74889
BUILD-0356,dependency_install,HIT,payment-clearing-engine-dependency_install-sha-66693
BUILD-0357,security_scan,HIT,flight-telemetry-ingest-security_scan-sha-77516
BUILD-0357,compile,HIT,flight-telemetry-ingest-compile-sha-23428
BUILD-0358,compile,HIT,customer-portal-compile-sha-47258
BUILD-0358,package_build,HIT,customer-portal-package_build-sha-53147
BUILD-0358,security_scan,MISS,customer-portal-security_scan-sha-54550
BUILD-0359,package_build,HIT,mobile-banking-api-package_build-sha-84611
BUILD-0359,compile,HIT,mobile-banking-api-compile-sha-76307
BUILD-0359,security_scan,HIT,mobile-banking-api-security_scan-sha-81014
BUILD-0360,security_scan,HIT,provider-directory-security_scan-sha-27383
BUILD-0360,compile,HIT,provider-directory-compile-sha-13289
BUILD-0360,package_build,HIT,provider-directory-package_build-sha-07580
BUILD-0361,security_scan,MISS,fraud-detection-service-security_scan-sha-88755
BUILD-0361,dependency_install,HIT,fraud-detection-service-dependency_install-sha-36852
BUILD-0361,package_build,HIT,fraud-detection-service-package_build-sha-06660
BUILD-0362,security_scan,HIT,cargo-manifest-service-security_scan-sha-70669
BUILD-0362,dependency_install,MISS,cargo-manifest-service-dependency_install-sha-55857
BUILD-0362,package_build,HIT,cargo-manifest-service-package_build-sha-62687
BUILD-0363,dependency_install,HIT,safety-audit-service-dependency_install-sha-95471
BUILD-0363,compile,HIT,safety-audit-service-compile-sha-18932
BUILD-0363,security_scan,HIT,safety-audit-service-security_scan-sha-98059
BUILD-0363,package_build,HIT,safety-audit-service-package_build-sha-03797
BUILD-0364,dependency_install,HIT,payment-clearing-engine-dependency_install-sha-24121
BUILD-0364,compile,HIT,payment-clearing-engine-compile-sha-48843
BUILD-0365,compile,HIT,ehr-bridge-compile-sha-47516
BUILD-0365,security_scan,HIT,ehr-bridge-security_scan-sha-31398
BUILD-0366,security_scan,HIT,payment-clearing-engine-security_scan-sha-27672
BUILD-0366,compile,HIT,payment-clearing-engine-compile-sha-46384
BUILD-0367,package_build,HIT,hipaa-compliance-scan-package_build-sha-96804
BUILD-0367,compile,HIT,hipaa-compliance-scan-compile-sha-78628
BUILD-0367,dependency_install,HIT,hipaa-compliance-scan-dependency_install-sha-00197
BUILD-0367,security_scan,HIT,hipaa-compliance-scan-security_scan-sha-43321
BUILD-0368,compile,HIT,claims-ingestion-pipeline-compile-sha-38655
BUILD-0368,dependency_install,HIT,claims-ingestion-pipeline-dependency_install-sha-52739
BUILD-0368,package_build,HIT,claims-ingestion-pipeline-package_build-sha-42296
BUILD-0369,dependency_install,MISS,mobile-banking-api-dependency_install-sha-71162
BUILD-0369,security_scan,HIT,mobile-banking-api-security_scan-sha-94146
BUILD-0369,compile,MISS,mobile-banking-api-compile-sha-25050
BUILD-0370,security_scan,HIT,customer-portal-security_scan-sha-42940
BUILD-0370,compile,HIT,customer-portal-compile-sha-35832
BUILD-0370,dependency_install,HIT,customer-portal-dependency_install-sha-21657
BUILD-0370,package_build,HIT,customer-portal-package_build-sha-58527
BUILD-0371,dependency_install,MISS,mobile-banking-api-dependency_install-sha-76162
BUILD-0371,package_build,MISS,mobile-banking-api-package_build-sha-42199
BUILD-0371,compile,HIT,mobile-banking-api-compile-sha-62984
BUILD-0371,security_scan,MISS,mobile-banking-api-security_scan-sha-23995
BUILD-0372,package_build,MISS,provider-directory-package_build-sha-25367
BUILD-0372,security_scan,MISS,provider-directory-security_scan-sha-45804
BUILD-0372,dependency_install,MISS,provider-directory-dependency_install-sha-40319
BUILD-0373,package_build,HIT,hipaa-compliance-scan-package_build-sha-03140
BUILD-0373,dependency_install,HIT,hipaa-compliance-scan-dependency_install-sha-36769
BUILD-0373,compile,HIT,hipaa-compliance-scan-compile-sha-92299
BUILD-0373,security_scan,HIT,hipaa-compliance-scan-security_scan-sha-87587
BUILD-0374,compile,HIT,hipaa-compliance-scan-compile-sha-13320
BUILD-0374,package_build,HIT,hipaa-compliance-scan-package_build-sha-92397
BUILD-0374,dependency_install,MISS,hipaa-compliance-scan-dependency_install-sha-74359
BUILD-0375,compile,MISS,cargo-manifest-service-compile-sha-90327
BUILD-0375,security_scan,MISS,cargo-manifest-service-security_scan-sha-61042
BUILD-0375,dependency_install,HIT,cargo-manifest-service-dependency_install-sha-72332
BUILD-0376,compile,HIT,flight-telemetry-ingest-compile-sha-54801
BUILD-0376,dependency_install,HIT,flight-telemetry-ingest-dependency_install-sha-80305
BUILD-0376,security_scan,HIT,flight-telemetry-ingest-security_scan-sha-27383
BUILD-0376,package_build,HIT,flight-telemetry-ingest-package_build-sha-39356
BUILD-0377,compile,MISS,flight-telemetry-ingest-compile-sha-07777
BUILD-0377,package_build,MISS,flight-telemetry-ingest-package_build-sha-83864
BUILD-0377,security_scan,MISS,flight-telemetry-ingest-security_scan-sha-92641
BUILD-0378,security_scan,HIT,hipaa-compliance-scan-security_scan-sha-44774
BUILD-0378,dependency_install,HIT,hipaa-compliance-scan-dependency_install-sha-59030
BUILD-0378,compile,HIT,hipaa-compliance-scan-compile-sha-97179
BUILD-0378,package_build,MISS,hipaa-compliance-scan-package_build-sha-71899
BUILD-0379,compile,HIT,claims-ingestion-pipeline-compile-sha-76015
BUILD-0379,security_scan,HIT,claims-ingestion-pipeline-security_scan-sha-83035
BUILD-0379,package_build,HIT,claims-ingestion-pipeline-package_build-sha-29936
BUILD-0379,dependency_install,HIT,claims-ingestion-pipeline-dependency_install-sha-64592
BUILD-0380,security_scan,MISS,provider-directory-security_scan-sha-41785
BUILD-0380,package_build,MISS,provider-directory-package_build-sha-62297
BUILD-0380,compile,HIT,provider-directory-compile-sha-51813
BUILD-0380,dependency_install,MISS,provider-directory-dependency_install-sha-62341
BUILD-0381,compile,HIT,customer-portal-compile-sha-38648
BUILD-0381,package_build,HIT,customer-portal-package_build-sha-06032
BUILD-0381,security_scan,HIT,customer-portal-security_scan-sha-21740
BUILD-0382,compile,HIT,customer-portal-compile-sha-77827
BUILD-0382,dependency_install,HIT,customer-portal-dependency_install-sha-12653
BUILD-0382,security_scan,HIT,customer-portal-security_scan-sha-28971
BUILD-0383,dependency_install,HIT,claims-ingestion-pipeline-dependency_install-sha-86130
BUILD-0383,package_build,HIT,claims-ingestion-pipeline-package_build-sha-23351
BUILD-0383,security_scan,HIT,claims-ingestion-pipeline-security_scan-sha-29585
BUILD-0384,security_scan,MISS,mobile-banking-api-security_scan-sha-37898
BUILD-0384,compile,HIT,mobile-banking-api-compile-sha-03114
BUILD-0384,package_build,HIT,mobile-banking-api-package_build-sha-29546
BUILD-0385,dependency_install,MISS,flight-telemetry-ingest-dependency_install-sha-31898
BUILD-0385,security_scan,HIT,flight-telemetry-ingest-security_scan-sha-75586
BUILD-0386,package_build,MISS,fraud-detection-service-package_build-sha-44390
BUILD-0386,compile,MISS,fraud-detection-service-compile-sha-22325
BUILD-0386,security_scan,HIT,fraud-detection-service-security_scan-sha-53402
BUILD-0386,dependency_install,MISS,fraud-detection-service-dependency_install-sha-56003
BUILD-0387,security_scan,HIT,provider-directory-security_scan-sha-73525
BUILD-0387,package_build,HIT,provider-directory-package_build-sha-52632
BUILD-0387,dependency_install,HIT,provider-directory-dependency_install-sha-97451
BUILD-0387,compile,HIT,provider-directory-compile-sha-71870
BUILD-0388,compile,MISS,mobile-banking-api-compile-sha-53792
BUILD-0388,package_build,MISS,mobile-banking-api-package_build-sha-66185
BUILD-0388,security_scan,MISS,mobile-banking-api-security_scan-sha-36304
BUILD-0389,package_build,HIT,safety-audit-service-package_build-sha-66313
BUILD-0389,security_scan,HIT,safety-audit-service-security_scan-sha-66290
BUILD-0389,dependency_install,HIT,safety-audit-service-dependency_install-sha-53041
BUILD-0389,compile,MISS,safety-audit-service-compile-sha-58905
BUILD-0390,package_build,MISS,cargo-manifest-service-package_build-sha-09782
BUILD-0390,compile,MISS,cargo-manifest-service-compile-sha-68759
BUILD-0391,package_build,HIT,ehr-bridge-package_build-sha-58046
BUILD-0391,compile,HIT,ehr-bridge-compile-sha-42988
BUILD-0392,compile,MISS,customer-portal-compile-sha-41742
BUILD-0392,package_build,MISS,customer-portal-package_build-sha-73062
BUILD-0392,security_scan,MISS,customer-portal-security_scan-sha-67125
BUILD-0392,dependency_install,MISS,customer-portal-dependency_install-sha-26035
BUILD-0393,dependency_install,MISS,provider-directory-dependency_install-sha-28584
BUILD-0393,security_scan,HIT,provider-directory-security_scan-sha-21838
BUILD-0393,package_build,HIT,provider-directory-package_build-sha-54274
BUILD-0394,compile,HIT,hipaa-compliance-scan-compile-sha-57043
BUILD-0394,package_build,HIT,hipaa-compliance-scan-package_build-sha-43940
BUILD-0394,security_scan,HIT,hipaa-compliance-scan-security_scan-sha-12559
BUILD-0394,dependency_install,HIT,hipaa-compliance-scan-dependency_install-sha-31159
BUILD-0395,security_scan,HIT,customer-portal-security_scan-sha-56192
BUILD-0395,compile,HIT,customer-portal-compile-sha-76306
BUILD-0395,package_build,MISS,customer-portal-package_build-sha-27059
BUILD-0395,dependency_install,MISS,customer-portal-dependency_install-sha-82062
BUILD-0396,compile,HIT,mobile-banking-api-compile-sha-37829
BUILD-0396,dependency_install,MISS,mobile-banking-api-dependency_install-sha-37120
BUILD-0396,security_scan,HIT,mobile-banking-api-security_scan-sha-67100
BUILD-0396,package_build,HIT,mobile-banking-api-package_build-sha-76462
BUILD-0397,dependency_install,HIT,claims-ingestion-pipeline-dependency_install-sha-55847
BUILD-0397,security_scan,MISS,claims-ingestion-pipeline-security_scan-sha-15129
BUILD-0397,package_build,MISS,claims-ingestion-pipeline-package_build-sha-82926
BUILD-0398,dependency_install,HIT,mobile-banking-api-dependency_install-sha-23219
BUILD-0398,compile,MISS,mobile-banking-api-compile-sha-11990
BUILD-0398,security_scan,MISS,mobile-banking-api-security_scan-sha-50494
BUILD-0398,package_build,MISS,mobile-banking-api-package_build-sha-09934
BUILD-0399,package_build,HIT,flight-telemetry-ingest-package_build-sha-60169
BUILD-0399,security_scan,HIT,flight-telemetry-ingest-security_scan-sha-22660
BUILD-0399,dependency_install,MISS,flight-telemetry-ingest-dependency_install-sha-79018
BUILD-0400,package_build,MISS,claims-ingestion-pipeline-package_build-sha-63803
BUILD-0400,security_scan,HIT,claims-ingestion-pipeline-security_scan-sha-43069
BUILD-0400,compile,MISS,claims-ingestion-pipeline-compile-sha-24864
BUILD-0401,compile,MISS,customer-portal-compile-sha-44381
BUILD-0401,dependency_install,MISS,customer-portal-dependency_install-sha-11330
BUILD-0401,package_build,HIT,customer-portal-package_build-sha-04076
BUILD-0402,compile,HIT,fraud-detection-service-compile-sha-81280
BUILD-0402,security_scan,MISS,fraud-detection-service-security_scan-sha-15089
BUILD-0402,dependency_install,MISS,fraud-detection-service-dependency_install-sha-82596
BUILD-0403,security_scan,HIT,safety-audit-service-security_scan-sha-14079
BUILD-0403,compile,MISS,safety-audit-service-compile-sha-74146
BUILD-0403,package_build,MISS,safety-audit-service-package_build-sha-14208
BUILD-0404,compile,HIT,flight-telemetry-ingest-compile-sha-01979
BUILD-0404,security_scan,MISS,flight-telemetry-ingest-security_scan-sha-01792
BUILD-0404,dependency_install,HIT,flight-telemetry-ingest-dependency_install-sha-32418
BUILD-0404,package_build,HIT,flight-telemetry-ingest-package_build-sha-91328
BUILD-0405,dependency_install,MISS,claims-ingestion-pipeline-dependency_install-sha-36957
BUILD-0405,package_build,HIT,claims-ingestion-pipeline-package_build-sha-93546
BUILD-0405,security_scan,HIT,claims-ingestion-pipeline-security_scan-sha-71829
BUILD-0405,compile,HIT,claims-ingestion-pipeline-compile-sha-08843
BUILD-0406,dependency_install,HIT,hipaa-compliance-scan-dependency_install-sha-63638
BUILD-0406,security_scan,MISS,hipaa-compliance-scan-security_scan-sha-23607
BUILD-0406,compile,MISS,hipaa-compliance-scan-compile-sha-98439
BUILD-0406,package_build,HIT,hipaa-compliance-scan-package_build-sha-78128
BUILD-0407,security_scan,MISS,payment-clearing-engine-security_scan-sha-35492
BUILD-0407,compile,MISS,payment-clearing-engine-compile-sha-96036
BUILD-0407,dependency_install,MISS,payment-clearing-engine-dependency_install-sha-53023
BUILD-0408,compile,MISS,flight-telemetry-ingest-compile-sha-26330
BUILD-0408,dependency_install,HIT,flight-telemetry-ingest-dependency_install-sha-92655
BUILD-0408,package_build,MISS,flight-telemetry-ingest-package_build-sha-97528
BUILD-0408,security_scan,MISS,flight-telemetry-ingest-security_scan-sha-84123
BUILD-0409,dependency_install,HIT,cargo-manifest-service-dependency_install-sha-31520
BUILD-0409,package_build,HIT,cargo-manifest-service-package_build-sha-63227
BUILD-0409,compile,MISS,cargo-manifest-service-compile-sha-78694
BUILD-0409,security_scan,HIT,cargo-manifest-service-security_scan-sha-35126
BUILD-0410,compile,HIT,customer-portal-compile-sha-85245
BUILD-0410,dependency_install,MISS,customer-portal-dependency_install-sha-67536
BUILD-0410,package_build,MISS,customer-portal-package_build-sha-40026
BUILD-0410,security_scan,MISS,customer-portal-security_scan-sha-95235
BUILD-0411,dependency_install,MISS,mobile-banking-api-dependency_install-sha-88331
BUILD-0411,security_scan,HIT,mobile-banking-api-security_scan-sha-43721
BUILD-0411,compile,HIT,mobile-banking-api-compile-sha-91594
BUILD-0411,package_build,MISS,mobile-banking-api-package_build-sha-07394
BUILD-0412,package_build,HIT,claims-ingestion-pipeline-package_build-sha-42741
BUILD-0412,compile,HIT,claims-ingestion-pipeline-compile-sha-83637
BUILD-0412,dependency_install,HIT,claims-ingestion-pipeline-dependency_install-sha-74900
BUILD-0413,compile,MISS,cargo-manifest-service-compile-sha-56555
BUILD-0413,security_scan,MISS,cargo-manifest-service-security_scan-sha-75672
BUILD-0413,package_build,HIT,cargo-manifest-service-package_build-sha-59745
BUILD-0413,dependency_install,MISS,cargo-manifest-service-dependency_install-sha-64486
BUILD-0414,security_scan,HIT,flight-telemetry-ingest-security_scan-sha-39779
BUILD-0414,package_build,HIT,flight-telemetry-ingest-package_build-sha-64230
BUILD-0414,compile,HIT,flight-telemetry-ingest-compile-sha-30928
BUILD-0414,dependency_install,MISS,flight-telemetry-ingest-dependency_install-sha-60323
BUILD-0415,dependency_install,HIT,claims-ingestion-pipeline-dependency_install-sha-72842
BUILD-0415,compile,HIT,claims-ingestion-pipeline-compile-sha-97297
BUILD-0415,package_build,HIT,claims-ingestion-pipeline-package_build-sha-98844
BUILD-0415,security_scan,HIT,claims-ingestion-pipeline-security_scan-sha-92163
BUILD-0416,dependency_install,MISS,ehr-bridge-dependency_install-sha-14185
BUILD-0416,compile,MISS,ehr-bridge-compile-sha-49323
BUILD-0416,security_scan,MISS,ehr-bridge-security_scan-sha-97367
BUILD-0416,package_build,HIT,ehr-bridge-package_build-sha-12847
BUILD-0417,package_build,HIT,hipaa-compliance-scan-package_build-sha-55793
BUILD-0417,compile,HIT,hipaa-compliance-scan-compile-sha-27933
BUILD-0418,package_build,MISS,provider-directory-package_build-sha-85453
BUILD-0418,compile,HIT,provider-directory-compile-sha-41975
BUILD-0418,security_scan,HIT,provider-directory-security_scan-sha-13663
BUILD-0418,dependency_install,HIT,provider-directory-dependency_install-sha-46883
BUILD-0419,security_scan,HIT,ehr-bridge-security_scan-sha-39298
BUILD-0419,compile,HIT,ehr-bridge-compile-sha-65420
BUILD-0419,package_build,HIT,ehr-bridge-package_build-sha-78716
BUILD-0419,dependency_install,HIT,ehr-bridge-dependency_install-sha-41543
BUILD-0420,compile,HIT,payment-clearing-engine-compile-sha-78621
BUILD-0420,package_build,HIT,payment-clearing-engine-package_build-sha-64385
BUILD-0420,dependency_install,HIT,payment-clearing-engine-dependency_install-sha-09546
BUILD-0420,security_scan,HIT,payment-clearing-engine-security_scan-sha-55463
BUILD-0421,dependency_install,HIT,claims-ingestion-pipeline-dependency_install-sha-47729
BUILD-0421,package_build,HIT,claims-ingestion-pipeline-package_build-sha-54683
BUILD-0421,compile,MISS,claims-ingestion-pipeline-compile-sha-38035
BUILD-0421,security_scan,HIT,claims-ingestion-pipeline-security_scan-sha-72384
BUILD-0422,dependency_install,MISS,customer-portal-dependency_install-sha-23456
BUILD-0422,security_scan,HIT,customer-portal-security_scan-sha-56119
BUILD-0423,package_build,HIT,hipaa-compliance-scan-package_build-sha-85197
BUILD-0423,dependency_install,MISS,hipaa-compliance-scan-dependency_install-sha-95995
BUILD-0423,security_scan,HIT,hipaa-compliance-scan-security_scan-sha-28146
BUILD-0424,package_build,MISS,hipaa-compliance-scan-package_build-sha-15344
BUILD-0424,security_scan,MISS,hipaa-compliance-scan-security_scan-sha-24285
BUILD-0424,compile,MISS,hipaa-compliance-scan-compile-sha-92883
BUILD-0425,compile,HIT,customer-portal-compile-sha-43629
BUILD-0425,dependency_install,HIT,customer-portal-dependency_install-sha-43746
BUILD-0425,security_scan,MISS,customer-portal-security_scan-sha-21076
BUILD-0425,package_build,HIT,customer-portal-package_build-sha-75594
BUILD-0426,security_scan,HIT,hipaa-compliance-scan-security_scan-sha-20090
BUILD-0426,package_build,HIT,hipaa-compliance-scan-package_build-sha-24245
BUILD-0426,compile,HIT,hipaa-compliance-scan-compile-sha-36315
BUILD-0426,dependency_install,HIT,hipaa-compliance-scan-dependency_install-sha-81094
BUILD-0427,compile,HIT,ehr-bridge-compile-sha-15571
BUILD-0427,dependency_install,HIT,ehr-bridge-dependency_install-sha-28701
BUILD-0427,package_build,HIT,ehr-bridge-package_build-sha-06186
BUILD-0427,security_scan,HIT,ehr-bridge-security_scan-sha-19527
BUILD-0428,package_build,MISS,customer-portal-package_build-sha-46313
BUILD-0428,security_scan,MISS,customer-portal-security_scan-sha-70263
BUILD-0428,compile,HIT,customer-portal-compile-sha-63888
BUILD-0428,dependency_install,HIT,customer-portal-dependency_install-sha-66716
BUILD-0429,package_build,HIT,customer-portal-package_build-sha-00973
BUILD-0429,compile,MISS,customer-portal-compile-sha-14429
BUILD-0429,dependency_install,HIT,customer-portal-dependency_install-sha-32581
BUILD-0429,security_scan,HIT,customer-portal-security_scan-sha-54086
BUILD-0430,compile,HIT,claims-ingestion-pipeline-compile-sha-83335
BUILD-0430,dependency_install,HIT,claims-ingestion-pipeline-dependency_install-sha-64992
BUILD-0430,package_build,MISS,claims-ingestion-pipeline-package_build-sha-89353
BUILD-0431,security_scan,HIT,payment-clearing-engine-security_scan-sha-14888
BUILD-0431,dependency_install,HIT,payment-clearing-engine-dependency_install-sha-40394
BUILD-0431,package_build,MISS,payment-clearing-engine-package_build-sha-78796
BUILD-0431,compile,HIT,payment-clearing-engine-compile-sha-61678
BUILD-0432,dependency_install,MISS,claims-ingestion-pipeline-dependency_install-sha-02311
BUILD-0432,security_scan,HIT,claims-ingestion-pipeline-security_scan-sha-97302
BUILD-0432,package_build,MISS,claims-ingestion-pipeline-package_build-sha-79020
BUILD-0433,compile,MISS,safety-audit-service-compile-sha-40432
BUILD-0433,security_scan,HIT,safety-audit-service-security_scan-sha-52606
BUILD-0433,package_build,HIT,safety-audit-service-package_build-sha-12309
BUILD-0434,dependency_install,HIT,fraud-detection-service-dependency_install-sha-95016
BUILD-0434,package_build,MISS,fraud-detection-service-package_build-sha-18773
BUILD-0434,compile,HIT,fraud-detection-service-compile-sha-24494
BUILD-0435,package_build,HIT,fraud-detection-service-package_build-sha-07120
BUILD-0435,dependency_install,HIT,fraud-detection-service-dependency_install-sha-61592
BUILD-0435,security_scan,HIT,fraud-detection-service-security_scan-sha-47307
BUILD-0436,dependency_install,HIT,safety-audit-service-dependency_install-sha-61435
BUILD-0436,compile,MISS,safety-audit-service-compile-sha-59315
BUILD-0436,package_build,MISS,safety-audit-service-package_build-sha-60721
BUILD-0436,security_scan,MISS,safety-audit-service-security_scan-sha-74750
BUILD-0437,compile,HIT,ehr-bridge-compile-sha-87616
BUILD-0437,dependency_install,HIT,ehr-bridge-dependency_install-sha-98331
BUILD-0437,package_build,MISS,ehr-bridge-package_build-sha-37483
BUILD-0437,security_scan,MISS,ehr-bridge-security_scan-sha-44315
BUILD-0438,security_scan,MISS,fraud-detection-service-security_scan-sha-08571
BUILD-0438,dependency_install,HIT,fraud-detection-service-dependency_install-sha-56324
BUILD-0438,package_build,HIT,fraud-detection-service-package_build-sha-19772
BUILD-0438,compile,MISS,fraud-detection-service-compile-sha-38825
BUILD-0439,security_scan,HIT,customer-portal-security_scan-sha-28532
BUILD-0439,dependency_install,HIT,customer-portal-dependency_install-sha-09439
BUILD-0439,compile,HIT,customer-portal-compile-sha-66162
BUILD-0439,package_build,MISS,customer-portal-package_build-sha-72870
BUILD-0440,security_scan,MISS,payment-clearing-engine-security_scan-sha-64103
BUILD-0440,dependency_install,MISS,payment-clearing-engine-dependency_install-sha-10850
BUILD-0440,compile,MISS,payment-clearing-engine-compile-sha-59047
BUILD-0441,dependency_install,MISS,customer-portal-dependency_install-sha-18117
BUILD-0441,package_build,HIT,customer-portal-package_build-sha-49995
BUILD-0441,security_scan,MISS,customer-portal-security_scan-sha-32044
BUILD-0442,dependency_install,HIT,ehr-bridge-dependency_install-sha-40193
BUILD-0442,compile,HIT,ehr-bridge-compile-sha-34065
BUILD-0442,package_build,HIT,ehr-bridge-package_build-sha-97033
BUILD-0443,dependency_install,HIT,cargo-manifest-service-dependency_install-sha-61288
BUILD-0443,security_scan,MISS,cargo-manifest-service-security_scan-sha-20706
BUILD-0443,package_build,MISS,cargo-manifest-service-package_build-sha-29796
BUILD-0444,compile,HIT,flight-telemetry-ingest-compile-sha-59125
BUILD-0444,package_build,HIT,flight-telemetry-ingest-package_build-sha-78616
BUILD-0444,security_scan,MISS,flight-telemetry-ingest-security_scan-sha-62594
BUILD-0444,dependency_install,HIT,flight-telemetry-ingest-dependency_install-sha-66634
BUILD-0445,package_build,HIT,fraud-detection-service-package_build-sha-74354
BUILD-0445,security_scan,MISS,fraud-detection-service-security_scan-sha-42188
BUILD-0445,compile,HIT,fraud-detection-service-compile-sha-75929
BUILD-0445,dependency_install,HIT,fraud-detection-service-dependency_install-sha-22897
BUILD-0446,dependency_install,HIT,payment-clearing-engine-dependency_install-sha-05963
BUILD-0446,compile,HIT,payment-clearing-engine-compile-sha-14660
BUILD-0446,package_build,HIT,payment-clearing-engine-package_build-sha-83762
BUILD-0446,security_scan,HIT,payment-clearing-engine-security_scan-sha-62817
BUILD-0447,package_build,MISS,fraud-detection-service-package_build-sha-57769
BUILD-0447,dependency_install,MISS,fraud-detection-service-dependency_install-sha-33601
BUILD-0447,compile,HIT,fraud-detection-service-compile-sha-88936
BUILD-0448,package_build,MISS,cargo-manifest-service-package_build-sha-25094
BUILD-0448,dependency_install,MISS,cargo-manifest-service-dependency_install-sha-46340
BUILD-0448,compile,HIT,cargo-manifest-service-compile-sha-57664
BUILD-0448,security_scan,HIT,cargo-manifest-service-security_scan-sha-90060
BUILD-0449,dependency_install,HIT,ehr-bridge-dependency_install-sha-34581
BUILD-0449,security_scan,HIT,ehr-bridge-security_scan-sha-32993
BUILD-0449,package_build,HIT,ehr-bridge-package_build-sha-57052
BUILD-0449,compile,HIT,ehr-bridge-compile-sha-47648
BUILD-0450,security_scan,HIT,flight-telemetry-ingest-security_scan-sha-76427
BUILD-0450,package_build,HIT,flight-telemetry-ingest-package_build-sha-43458
BUILD-0450,compile,HIT,flight-telemetry-ingest-compile-sha-57698
BUILD-0450,dependency_install,HIT,flight-telemetry-ingest-dependency_install-sha-02442
BUILD-0451,compile,HIT,mobile-banking-api-compile-sha-82681
BUILD-0451,security_scan,HIT,mobile-banking-api-security_scan-sha-22615
BUILD-0451,dependency_install,HIT,mobile-banking-api-dependency_install-sha-62927
BUILD-0451,package_build,HIT,mobile-banking-api-package_build-sha-75556
BUILD-0452,dependency_install,HIT,cargo-manifest-service-dependency_install-sha-19610
BUILD-0452,package_build,HIT,cargo-manifest-service-package_build-sha-14860
BUILD-0452,security_scan,HIT,cargo-manifest-service-security_scan-sha-16668
BUILD-0453,dependency_install,MISS,cargo-manifest-service-dependency_install-sha-63147
BUILD-0453,security_scan,HIT,cargo-manifest-service-security_scan-sha-99513
BUILD-0453,compile,HIT,cargo-manifest-service-compile-sha-39129
BUILD-0453,package_build,HIT,cargo-manifest-service-package_build-sha-88361
BUILD-0454,dependency_install,HIT,flight-telemetry-ingest-dependency_install-sha-49532
BUILD-0454,compile,HIT,flight-telemetry-ingest-compile-sha-06077
BUILD-0455,package_build,MISS,flight-telemetry-ingest-package_build-sha-32890
BUILD-0455,security_scan,HIT,flight-telemetry-ingest-security_scan-sha-08466
BUILD-0455,compile,HIT,flight-telemetry-ingest-compile-sha-55121
BUILD-0455,dependency_install,HIT,flight-telemetry-ingest-dependency_install-sha-61699
BUILD-0456,compile,HIT,payment-clearing-engine-compile-sha-67499
BUILD-0456,dependency_install,MISS,payment-clearing-engine-dependency_install-sha-90643
BUILD-0456,package_build,MISS,payment-clearing-engine-package_build-sha-18900
BUILD-0456,security_scan,MISS,payment-clearing-engine-security_scan-sha-21694
BUILD-0457,security_scan,HIT,ehr-bridge-security_scan-sha-20763
BUILD-0457,package_build,HIT,ehr-bridge-package_build-sha-39852
BUILD-0457,compile,HIT,ehr-bridge-compile-sha-93817
BUILD-0458,security_scan,HIT,ehr-bridge-security_scan-sha-66816
BUILD-0458,dependency_install,HIT,ehr-bridge-dependency_install-sha-64175
BUILD-0458,compile,HIT,ehr-bridge-compile-sha-39492
BUILD-0458,package_build,HIT,ehr-bridge-package_build-sha-43237
BUILD-0459,dependency_install,HIT,hipaa-compliance-scan-dependency_install-sha-88345
BUILD-0459,package_build,HIT,hipaa-compliance-scan-package_build-sha-93426
BUILD-0459,compile,HIT,hipaa-compliance-scan-compile-sha-12633
BUILD-0460,compile,HIT,mobile-banking-api-compile-sha-99162
BUILD-0460,dependency_install,HIT,mobile-banking-api-dependency_install-sha-11371
BUILD-0460,security_scan,HIT,mobile-banking-api-security_scan-sha-67504
BUILD-0460,package_build,HIT,mobile-banking-api-package_build-sha-04941
BUILD-0461,package_build,HIT,mobile-banking-api-package_build-sha-29281
BUILD-0461,compile,HIT,mobile-banking-api-compile-sha-03960
BUILD-0461,dependency_install,HIT,mobile-banking-api-dependency_install-sha-64651
BUILD-0461,security_scan,MISS,mobile-banking-api-security_scan-sha-00154
BUILD-0462,dependency_install,MISS,claims-ingestion-pipeline-dependency_install-sha-09388
BUILD-0462,package_build,MISS,claims-ingestion-pipeline-package_build-sha-69094
BUILD-0462,security_scan,MISS,claims-ingestion-pipeline-security_scan-sha-99943
BUILD-0463,security_scan,HIT,customer-portal-security_scan-sha-76425
BUILD-0463,package_build,MISS,customer-portal-package_build-sha-72832
BUILD-0463,dependency_install,MISS,customer-portal-dependency_install-sha-28591
BUILD-0463,compile,HIT,customer-portal-compile-sha-96420
BUILD-0464,security_scan,MISS,cargo-manifest-service-security_scan-sha-73899
BUILD-0464,compile,HIT,cargo-manifest-service-compile-sha-88029
BUILD-0464,package_build,HIT,cargo-manifest-service-package_build-sha-59202
BUILD-0465,package_build,HIT,flight-telemetry-ingest-package_build-sha-85426
BUILD-0465,compile,HIT,flight-telemetry-ingest-compile-sha-56665
BUILD-0465,dependency_install,HIT,flight-telemetry-ingest-dependency_install-sha-98169
BUILD-0465,security_scan,HIT,flight-telemetry-ingest-security_scan-sha-47782
BUILD-0466,compile,HIT,fraud-detection-service-compile-sha-31065
BUILD-0466,dependency_install,HIT,fraud-detection-service-dependency_install-sha-26495
BUILD-0466,security_scan,HIT,fraud-detection-service-security_scan-sha-66214
BUILD-0466,package_build,HIT,fraud-detection-service-package_build-sha-74356
BUILD-0467,security_scan,MISS,cargo-manifest-service-security_scan-sha-16394
BUILD-0467,compile,MISS,cargo-manifest-service-compile-sha-04049
BUILD-0467,package_build,MISS,cargo-manifest-service-package_build-sha-71842
BUILD-0467,dependency_install,HIT,cargo-manifest-service-dependency_install-sha-39842
BUILD-0468,dependency_install,MISS,safety-audit-service-dependency_install-sha-98522
BUILD-0468,security_scan,HIT,safety-audit-service-security_scan-sha-75538
BUILD-0468,package_build,HIT,safety-audit-service-package_build-sha-53164
BUILD-0468,compile,HIT,safety-audit-service-compile-sha-78675
BUILD-0469,dependency_install,HIT,cargo-manifest-service-dependency_install-sha-41591
BUILD-0469,package_build,MISS,cargo-manifest-service-package_build-sha-24706
BUILD-0469,security_scan,HIT,cargo-manifest-service-security_scan-sha-23477
BUILD-0469,compile,MISS,cargo-manifest-service-compile-sha-90893
BUILD-0470,package_build,HIT,ehr-bridge-package_build-sha-74760
BUILD-0470,dependency_install,HIT,ehr-bridge-dependency_install-sha-18285
BUILD-0470,compile,HIT,ehr-bridge-compile-sha-56495
BUILD-0471,compile,HIT,customer-portal-compile-sha-83143
BUILD-0471,package_build,HIT,customer-portal-package_build-sha-62574
BUILD-0471,security_scan,HIT,customer-portal-security_scan-sha-21093
BUILD-0472,package_build,MISS,hipaa-compliance-scan-package_build-sha-88648
BUILD-0472,compile,HIT,hipaa-compliance-scan-compile-sha-40215
BUILD-0472,dependency_install,MISS,hipaa-compliance-scan-dependency_install-sha-15875
BUILD-0472,security_scan,HIT,hipaa-compliance-scan-security_scan-sha-57779
BUILD-0473,security_scan,HIT,cargo-manifest-service-security_scan-sha-14190
BUILD-0473,compile,HIT,cargo-manifest-service-compile-sha-59185
BUILD-0473,package_build,HIT,cargo-manifest-service-package_build-sha-69109
BUILD-0474,security_scan,HIT,safety-audit-service-security_scan-sha-65332
BUILD-0474,compile,HIT,safety-audit-service-compile-sha-22425
BUILD-0474,package_build,HIT,safety-audit-service-package_build-sha-47997
BUILD-0475,dependency_install,MISS,payment-clearing-engine-dependency_install-sha-57610
BUILD-0475,package_build,HIT,payment-clearing-engine-package_build-sha-64830
BUILD-0475,security_scan,MISS,payment-clearing-engine-security_scan-sha-38230
BUILD-0475,compile,HIT,payment-clearing-engine-compile-sha-99477
BUILD-0476,dependency_install,HIT,hipaa-compliance-scan-dependency_install-sha-23590
BUILD-0476,security_scan,HIT,hipaa-compliance-scan-security_scan-sha-23024
BUILD-0476,package_build,HIT,hipaa-compliance-scan-package_build-sha-76956
BUILD-0477,security_scan,HIT,ehr-bridge-security_scan-sha-73752
BUILD-0477,package_build,HIT,ehr-bridge-package_build-sha-63120
BUILD-0477,compile,HIT,ehr-bridge-compile-sha-99002
BUILD-0477,dependency_install,MISS,ehr-bridge-dependency_install-sha-15290
BUILD-0478,dependency_install,HIT,cargo-manifest-service-dependency_install-sha-14059
BUILD-0478,security_scan,HIT,cargo-manifest-service-security_scan-sha-81844
BUILD-0478,package_build,MISS,cargo-manifest-service-package_build-sha-70453
BUILD-0478,compile,HIT,cargo-manifest-service-compile-sha-50017
BUILD-0479,package_build,HIT,hipaa-compliance-scan-package_build-sha-73389
BUILD-0479,dependency_install,HIT,hipaa-compliance-scan-dependency_install-sha-77667
BUILD-0479,compile,MISS,hipaa-compliance-scan-compile-sha-63529
BUILD-0479,security_scan,MISS,hipaa-compliance-scan-security_scan-sha-36404
BUILD-0480,dependency_install,HIT,fraud-detection-service-dependency_install-sha-65421
BUILD-0480,package_build,HIT,fraud-detection-service-package_build-sha-37620
BUILD-0480,compile,MISS,fraud-detection-service-compile-sha-43451
BUILD-0481,compile,HIT,ehr-bridge-compile-sha-79947
BUILD-0481,package_build,HIT,ehr-bridge-package_build-sha-90930
BUILD-0481,security_scan,HIT,ehr-bridge-security_scan-sha-00595
BUILD-0481,dependency_install,HIT,ehr-bridge-dependency_install-sha-67072
BUILD-0482,security_scan,HIT,flight-telemetry-ingest-security_scan-sha-72805
BUILD-0482,compile,HIT,flight-telemetry-ingest-compile-sha-76899
BUILD-0483,package_build,MISS,provider-directory-package_build-sha-56750
BUILD-0483,compile,MISS,provider-directory-compile-sha-11305
BUILD-0483,security_scan,HIT,provider-directory-security_scan-sha-24652
BUILD-0483,dependency_install,MISS,provider-directory-dependency_install-sha-20443
BUILD-0484,dependency_install,HIT,safety-audit-service-dependency_install-sha-82348
BUILD-0484,security_scan,MISS,safety-audit-service-security_scan-sha-72126
BUILD-0484,compile,HIT,safety-audit-service-compile-sha-37735
BUILD-0485,dependency_install,MISS,hipaa-compliance-scan-dependency_install-sha-24175
BUILD-0485,security_scan,MISS,hipaa-compliance-scan-security_scan-sha-36661
BUILD-0485,package_build,MISS,hipaa-compliance-scan-package_build-sha-51923
BUILD-0485,compile,MISS,hipaa-compliance-scan-compile-sha-84204
BUILD-0486,compile,MISS,provider-directory-compile-sha-43426
BUILD-0486,dependency_install,HIT,provider-directory-dependency_install-sha-00594
BUILD-0486,security_scan,HIT,provider-directory-security_scan-sha-42797
BUILD-0486,package_build,MISS,provider-directory-package_build-sha-71238
BUILD-0487,package_build,HIT,claims-ingestion-pipeline-package_build-sha-31941
BUILD-0487,security_scan,HIT,claims-ingestion-pipeline-security_scan-sha-02376
BUILD-0487,compile,HIT,claims-ingestion-pipeline-compile-sha-25620
BUILD-0487,dependency_install,HIT,claims-ingestion-pipeline-dependency_install-sha-55447
BUILD-0488,dependency_install,HIT,payment-clearing-engine-dependency_install-sha-46990
BUILD-0488,compile,MISS,payment-clearing-engine-compile-sha-35464
BUILD-0488,security_scan,MISS,payment-clearing-engine-security_scan-sha-93356
BUILD-0488,package_build,HIT,payment-clearing-engine-package_build-sha-54934
BUILD-0489,package_build,MISS,customer-portal-package_build-sha-31349
BUILD-0489,dependency_install,HIT,customer-portal-dependency_install-sha-52425
BUILD-0489,compile,HIT,customer-portal-compile-sha-12824
BUILD-0490,compile,HIT,cargo-manifest-service-compile-sha-78503
BUILD-0490,security_scan,HIT,cargo-manifest-service-security_scan-sha-88133
BUILD-0490,dependency_install,HIT,cargo-manifest-service-dependency_install-sha-38308
BUILD-0490,package_build,HIT,cargo-manifest-service-package_build-sha-72833
BUILD-0491,security_scan,HIT,ehr-bridge-security_scan-sha-19593
BUILD-0491,package_build,HIT,ehr-bridge-package_build-sha-62141
BUILD-0492,dependency_install,MISS,fraud-detection-service-dependency_install-sha-90179
BUILD-0492,compile,MISS,fraud-detection-service-compile-sha-62462
BUILD-0493,security_scan,HIT,payment-clearing-engine-security_scan-sha-29328
BUILD-0493,package_build,HIT,payment-clearing-engine-package_build-sha-20819
BUILD-0493,compile,HIT,payment-clearing-engine-compile-sha-59582
BUILD-0494,package_build,HIT,flight-telemetry-ingest-package_build-sha-90794
BUILD-0494,dependency_install,MISS,flight-telemetry-ingest-dependency_install-sha-28871
BUILD-0494,compile,HIT,flight-telemetry-ingest-compile-sha-23151
BUILD-0494,security_scan,HIT,flight-telemetry-ingest-security_scan-sha-80833
BUILD-0495,dependency_install,MISS,claims-ingestion-pipeline-dependency_install-sha-85902
BUILD-0495,package_build,HIT,claims-ingestion-pipeline-package_build-sha-07702
BUILD-0495,security_scan,MISS,claims-ingestion-pipeline-security_scan-sha-90338
BUILD-0495,compile,MISS,claims-ingestion-pipeline-compile-sha-34953
BUILD-0496,compile,MISS,safety-audit-service-compile-sha-71413
BUILD-0496,security_scan,MISS,safety-audit-service-security_scan-sha-05699
BUILD-0496,package_build,MISS,safety-audit-service-package_build-sha-60442
BUILD-0496,dependency_install,MISS,safety-audit-service-dependency_install-sha-33249
BUILD-0497,compile,MISS,provider-directory-compile-sha-36701
BUILD-0497,package_build,HIT,provider-directory-package_build-sha-84364
BUILD-0497,security_scan,MISS,provider-directory-security_scan-sha-09870
BUILD-0497,dependency_install,MISS,provider-directory-dependency_install-sha-64631
BUILD-0498,package_build,HIT,flight-telemetry-ingest-package_build-sha-90926
BUILD-0498,compile,MISS,flight-telemetry-ingest-compile-sha-53265
BUILD-0498,security_scan,HIT,flight-telemetry-ingest-security_scan-sha-23346
BUILD-0498,dependency_install,HIT,flight-telemetry-ingest-dependency_install-sha-95195
BUILD-0499,package_build,MISS,safety-audit-service-package_build-sha-95215
BUILD-0499,security_scan,HIT,safety-audit-service-security_scan-sha-71449
BUILD-0499,dependency_install,HIT,safety-audit-service-dependency_install-sha-53728
BUILD-0499,compile,MISS,safety-audit-service-compile-sha-19578
BUILD-0500,package_build,HIT,mobile-banking-api-package_build-sha-23413
BUILD-0500,compile,HIT,mobile-banking-api-compile-sha-12177
BUILD-0500,dependency_install,HIT,mobile-banking-api-dependency_install-sha-14274
BUILD-0501,security_scan,HIT,ehr-bridge-security_scan-sha-88837
BUILD-0501,compile,MISS,ehr-bridge-compile-sha-49549
BUILD-0501,package_build,MISS,ehr-bridge-package_build-sha-33199
BUILD-0501,dependency_install,MISS,ehr-bridge-dependency_install-sha-27664
BUILD-0502,compile,HIT,customer-portal-compile-sha-00108
BUILD-0502,security_scan,HIT,customer-portal-security_scan-sha-43662
BUILD-0502,package_build,HIT,customer-portal-package_build-sha-41313
BUILD-0503,dependency_install,HIT,hipaa-compliance-scan-dependency_install-sha-74245
BUILD-0503,security_scan,HIT,hipaa-compliance-scan-security_scan-sha-45786
BUILD-0503,package_build,HIT,hipaa-compliance-scan-package_build-sha-82029
BUILD-0503,compile,HIT,hipaa-compliance-scan-compile-sha-35118
BUILD-0504,security_scan,HIT,hipaa-compliance-scan-security_scan-sha-96193
BUILD-0504,compile,HIT,hipaa-compliance-scan-compile-sha-57654
BUILD-0504,package_build,HIT,hipaa-compliance-scan-package_build-sha-72150
BUILD-0505,package_build,HIT,payment-clearing-engine-package_build-sha-22478
BUILD-0505,compile,HIT,payment-clearing-engine-compile-sha-45511
BUILD-0505,dependency_install,MISS,payment-clearing-engine-dependency_install-sha-70104
BUILD-0505,security_scan,MISS,payment-clearing-engine-security_scan-sha-73500
BUILD-0506,package_build,HIT,flight-telemetry-ingest-package_build-sha-88032
BUILD-0506,compile,HIT,flight-telemetry-ingest-compile-sha-98974
BUILD-0506,dependency_install,HIT,flight-telemetry-ingest-dependency_install-sha-76999
BUILD-0506,security_scan,HIT,flight-telemetry-ingest-security_scan-sha-40134
BUILD-0507,package_build,HIT,payment-clearing-engine-package_build-sha-75305
BUILD-0507,security_scan,HIT,payment-clearing-engine-security_scan-sha-56088
BUILD-0507,dependency_install,HIT,payment-clearing-engine-dependency_install-sha-77674
BUILD-0507,compile,MISS,payment-clearing-engine-compile-sha-30330
BUILD-0508,security_scan,MISS,fraud-detection-service-security_scan-sha-71852
BUILD-0508,dependency_install,MISS,fraud-detection-service-dependency_install-sha-05031
BUILD-0508,package_build,MISS,fraud-detection-service-package_build-sha-14435
BUILD-0509,compile,MISS,payment-clearing-engine-compile-sha-69118
BUILD-0509,dependency_install,MISS,payment-clearing-engine-dependency_install-sha-36200
BUILD-0509,package_build,HIT,payment-clearing-engine-package_build-sha-98271
BUILD-0509,security_scan,MISS,payment-clearing-engine-security_scan-sha-03979
BUILD-0510,security_scan,MISS,safety-audit-service-security_scan-sha-52456
BUILD-0510,package_build,HIT,safety-audit-service-package_build-sha-05121
BUILD-0510,dependency_install,MISS,safety-audit-service-dependency_install-sha-32428
BUILD-0510,compile,MISS,safety-audit-service-compile-sha-60273
BUILD-0511,package_build,HIT,ehr-bridge-package_build-sha-76810
BUILD-0511,security_scan,HIT,ehr-bridge-security_scan-sha-48732
BUILD-0511,compile,HIT,ehr-bridge-compile-sha-70878
BUILD-0512,compile,HIT,hipaa-compliance-scan-compile-sha-63182
BUILD-0512,security_scan,MISS,hipaa-compliance-scan-security_scan-sha-35140
BUILD-0512,dependency_install,MISS,hipaa-compliance-scan-dependency_install-sha-88298
BUILD-0513,security_scan,MISS,hipaa-compliance-scan-security_scan-sha-92691
BUILD-0513,package_build,HIT,hipaa-compliance-scan-package_build-sha-84027
BUILD-0513,compile,HIT,hipaa-compliance-scan-compile-sha-62167
BUILD-0514,security_scan,HIT,mobile-banking-api-security_scan-sha-64589
BUILD-0514,package_build,HIT,mobile-banking-api-package_build-sha-98138
BUILD-0514,compile,HIT,mobile-banking-api-compile-sha-07165
BUILD-0515,package_build,HIT,cargo-manifest-service-package_build-sha-51109
BUILD-0515,compile,MISS,cargo-manifest-service-compile-sha-20100
BUILD-0515,dependency_install,HIT,cargo-manifest-service-dependency_install-sha-89170
BUILD-0516,package_build,HIT,cargo-manifest-service-package_build-sha-50449
BUILD-0516,dependency_install,MISS,cargo-manifest-service-dependency_install-sha-90633
BUILD-0516,security_scan,MISS,cargo-manifest-service-security_scan-sha-24428
BUILD-0516,compile,HIT,cargo-manifest-service-compile-sha-93626
BUILD-0517,dependency_install,HIT,flight-telemetry-ingest-dependency_install-sha-44736
BUILD-0517,security_scan,HIT,flight-telemetry-ingest-security_scan-sha-87619
BUILD-0517,package_build,HIT,flight-telemetry-ingest-package_build-sha-01232
BUILD-0518,compile,MISS,claims-ingestion-pipeline-compile-sha-66196
BUILD-0518,security_scan,MISS,claims-ingestion-pipeline-security_scan-sha-65224
BUILD-0518,dependency_install,HIT,claims-ingestion-pipeline-dependency_install-sha-80917
BUILD-0518,package_build,HIT,claims-ingestion-pipeline-package_build-sha-49626
BUILD-0519,compile,MISS,claims-ingestion-pipeline-compile-sha-87687
BUILD-0519,security_scan,HIT,claims-ingestion-pipeline-security_scan-sha-06087
BUILD-0519,dependency_install,MISS,claims-ingestion-pipeline-dependency_install-sha-73517
BUILD-0519,package_build,HIT,claims-ingestion-pipeline-package_build-sha-85435
BUILD-0520,security_scan,MISS,claims-ingestion-pipeline-security_scan-sha-26963
BUILD-0520,dependency_install,HIT,claims-ingestion-pipeline-dependency_install-sha-09047
BUILD-0520,package_build,HIT,claims-ingestion-pipeline-package_build-sha-40124
BUILD-0521,package_build,HIT,ehr-bridge-package_build-sha-37379
BUILD-0521,compile,HIT,ehr-bridge-compile-sha-75811
BUILD-0521,dependency_install,HIT,ehr-bridge-dependency_install-sha-90634
BUILD-0521,security_scan,HIT,ehr-bridge-security_scan-sha-66831
BUILD-0522,dependency_install,MISS,provider-directory-dependency_install-sha-44887
BUILD-0522,security_scan,MISS,provider-directory-security_scan-sha-87554
BUILD-0522,compile,MISS,provider-directory-compile-sha-47947
BUILD-0523,security_scan,HIT,hipaa-compliance-scan-security_scan-sha-86283
BUILD-0523,package_build,HIT,hipaa-compliance-scan-package_build-sha-50151
BUILD-0523,compile,HIT,hipaa-compliance-scan-compile-sha-18399
BUILD-0523,dependency_install,HIT,hipaa-compliance-scan-dependency_install-sha-05258
BUILD-0524,compile,MISS,provider-directory-compile-sha-03212
BUILD-0524,security_scan,HIT,provider-directory-security_scan-sha-15567
BUILD-0524,dependency_install,HIT,provider-directory-dependency_install-sha-36175
BUILD-0524,package_build,HIT,provider-directory-package_build-sha-96717
BUILD-0525,security_scan,HIT,customer-portal-security_scan-sha-62606
BUILD-0525,dependency_install,MISS,customer-portal-dependency_install-sha-89303
BUILD-0525,compile,HIT,customer-portal-compile-sha-40182
BUILD-0526,dependency_install,HIT,safety-audit-service-dependency_install-sha-15272
BUILD-0526,compile,HIT,safety-audit-service-compile-sha-67795
BUILD-0526,package_build,HIT,safety-audit-service-package_build-sha-72684
BUILD-0526,security_scan,HIT,safety-audit-service-security_scan-sha-32352
BUILD-0527,dependency_install,MISS,hipaa-compliance-scan-dependency_install-sha-02528
BUILD-0527,security_scan,MISS,hipaa-compliance-scan-security_scan-sha-11317
BUILD-0528,package_build,HIT,cargo-manifest-service-package_build-sha-33284
BUILD-0528,security_scan,HIT,cargo-manifest-service-security_scan-sha-15144
BUILD-0528,dependency_install,MISS,cargo-manifest-service-dependency_install-sha-09188
BUILD-0528,compile,HIT,cargo-manifest-service-compile-sha-75729
BUILD-0529,compile,HIT,payment-clearing-engine-compile-sha-42246
BUILD-0529,package_build,MISS,payment-clearing-engine-package_build-sha-23601
BUILD-0529,security_scan,HIT,payment-clearing-engine-security_scan-sha-49421
BUILD-0530,security_scan,MISS,mobile-banking-api-security_scan-sha-80374
BUILD-0530,package_build,HIT,mobile-banking-api-package_build-sha-40394
BUILD-0530,dependency_install,HIT,mobile-banking-api-dependency_install-sha-42589
BUILD-0530,compile,MISS,mobile-banking-api-compile-sha-65466
BUILD-0531,package_build,HIT,cargo-manifest-service-package_build-sha-53557
BUILD-0531,security_scan,HIT,cargo-manifest-service-security_scan-sha-59972
BUILD-0531,dependency_install,MISS,cargo-manifest-service-dependency_install-sha-51159
BUILD-0532,security_scan,HIT,fraud-detection-service-security_scan-sha-64230
BUILD-0532,compile,HIT,fraud-detection-service-compile-sha-52241
BUILD-0532,package_build,HIT,fraud-detection-service-package_build-sha-44784
BUILD-0533,security_scan,HIT,mobile-banking-api-security_scan-sha-85158
BUILD-0533,compile,HIT,mobile-banking-api-compile-sha-83349
BUILD-0533,package_build,HIT,mobile-banking-api-package_build-sha-78790
BUILD-0534,compile,MISS,flight-telemetry-ingest-compile-sha-58561
BUILD-0534,package_build,MISS,flight-telemetry-ingest-package_build-sha-57061
BUILD-0534,dependency_install,MISS,flight-telemetry-ingest-dependency_install-sha-80006
BUILD-0535,compile,MISS,mobile-banking-api-compile-sha-70513
BUILD-0535,dependency_install,HIT,mobile-banking-api-dependency_install-sha-11950
BUILD-0535,security_scan,HIT,mobile-banking-api-security_scan-sha-22617
BUILD-0536,package_build,MISS,flight-telemetry-ingest-package_build-sha-24563
BUILD-0536,compile,HIT,flight-telemetry-ingest-compile-sha-59501
BUILD-0536,dependency_install,MISS,flight-telemetry-ingest-dependency_install-sha-43364
BUILD-0537,security_scan,MISS,fraud-detection-service-security_scan-sha-67526
BUILD-0537,compile,HIT,fraud-detection-service-compile-sha-96015
BUILD-0538,compile,MISS,mobile-banking-api-compile-sha-26034
BUILD-0538,security_scan,MISS,mobile-banking-api-security_scan-sha-25958
BUILD-0538,package_build,HIT,mobile-banking-api-package_build-sha-91649
BUILD-0538,dependency_install,MISS,mobile-banking-api-dependency_install-sha-32878
BUILD-0539,dependency_install,HIT,cargo-manifest-service-dependency_install-sha-31782
BUILD-0539,security_scan,HIT,cargo-manifest-service-security_scan-sha-30630
BUILD-0539,compile,HIT,cargo-manifest-service-compile-sha-85792
BUILD-0539,package_build,HIT,cargo-manifest-service-package_build-sha-62819
BUILD-0540,compile,HIT,claims-ingestion-pipeline-compile-sha-06743
BUILD-0540,security_scan,MISS,claims-ingestion-pipeline-security_scan-sha-39865
BUILD-0540,dependency_install,MISS,claims-ingestion-pipeline-dependency_install-sha-60292
BUILD-0540,package_build,HIT,claims-ingestion-pipeline-package_build-sha-88603
BUILD-0541,package_build,MISS,fraud-detection-service-package_build-sha-28730
BUILD-0541,security_scan,HIT,fraud-detection-service-security_scan-sha-38216
BUILD-0541,compile,HIT,fraud-detection-service-compile-sha-76400
BUILD-0541,dependency_install,MISS,fraud-detection-service-dependency_install-sha-71507
BUILD-0542,package_build,HIT,ehr-bridge-package_build-sha-27576
BUILD-0542,security_scan,HIT,ehr-bridge-security_scan-sha-06036
BUILD-0542,dependency_install,HIT,ehr-bridge-dependency_install-sha-68000
BUILD-0542,compile,HIT,ehr-bridge-compile-sha-98542
BUILD-0543,package_build,HIT,flight-telemetry-ingest-package_build-sha-42590
BUILD-0543,compile,MISS,flight-telemetry-ingest-compile-sha-76621
BUILD-0543,security_scan,HIT,flight-telemetry-ingest-security_scan-sha-28481
BUILD-0544,dependency_install,HIT,customer-portal-dependency_install-sha-41203
BUILD-0544,compile,MISS,customer-portal-compile-sha-58263
BUILD-0544,package_build,HIT,customer-portal-package_build-sha-07694
BUILD-0544,security_scan,MISS,customer-portal-security_scan-sha-59763
BUILD-0545,dependency_install,HIT,hipaa-compliance-scan-dependency_install-sha-22303
BUILD-0545,compile,HIT,hipaa-compliance-scan-compile-sha-45161
BUILD-0545,security_scan,MISS,hipaa-compliance-scan-security_scan-sha-92325
BUILD-0546,security_scan,MISS,provider-directory-security_scan-sha-38922
BUILD-0546,compile,MISS,provider-directory-compile-sha-96270
BUILD-0546,package_build,MISS,provider-directory-package_build-sha-63317
BUILD-0547,package_build,HIT,claims-ingestion-pipeline-package_build-sha-75060
BUILD-0547,compile,HIT,claims-ingestion-pipeline-compile-sha-63094
BUILD-0547,dependency_install,HIT,claims-ingestion-pipeline-dependency_install-sha-01420
BUILD-0548,package_build,HIT,hipaa-compliance-scan-package_build-sha-41111
BUILD-0548,compile,HIT,hipaa-compliance-scan-compile-sha-31629
BUILD-0548,dependency_install,HIT,hipaa-compliance-scan-dependency_install-sha-12102
BUILD-0548,security_scan,HIT,hipaa-compliance-scan-security_scan-sha-51640
BUILD-0549,package_build,HIT,ehr-bridge-package_build-sha-46774
BUILD-0549,dependency_install,HIT,ehr-bridge-dependency_install-sha-28070
BUILD-0549,compile,HIT,ehr-bridge-compile-sha-24227
BUILD-0550,dependency_install,HIT,flight-telemetry-ingest-dependency_install-sha-47990
BUILD-0550,compile,HIT,flight-telemetry-ingest-compile-sha-06399
BUILD-0550,package_build,HIT,flight-telemetry-ingest-package_build-sha-93466
BUILD-0550,security_scan,HIT,flight-telemetry-ingest-security_scan-sha-89372
BUILD-0551,dependency_install,HIT,provider-directory-dependency_install-sha-69950
BUILD-0551,security_scan,MISS,provider-directory-security_scan-sha-88532
BUILD-0551,compile,HIT,provider-directory-compile-sha-12093
BUILD-0552,package_build,MISS,flight-telemetry-ingest-package_build-sha-99234
BUILD-0552,security_scan,HIT,flight-telemetry-ingest-security_scan-sha-63493
BUILD-0552,compile,HIT,flight-telemetry-ingest-compile-sha-42276
BUILD-0553,package_build,MISS,cargo-manifest-service-package_build-sha-90406
BUILD-0553,compile,MISS,cargo-manifest-service-compile-sha-62218
BUILD-0553,security_scan,HIT,cargo-manifest-service-security_scan-sha-03654
BUILD-0554,dependency_install,HIT,customer-portal-dependency_install-sha-51818
BUILD-0554,package_build,HIT,customer-portal-package_build-sha-49526
BUILD-0554,compile,HIT,customer-portal-compile-sha-02394
BUILD-0554,security_scan,MISS,customer-portal-security_scan-sha-30511
BUILD-0555,package_build,HIT,provider-directory-package_build-sha-77425
BUILD-0555,security_scan,MISS,provider-directory-security_scan-sha-45523
BUILD-0555,dependency_install,HIT,provider-directory-dependency_install-sha-56089
BUILD-0555,compile,HIT,provider-directory-compile-sha-53833
BUILD-0556,security_scan,HIT,claims-ingestion-pipeline-security_scan-sha-23025
BUILD-0556,compile,HIT,claims-ingestion-pipeline-compile-sha-97913
BUILD-0556,package_build,HIT,claims-ingestion-pipeline-package_build-sha-19873
BUILD-0557,compile,HIT,cargo-manifest-service-compile-sha-10526
BUILD-0557,package_build,HIT,cargo-manifest-service-package_build-sha-74944
BUILD-0557,security_scan,HIT,cargo-manifest-service-security_scan-sha-17715
BUILD-0557,dependency_install,HIT,cargo-manifest-service-dependency_install-sha-72163
BUILD-0558,security_scan,MISS,claims-ingestion-pipeline-security_scan-sha-06514
BUILD-0558,dependency_install,MISS,claims-ingestion-pipeline-dependency_install-sha-29468
BUILD-0558,package_build,HIT,claims-ingestion-pipeline-package_build-sha-00722
BUILD-0559,package_build,HIT,cargo-manifest-service-package_build-sha-66049
BUILD-0559,dependency_install,HIT,cargo-manifest-service-dependency_install-sha-91036
BUILD-0559,compile,MISS,cargo-manifest-service-compile-sha-94911
BUILD-0560,compile,HIT,customer-portal-compile-sha-78343
BUILD-0560,security_scan,HIT,customer-portal-security_scan-sha-64906
BUILD-0561,compile,MISS,payment-clearing-engine-compile-sha-43307
BUILD-0561,security_scan,MISS,payment-clearing-engine-security_scan-sha-14679
BUILD-0561,dependency_install,MISS,payment-clearing-engine-dependency_install-sha-71098
BUILD-0562,dependency_install,MISS,customer-portal-dependency_install-sha-99589
BUILD-0562,package_build,HIT,customer-portal-package_build-sha-00172
BUILD-0562,security_scan,HIT,customer-portal-security_scan-sha-55708
BUILD-0563,compile,HIT,flight-telemetry-ingest-compile-sha-68475
BUILD-0563,dependency_install,MISS,flight-telemetry-ingest-dependency_install-sha-19398
BUILD-0563,package_build,HIT,flight-telemetry-ingest-package_build-sha-13332
BUILD-0564,dependency_install,MISS,flight-telemetry-ingest-dependency_install-sha-18059
BUILD-0564,package_build,HIT,flight-telemetry-ingest-package_build-sha-68516
BUILD-0564,security_scan,HIT,flight-telemetry-ingest-security_scan-sha-41935
BUILD-0564,compile,HIT,flight-telemetry-ingest-compile-sha-07687
BUILD-0565,compile,MISS,safety-audit-service-compile-sha-11026
BUILD-0565,security_scan,MISS,safety-audit-service-security_scan-sha-62283
BUILD-0566,dependency_install,HIT,customer-portal-dependency_install-sha-29605
BUILD-0566,security_scan,HIT,customer-portal-security_scan-sha-42325
BUILD-0566,compile,HIT,customer-portal-compile-sha-99570
BUILD-0567,package_build,MISS,cargo-manifest-service-package_build-sha-66914
BUILD-0567,dependency_install,MISS,cargo-manifest-service-dependency_install-sha-78141
BUILD-0567,security_scan,HIT,cargo-manifest-service-security_scan-sha-30066
BUILD-0567,compile,HIT,cargo-manifest-service-compile-sha-17960
BUILD-0568,compile,MISS,customer-portal-compile-sha-05913
BUILD-0568,security_scan,HIT,customer-portal-security_scan-sha-80410
BUILD-0568,dependency_install,HIT,customer-portal-dependency_install-sha-22348
BUILD-0568,package_build,MISS,customer-portal-package_build-sha-62711
BUILD-0569,dependency_install,MISS,customer-portal-dependency_install-sha-14155
BUILD-0569,package_build,HIT,customer-portal-package_build-sha-63332
BUILD-0569,security_scan,HIT,customer-portal-security_scan-sha-09119
BUILD-0569,compile,HIT,customer-portal-compile-sha-59606
BUILD-0570,security_scan,HIT,fraud-detection-service-security_scan-sha-63064
BUILD-0570,compile,HIT,fraud-detection-service-compile-sha-02146
BUILD-0571,security_scan,MISS,payment-clearing-engine-security_scan-sha-45237
BUILD-0571,compile,MISS,payment-clearing-engine-compile-sha-05786
BUILD-0571,package_build,MISS,payment-clearing-engine-package_build-sha-93128
BUILD-0571,dependency_install,MISS,payment-clearing-engine-dependency_install-sha-89547
BUILD-0572,compile,HIT,safety-audit-service-compile-sha-63358
BUILD-0572,package_build,HIT,safety-audit-service-package_build-sha-07071
BUILD-0572,dependency_install,MISS,safety-audit-service-dependency_install-sha-03753
BUILD-0573,security_scan,HIT,provider-directory-security_scan-sha-53820
BUILD-0573,compile,MISS,provider-directory-compile-sha-03063
BUILD-0573,package_build,MISS,provider-directory-package_build-sha-91543
BUILD-0573,dependency_install,MISS,provider-directory-dependency_install-sha-40544
BUILD-0574,compile,HIT,ehr-bridge-compile-sha-43697
BUILD-0574,dependency_install,HIT,ehr-bridge-dependency_install-sha-93168
BUILD-0574,security_scan,HIT,ehr-bridge-security_scan-sha-68100
BUILD-0575,dependency_install,MISS,safety-audit-service-dependency_install-sha-91442
BUILD-0575,package_build,MISS,safety-audit-service-package_build-sha-85971
BUILD-0575,security_scan,MISS,safety-audit-service-security_scan-sha-12418
BUILD-0575,compile,MISS,safety-audit-service-compile-sha-14361
BUILD-0576,security_scan,HIT,safety-audit-service-security_scan-sha-00719
BUILD-0576,package_build,MISS,safety-audit-service-package_build-sha-55844
BUILD-0576,compile,MISS,safety-audit-service-compile-sha-35412
BUILD-0576,dependency_install,HIT,safety-audit-service-dependency_install-sha-93324
BUILD-0577,dependency_install,HIT,flight-telemetry-ingest-dependency_install-sha-51799
BUILD-0577,package_build,HIT,flight-telemetry-ingest-package_build-sha-12459
BUILD-0577,compile,HIT,flight-telemetry-ingest-compile-sha-32660
BUILD-0578,package_build,HIT,provider-directory-package_build-sha-79958
BUILD-0578,dependency_install,HIT,provider-directory-dependency_install-sha-06304
BUILD-0578,compile,HIT,provider-directory-compile-sha-65148
BUILD-0578,security_scan,HIT,provider-directory-security_scan-sha-37415
BUILD-0579,package_build,HIT,hipaa-compliance-scan-package_build-sha-60731
BUILD-0579,dependency_install,HIT,hipaa-compliance-scan-dependency_install-sha-26940
BUILD-0579,security_scan,HIT,hipaa-compliance-scan-security_scan-sha-20167
BUILD-0580,compile,HIT,mobile-banking-api-compile-sha-69828
BUILD-0580,package_build,HIT,mobile-banking-api-package_build-sha-37349
BUILD-0580,security_scan,HIT,mobile-banking-api-security_scan-sha-16100
BUILD-0580,dependency_install,HIT,mobile-banking-api-dependency_install-sha-33950
BUILD-0581,compile,MISS,claims-ingestion-pipeline-compile-sha-91975
BUILD-0581,package_build,HIT,claims-ingestion-pipeline-package_build-sha-44999
BUILD-0581,security_scan,MISS,claims-ingestion-pipeline-security_scan-sha-12979
BUILD-0581,dependency_install,MISS,claims-ingestion-pipeline-dependency_install-sha-69538
BUILD-0582,package_build,HIT,ehr-bridge-package_build-sha-47453
BUILD-0582,compile,HIT,ehr-bridge-compile-sha-80673
BUILD-0582,dependency_install,MISS,ehr-bridge-dependency_install-sha-97110
BUILD-0583,package_build,HIT,customer-portal-package_build-sha-38309
BUILD-0583,security_scan,HIT,customer-portal-security_scan-sha-02205
BUILD-0583,compile,HIT,customer-portal-compile-sha-87225
BUILD-0584,dependency_install,MISS,claims-ingestion-pipeline-dependency_install-sha-28657
BUILD-0584,package_build,MISS,claims-ingestion-pipeline-package_build-sha-67759
BUILD-0584,security_scan,MISS,claims-ingestion-pipeline-security_scan-sha-35174
BUILD-0585,security_scan,MISS,safety-audit-service-security_scan-sha-50168
BUILD-0585,dependency_install,MISS,safety-audit-service-dependency_install-sha-23261
BUILD-0585,package_build,MISS,safety-audit-service-package_build-sha-76732
BUILD-0585,compile,HIT,safety-audit-service-compile-sha-47714
BUILD-0586,dependency_install,MISS,ehr-bridge-dependency_install-sha-16300
BUILD-0586,package_build,HIT,ehr-bridge-package_build-sha-42293
BUILD-0586,compile,MISS,ehr-bridge-compile-sha-92840
BUILD-0586,security_scan,MISS,ehr-bridge-security_scan-sha-06341
BUILD-0587,dependency_install,HIT,fraud-detection-service-dependency_install-sha-71191
BUILD-0587,compile,MISS,fraud-detection-service-compile-sha-26866
BUILD-0587,package_build,HIT,fraud-detection-service-package_build-sha-61590
BUILD-0587,security_scan,HIT,fraud-detection-service-security_scan-sha-38515
BUILD-0588,dependency_install,MISS,payment-clearing-engine-dependency_install-sha-33423
BUILD-0588,security_scan,MISS,payment-clearing-engine-security_scan-sha-19325
BUILD-0589,package_build,MISS,payment-clearing-engine-package_build-sha-19843
BUILD-0589,security_scan,HIT,payment-clearing-engine-security_scan-sha-99725
BUILD-0589,compile,HIT,payment-clearing-engine-compile-sha-94383
BUILD-0589,dependency_install,HIT,payment-clearing-engine-dependency_install-sha-21118
BUILD-0590,security_scan,HIT,customer-portal-security_scan-sha-58721
BUILD-0590,package_build,HIT,customer-portal-package_build-sha-67391
BUILD-0590,dependency_install,MISS,customer-portal-dependency_install-sha-84125
BUILD-0590,compile,HIT,customer-portal-compile-sha-41695
BUILD-0591,security_scan,HIT,provider-directory-security_scan-sha-74934
BUILD-0591,package_build,HIT,provider-directory-package_build-sha-70159
BUILD-0591,compile,HIT,provider-directory-compile-sha-96415
BUILD-0592,dependency_install,HIT,safety-audit-service-dependency_install-sha-11834
BUILD-0592,compile,HIT,safety-audit-service-compile-sha-17796
BUILD-0592,security_scan,HIT,safety-audit-service-security_scan-sha-95716
BUILD-0592,package_build,HIT,safety-audit-service-package_build-sha-56636
BUILD-0593,dependency_install,MISS,payment-clearing-engine-dependency_install-sha-16403
BUILD-0593,compile,MISS,payment-clearing-engine-compile-sha-50314
BUILD-0593,security_scan,MISS,payment-clearing-engine-security_scan-sha-34364
BUILD-0594,dependency_install,HIT,flight-telemetry-ingest-dependency_install-sha-32448
BUILD-0594,compile,HIT,flight-telemetry-ingest-compile-sha-81568
BUILD-0594,package_build,MISS,flight-telemetry-ingest-package_build-sha-22438
BUILD-0594,security_scan,HIT,flight-telemetry-ingest-security_scan-sha-45313
BUILD-0595,compile,HIT,provider-directory-compile-sha-40521
BUILD-0595,dependency_install,HIT,provider-directory-dependency_install-sha-86763
BUILD-0595,security_scan,HIT,provider-directory-security_scan-sha-62818
BUILD-0596,security_scan,HIT,provider-directory-security_scan-sha-10403
BUILD-0596,compile,MISS,provider-directory-compile-sha-20713
BUILD-0596,package_build,MISS,provider-directory-package_build-sha-30991
BUILD-0596,dependency_install,HIT,provider-directory-dependency_install-sha-06512
BUILD-0597,dependency_install,HIT,hipaa-compliance-scan-dependency_install-sha-24230
BUILD-0597,compile,HIT,hipaa-compliance-scan-compile-sha-82162
BUILD-0598,compile,HIT,claims-ingestion-pipeline-compile-sha-44257
BUILD-0598,dependency_install,HIT,claims-ingestion-pipeline-dependency_install-sha-05853
BUILD-0598,package_build,HIT,claims-ingestion-pipeline-package_build-sha-44440
BUILD-0598,security_scan,HIT,claims-ingestion-pipeline-security_scan-sha-34612
BUILD-0599,package_build,HIT,ehr-bridge-package_build-sha-37589
BUILD-0599,compile,MISS,ehr-bridge-compile-sha-24734
BUILD-0599,security_scan,HIT,ehr-bridge-security_scan-sha-25662
BUILD-0600,security_scan,HIT,flight-telemetry-ingest-security_scan-sha-08330
BUILD-0600,compile,HIT,flight-telemetry-ingest-compile-sha-37023
BUILD-0600,package_build,HIT,flight-telemetry-ingest-package_build-sha-25136
BUILD-0601,compile,MISS,provider-directory-compile-sha-55145
BUILD-0601,package_build,HIT,provider-directory-package_build-sha-52956
BUILD-0601,security_scan,MISS,provider-directory-security_scan-sha-62059
BUILD-0602,dependency_install,MISS,customer-portal-dependency_install-sha-18091
BUILD-0602,compile,HIT,customer-portal-compile-sha-73834
BUILD-0602,security_scan,MISS,customer-portal-security_scan-sha-12539
BUILD-0602,package_build,HIT,customer-portal-package_build-sha-07171
BUILD-0603,compile,MISS,hipaa-compliance-scan-compile-sha-21273
BUILD-0603,security_scan,MISS,hipaa-compliance-scan-security_scan-sha-46854
BUILD-0603,package_build,HIT,hipaa-compliance-scan-package_build-sha-97644
BUILD-0604,dependency_install,MISS,cargo-manifest-service-dependency_install-sha-93303
BUILD-0604,security_scan,HIT,cargo-manifest-service-security_scan-sha-13872
BUILD-0605,package_build,MISS,mobile-banking-api-package_build-sha-58164
BUILD-0605,compile,HIT,mobile-banking-api-compile-sha-45194
BUILD-0605,dependency_install,HIT,mobile-banking-api-dependency_install-sha-70232
BUILD-0606,package_build,HIT,safety-audit-service-package_build-sha-29093
BUILD-0606,security_scan,HIT,safety-audit-service-security_scan-sha-28110
BUILD-0606,dependency_install,HIT,safety-audit-service-dependency_install-sha-73491
BUILD-0606,compile,HIT,safety-audit-service-compile-sha-85097
BUILD-0607,compile,HIT,claims-ingestion-pipeline-compile-sha-26356
BUILD-0607,security_scan,MISS,claims-ingestion-pipeline-security_scan-sha-16735
BUILD-0607,dependency_install,HIT,claims-ingestion-pipeline-dependency_install-sha-05140
BUILD-0607,package_build,HIT,claims-ingestion-pipeline-package_build-sha-91549
BUILD-0608,security_scan,HIT,ehr-bridge-security_scan-sha-97866
BUILD-0608,dependency_install,MISS,ehr-bridge-dependency_install-sha-65418
BUILD-0608,package_build,HIT,ehr-bridge-package_build-sha-91756
BUILD-0608,compile,HIT,ehr-bridge-compile-sha-52583
BUILD-0609,dependency_install,HIT,hipaa-compliance-scan-dependency_install-sha-78094
BUILD-0609,package_build,HIT,hipaa-compliance-scan-package_build-sha-87378
BUILD-0609,security_scan,MISS,hipaa-compliance-scan-security_scan-sha-64429
BUILD-0610,dependency_install,HIT,flight-telemetry-ingest-dependency_install-sha-54309
BUILD-0610,compile,HIT,flight-telemetry-ingest-compile-sha-21005
BUILD-0610,security_scan,HIT,flight-telemetry-ingest-security_scan-sha-38646
BUILD-0610,package_build,MISS,flight-telemetry-ingest-package_build-sha-33789
BUILD-0611,package_build,HIT,flight-telemetry-ingest-package_build-sha-84279
BUILD-0611,security_scan,HIT,flight-telemetry-ingest-security_scan-sha-84904
BUILD-0611,compile,HIT,flight-telemetry-ingest-compile-sha-86400
BUILD-0611,dependency_install,HIT,flight-telemetry-ingest-dependency_install-sha-33490
BUILD-0612,compile,HIT,payment-clearing-engine-compile-sha-13738
BUILD-0612,package_build,HIT,payment-clearing-engine-package_build-sha-62722
BUILD-0612,security_scan,HIT,payment-clearing-engine-security_scan-sha-36580
BUILD-0613,dependency_install,HIT,safety-audit-service-dependency_install-sha-19519
BUILD-0613,security_scan,HIT,safety-audit-service-security_scan-sha-71762
BUILD-0614,package_build,HIT,provider-directory-package_build-sha-66383
BUILD-0614,security_scan,HIT,provider-directory-security_scan-sha-87912
BUILD-0614,compile,HIT,provider-directory-compile-sha-51058
BUILD-0615,package_build,HIT,ehr-bridge-package_build-sha-24312
BUILD-0615,compile,HIT,ehr-bridge-compile-sha-50931
BUILD-0615,dependency_install,MISS,ehr-bridge-dependency_install-sha-86578
BUILD-0615,security_scan,HIT,ehr-bridge-security_scan-sha-61564
BUILD-0616,compile,HIT,hipaa-compliance-scan-compile-sha-00522
BUILD-0616,dependency_install,HIT,hipaa-compliance-scan-dependency_install-sha-60498
BUILD-0616,security_scan,MISS,hipaa-compliance-scan-security_scan-sha-15625
BUILD-0617,package_build,MISS,flight-telemetry-ingest-package_build-sha-36951
BUILD-0617,dependency_install,HIT,flight-telemetry-ingest-dependency_install-sha-95928
BUILD-0618,compile,MISS,fraud-detection-service-compile-sha-47217
BUILD-0618,security_scan,MISS,fraud-detection-service-security_scan-sha-49006
BUILD-0618,package_build,MISS,fraud-detection-service-package_build-sha-14458
BUILD-0618,dependency_install,MISS,fraud-detection-service-dependency_install-sha-49541
BUILD-0619,compile,MISS,hipaa-compliance-scan-compile-sha-50276
BUILD-0619,security_scan,MISS,hipaa-compliance-scan-security_scan-sha-64251
BUILD-0619,dependency_install,MISS,hipaa-compliance-scan-dependency_install-sha-99017
BUILD-0620,security_scan,HIT,hipaa-compliance-scan-security_scan-sha-48998
BUILD-0620,compile,HIT,hipaa-compliance-scan-compile-sha-11269
BUILD-0620,package_build,HIT,hipaa-compliance-scan-package_build-sha-07198
BUILD-0620,dependency_install,HIT,hipaa-compliance-scan-dependency_install-sha-62892
BUILD-0621,compile,HIT,cargo-manifest-service-compile-sha-51213
BUILD-0621,security_scan,MISS,cargo-manifest-service-security_scan-sha-33035
BUILD-0622,dependency_install,HIT,ehr-bridge-dependency_install-sha-23255
BUILD-0622,package_build,HIT,ehr-bridge-package_build-sha-43312
BUILD-0622,compile,HIT,ehr-bridge-compile-sha-08315
BUILD-0623,compile,HIT,cargo-manifest-service-compile-sha-77658
BUILD-0623,dependency_install,HIT,cargo-manifest-service-dependency_install-sha-49191
BUILD-0623,security_scan,HIT,cargo-manifest-service-security_scan-sha-84774
BUILD-0623,package_build,HIT,cargo-manifest-service-package_build-sha-77924
BUILD-0624,dependency_install,HIT,payment-clearing-engine-dependency_install-sha-82419
BUILD-0624,package_build,HIT,payment-clearing-engine-package_build-sha-06101
BUILD-0624,compile,HIT,payment-clearing-engine-compile-sha-89847
BUILD-0625,dependency_install,HIT,fraud-detection-service-dependency_install-sha-17201
BUILD-0625,compile,MISS,fraud-detection-service-compile-sha-25641
BUILD-0625,package_build,MISS,fraud-detection-service-package_build-sha-07067
BUILD-0625,security_scan,HIT,fraud-detection-service-security_scan-sha-57550
BUILD-0626,compile,HIT,ehr-bridge-compile-sha-83062
BUILD-0626,security_scan,HIT,ehr-bridge-security_scan-sha-49696
BUILD-0626,dependency_install,HIT,ehr-bridge-dependency_install-sha-47197
BUILD-0627,security_scan,MISS,provider-directory-security_scan-sha-52752
BUILD-0627,package_build,HIT,provider-directory-package_build-sha-61992
BUILD-0627,dependency_install,MISS,provider-directory-dependency_install-sha-09024
BUILD-0628,package_build,HIT,mobile-banking-api-package_build-sha-71163
BUILD-0628,compile,HIT,mobile-banking-api-compile-sha-16593
BUILD-0628,security_scan,HIT,mobile-banking-api-security_scan-sha-98729
BUILD-0628,dependency_install,HIT,mobile-banking-api-dependency_install-sha-02430
BUILD-0629,security_scan,MISS,ehr-bridge-security_scan-sha-22912
BUILD-0629,package_build,MISS,ehr-bridge-package_build-sha-63024
BUILD-0630,package_build,HIT,hipaa-compliance-scan-package_build-sha-18485
BUILD-0630,dependency_install,HIT,hipaa-compliance-scan-dependency_install-sha-29203
BUILD-0630,compile,HIT,hipaa-compliance-scan-compile-sha-26485
BUILD-0631,dependency_install,MISS,safety-audit-service-dependency_install-sha-39595
BUILD-0631,package_build,HIT,safety-audit-service-package_build-sha-98855
BUILD-0631,compile,HIT,safety-audit-service-compile-sha-73350
BUILD-0632,package_build,HIT,ehr-bridge-package_build-sha-76644
BUILD-0632,dependency_install,HIT,ehr-bridge-dependency_install-sha-63048
BUILD-0632,security_scan,HIT,ehr-bridge-security_scan-sha-47456
BUILD-0633,dependency_install,HIT,customer-portal-dependency_install-sha-89740
BUILD-0633,security_scan,HIT,customer-portal-security_scan-sha-62820
BUILD-0633,compile,MISS,customer-portal-compile-sha-28388
BUILD-0634,security_scan,HIT,customer-portal-security_scan-sha-85024
BUILD-0634,package_build,MISS,customer-portal-package_build-sha-53241
BUILD-0634,compile,HIT,customer-portal-compile-sha-39353
BUILD-0634,dependency_install,HIT,customer-portal-dependency_install-sha-81980
BUILD-0635,compile,HIT,payment-clearing-engine-compile-sha-51920
BUILD-0635,dependency_install,HIT,payment-clearing-engine-dependency_install-sha-41664
BUILD-0635,package_build,HIT,payment-clearing-engine-package_build-sha-05266
BUILD-0635,security_scan,HIT,payment-clearing-engine-security_scan-sha-89404
BUILD-0636,package_build,HIT,fraud-detection-service-package_build-sha-34109
BUILD-0636,dependency_install,MISS,fraud-detection-service-dependency_install-sha-05925
BUILD-0636,compile,MISS,fraud-detection-service-compile-sha-74566
BUILD-0637,security_scan,HIT,mobile-banking-api-security_scan-sha-07839
BUILD-0637,package_build,HIT,mobile-banking-api-package_build-sha-66575
BUILD-0637,dependency_install,HIT,mobile-banking-api-dependency_install-sha-58888
BUILD-0637,compile,HIT,mobile-banking-api-compile-sha-18409
BUILD-0638,package_build,MISS,provider-directory-package_build-sha-06711
BUILD-0638,security_scan,MISS,provider-directory-security_scan-sha-40020
BUILD-0638,dependency_install,MISS,provider-directory-dependency_install-sha-98604
BUILD-0638,compile,MISS,provider-directory-compile-sha-19682
BUILD-0639,package_build,HIT,customer-portal-package_build-sha-33518
BUILD-0639,dependency_install,HIT,customer-portal-dependency_install-sha-74301
BUILD-0639,compile,HIT,customer-portal-compile-sha-53254
BUILD-0639,security_scan,HIT,customer-portal-security_scan-sha-51985
BUILD-0640,security_scan,HIT,claims-ingestion-pipeline-security_scan-sha-87236
BUILD-0640,dependency_install,MISS,claims-ingestion-pipeline-dependency_install-sha-92628
BUILD-0640,compile,HIT,claims-ingestion-pipeline-compile-sha-75862
BUILD-0640,package_build,MISS,claims-ingestion-pipeline-package_build-sha-33602
BUILD-0641,package_build,HIT,payment-clearing-engine-package_build-sha-05530
BUILD-0641,security_scan,MISS,payment-clearing-engine-security_scan-sha-48013
BUILD-0641,dependency_install,HIT,payment-clearing-engine-dependency_install-sha-19432
BUILD-0641,compile,HIT,payment-clearing-engine-compile-sha-74483
BUILD-0642,dependency_install,HIT,cargo-manifest-service-dependency_install-sha-91431
BUILD-0642,package_build,HIT,cargo-manifest-service-package_build-sha-68698
BUILD-0642,compile,MISS,cargo-manifest-service-compile-sha-18329
BUILD-0642,security_scan,MISS,cargo-manifest-service-security_scan-sha-71260
BUILD-0643,security_scan,HIT,payment-clearing-engine-security_scan-sha-27541
BUILD-0643,dependency_install,HIT,payment-clearing-engine-dependency_install-sha-19203
BUILD-0643,package_build,HIT,payment-clearing-engine-package_build-sha-25049
BUILD-0643,compile,HIT,payment-clearing-engine-compile-sha-15341
BUILD-0644,compile,MISS,fraud-detection-service-compile-sha-12007
BUILD-0644,security_scan,HIT,fraud-detection-service-security_scan-sha-30126
BUILD-0645,compile,MISS,payment-clearing-engine-compile-sha-73636
BUILD-0645,package_build,HIT,payment-clearing-engine-package_build-sha-28777
BUILD-0645,dependency_install,MISS,payment-clearing-engine-dependency_install-sha-69252
BUILD-0646,security_scan,MISS,provider-directory-security_scan-sha-77102
BUILD-0646,package_build,MISS,provider-directory-package_build-sha-44998
BUILD-0647,package_build,HIT,flight-telemetry-ingest-package_build-sha-62608
BUILD-0647,security_scan,HIT,flight-telemetry-ingest-security_scan-sha-74761
BUILD-0647,compile,HIT,flight-telemetry-ingest-compile-sha-56463
BUILD-0647,dependency_install,HIT,flight-telemetry-ingest-dependency_install-sha-74458
BUILD-0648,package_build,HIT,customer-portal-package_build-sha-98909
BUILD-0648,compile,HIT,customer-portal-compile-sha-46583
BUILD-0648,security_scan,HIT,customer-portal-security_scan-sha-10555
BUILD-0648,dependency_install,MISS,customer-portal-dependency_install-sha-81698
BUILD-0649,security_scan,HIT,payment-clearing-engine-security_scan-sha-53910
BUILD-0649,compile,HIT,payment-clearing-engine-compile-sha-49421
BUILD-0649,dependency_install,HIT,payment-clearing-engine-dependency_install-sha-87356
BUILD-0649,package_build,HIT,payment-clearing-engine-package_build-sha-24081
BUILD-0650,security_scan,HIT,customer-portal-security_scan-sha-94451
BUILD-0650,dependency_install,MISS,customer-portal-dependency_install-sha-52651
BUILD-0650,package_build,HIT,customer-portal-package_build-sha-19223
BUILD-0650,compile,HIT,customer-portal-compile-sha-97925
BUILD-0651,dependency_install,HIT,mobile-banking-api-dependency_install-sha-31171
BUILD-0651,package_build,HIT,mobile-banking-api-package_build-sha-26726
BUILD-0651,security_scan,HIT,mobile-banking-api-security_scan-sha-45925
BUILD-0652,security_scan,HIT,fraud-detection-service-security_scan-sha-69271
BUILD-0652,package_build,HIT,fraud-detection-service-package_build-sha-50886
BUILD-0652,dependency_install,HIT,fraud-detection-service-dependency_install-sha-57448
BUILD-0652,compile,MISS,fraud-detection-service-compile-sha-43068
BUILD-0653,compile,HIT,provider-directory-compile-sha-14065
BUILD-0653,package_build,HIT,provider-directory-package_build-sha-44415
BUILD-0653,dependency_install,HIT,provider-directory-dependency_install-sha-04825
BUILD-0654,dependency_install,MISS,cargo-manifest-service-dependency_install-sha-81431
BUILD-0654,security_scan,HIT,cargo-manifest-service-security_scan-sha-37229
BUILD-0654,compile,HIT,cargo-manifest-service-compile-sha-01003
BUILD-0654,package_build,HIT,cargo-manifest-service-package_build-sha-15520
BUILD-0655,compile,MISS,ehr-bridge-compile-sha-85281
BUILD-0655,package_build,MISS,ehr-bridge-package_build-sha-13872
BUILD-0655,security_scan,HIT,ehr-bridge-security_scan-sha-57907
BUILD-0656,package_build,HIT,customer-portal-package_build-sha-98695
BUILD-0656,compile,MISS,customer-portal-compile-sha-60376
BUILD-0657,security_scan,HIT,cargo-manifest-service-security_scan-sha-81117
BUILD-0657,package_build,MISS,cargo-manifest-service-package_build-sha-76686
BUILD-0657,dependency_install,HIT,cargo-manifest-service-dependency_install-sha-34330
BUILD-0657,compile,HIT,cargo-manifest-service-compile-sha-70297
BUILD-0658,compile,MISS,mobile-banking-api-compile-sha-62328
BUILD-0658,security_scan,HIT,mobile-banking-api-security_scan-sha-82590
BUILD-0658,dependency_install,MISS,mobile-banking-api-dependency_install-sha-97910
BUILD-0658,package_build,HIT,mobile-banking-api-package_build-sha-88472
BUILD-0659,security_scan,HIT,payment-clearing-engine-security_scan-sha-36905
BUILD-0659,dependency_install,HIT,payment-clearing-engine-dependency_install-sha-07953
BUILD-0659,package_build,MISS,payment-clearing-engine-package_build-sha-84743
BUILD-0659,compile,HIT,payment-clearing-engine-compile-sha-39968
BUILD-0660,dependency_install,HIT,mobile-banking-api-dependency_install-sha-26971
BUILD-0660,compile,HIT,mobile-banking-api-compile-sha-07034
BUILD-0660,security_scan,HIT,mobile-banking-api-security_scan-sha-16526
BUILD-0661,compile,MISS,safety-audit-service-compile-sha-68212
BUILD-0661,dependency_install,HIT,safety-audit-service-dependency_install-sha-44679
BUILD-0661,package_build,MISS,safety-audit-service-package_build-sha-15370
BUILD-0661,security_scan,HIT,safety-audit-service-security_scan-sha-86678
BUILD-0662,compile,HIT,hipaa-compliance-scan-compile-sha-90217
BUILD-0662,dependency_install,MISS,hipaa-compliance-scan-dependency_install-sha-30742
BUILD-0662,package_build,HIT,hipaa-compliance-scan-package_build-sha-11224
BUILD-0662,security_scan,HIT,hipaa-compliance-scan-security_scan-sha-61714
BUILD-0663,security_scan,MISS,fraud-detection-service-security_scan-sha-62882
BUILD-0663,package_build,HIT,fraud-detection-service-package_build-sha-80879
BUILD-0663,dependency_install,MISS,fraud-detection-service-dependency_install-sha-43146
BUILD-0664,package_build,MISS,claims-ingestion-pipeline-package_build-sha-96993
BUILD-0664,dependency_install,MISS,claims-ingestion-pipeline-dependency_install-sha-10297
BUILD-0664,security_scan,MISS,claims-ingestion-pipeline-security_scan-sha-98497
BUILD-0664,compile,MISS,claims-ingestion-pipeline-compile-sha-38099
BUILD-0665,dependency_install,HIT,payment-clearing-engine-dependency_install-sha-31248
BUILD-0665,compile,HIT,payment-clearing-engine-compile-sha-01912
BUILD-0665,security_scan,MISS,payment-clearing-engine-security_scan-sha-48378
BUILD-0666,compile,HIT,flight-telemetry-ingest-compile-sha-36292
BUILD-0666,package_build,HIT,flight-telemetry-ingest-package_build-sha-94398
BUILD-0666,dependency_install,HIT,flight-telemetry-ingest-dependency_install-sha-53126
BUILD-0667,security_scan,HIT,provider-directory-security_scan-sha-64994
BUILD-0667,compile,HIT,provider-directory-compile-sha-04061
BUILD-0667,dependency_install,HIT,provider-directory-dependency_install-sha-91586
BUILD-0667,package_build,HIT,provider-directory-package_build-sha-62199
BUILD-0668,compile,HIT,payment-clearing-engine-compile-sha-58326
BUILD-0668,dependency_install,HIT,payment-clearing-engine-dependency_install-sha-36076
BUILD-0668,security_scan,HIT,payment-clearing-engine-security_scan-sha-86743
BUILD-0669,compile,HIT,flight-telemetry-ingest-compile-sha-08094
BUILD-0669,security_scan,HIT,flight-telemetry-ingest-security_scan-sha-93618
BUILD-0669,package_build,MISS,flight-telemetry-ingest-package_build-sha-05983
BUILD-0670,dependency_install,MISS,customer-portal-dependency_install-sha-51769
BUILD-0670,compile,HIT,customer-portal-compile-sha-29446
BUILD-0670,security_scan,HIT,customer-portal-security_scan-sha-63952
BUILD-0670,package_build,HIT,customer-portal-package_build-sha-70661
BUILD-0671,dependency_install,MISS,claims-ingestion-pipeline-dependency_install-sha-45464
BUILD-0671,security_scan,HIT,claims-ingestion-pipeline-security_scan-sha-20780
BUILD-0671,package_build,HIT,claims-ingestion-pipeline-package_build-sha-50105
BUILD-0671,compile,HIT,claims-ingestion-pipeline-compile-sha-79652
BUILD-0672,compile,MISS,safety-audit-service-compile-sha-84800
BUILD-0672,security_scan,HIT,safety-audit-service-security_scan-sha-13388
BUILD-0672,package_build,MISS,safety-audit-service-package_build-sha-68044
BUILD-0673,dependency_install,MISS,payment-clearing-engine-dependency_install-sha-88597
BUILD-0673,security_scan,HIT,payment-clearing-engine-security_scan-sha-85142
BUILD-0673,compile,HIT,payment-clearing-engine-compile-sha-73452
BUILD-0673,package_build,HIT,payment-clearing-engine-package_build-sha-88584
BUILD-0674,package_build,HIT,safety-audit-service-package_build-sha-78825
BUILD-0674,dependency_install,HIT,safety-audit-service-dependency_install-sha-28666
BUILD-0674,compile,MISS,safety-audit-service-compile-sha-15749
BUILD-0675,package_build,HIT,cargo-manifest-service-package_build-sha-78866
BUILD-0675,compile,HIT,cargo-manifest-service-compile-sha-66523
BUILD-0675,dependency_install,MISS,cargo-manifest-service-dependency_install-sha-58183
BUILD-0675,security_scan,HIT,cargo-manifest-service-security_scan-sha-40173
BUILD-0676,dependency_install,MISS,claims-ingestion-pipeline-dependency_install-sha-52548
BUILD-0676,compile,MISS,claims-ingestion-pipeline-compile-sha-56796
BUILD-0676,package_build,MISS,claims-ingestion-pipeline-package_build-sha-24639
BUILD-0677,dependency_install,HIT,safety-audit-service-dependency_install-sha-03335
BUILD-0677,package_build,HIT,safety-audit-service-package_build-sha-54054
BUILD-0677,compile,MISS,safety-audit-service-compile-sha-98867
BUILD-0678,dependency_install,MISS,provider-directory-dependency_install-sha-75434
BUILD-0678,security_scan,HIT,provider-directory-security_scan-sha-65926
BUILD-0678,package_build,HIT,provider-directory-package_build-sha-12092
BUILD-0678,compile,HIT,provider-directory-compile-sha-36812
BUILD-0679,compile,HIT,safety-audit-service-compile-sha-74631
BUILD-0679,security_scan,HIT,safety-audit-service-security_scan-sha-69389
BUILD-0679,package_build,HIT,safety-audit-service-package_build-sha-08409
BUILD-0679,dependency_install,HIT,safety-audit-service-dependency_install-sha-55778
BUILD-0680,compile,HIT,fraud-detection-service-compile-sha-72704
BUILD-0680,package_build,HIT,fraud-detection-service-package_build-sha-97836
BUILD-0680,dependency_install,HIT,fraud-detection-service-dependency_install-sha-07546
BUILD-0680,security_scan,HIT,fraud-detection-service-security_scan-sha-10957
BUILD-0681,security_scan,HIT,fraud-detection-service-security_scan-sha-13855
BUILD-0681,dependency_install,HIT,fraud-detection-service-dependency_install-sha-21914
BUILD-0681,compile,HIT,fraud-detection-service-compile-sha-90799
BUILD-0682,package_build,MISS,safety-audit-service-package_build-sha-84826
BUILD-0682,security_scan,HIT,safety-audit-service-security_scan-sha-85425
BUILD-0682,compile,HIT,safety-audit-service-compile-sha-55447
BUILD-0682,dependency_install,MISS,safety-audit-service-dependency_install-sha-34522
BUILD-0683,compile,HIT,cargo-manifest-service-compile-sha-37174
BUILD-0683,dependency_install,HIT,cargo-manifest-service-dependency_install-sha-50004
BUILD-0683,security_scan,MISS,cargo-manifest-service-security_scan-sha-38570
BUILD-0683,package_build,MISS,cargo-manifest-service-package_build-sha-79687
BUILD-0684,compile,HIT,customer-portal-compile-sha-12278
BUILD-0684,package_build,HIT,customer-portal-package_build-sha-72846
BUILD-0684,dependency_install,MISS,customer-portal-dependency_install-sha-81231
BUILD-0684,security_scan,HIT,customer-portal-security_scan-sha-77586
BUILD-0685,compile,MISS,cargo-manifest-service-compile-sha-41265
BUILD-0685,dependency_install,HIT,cargo-manifest-service-dependency_install-sha-85257
BUILD-0686,security_scan,HIT,mobile-banking-api-security_scan-sha-62004
BUILD-0686,dependency_install,HIT,mobile-banking-api-dependency_install-sha-82986
BUILD-0686,package_build,MISS,mobile-banking-api-package_build-sha-76732
BUILD-0687,dependency_install,HIT,customer-portal-dependency_install-sha-57469
BUILD-0687,security_scan,MISS,customer-portal-security_scan-sha-52059
BUILD-0687,package_build,HIT,customer-portal-package_build-sha-40256
BUILD-0687,compile,HIT,customer-portal-compile-sha-10337
BUILD-0688,package_build,HIT,mobile-banking-api-package_build-sha-43735
BUILD-0688,security_scan,MISS,mobile-banking-api-security_scan-sha-46063
BUILD-0688,compile,MISS,mobile-banking-api-compile-sha-90576
BUILD-0688,dependency_install,HIT,mobile-banking-api-dependency_install-sha-01485
BUILD-0689,security_scan,HIT,cargo-manifest-service-security_scan-sha-80653
BUILD-0689,package_build,HIT,cargo-manifest-service-package_build-sha-55812
BUILD-0689,compile,HIT,cargo-manifest-service-compile-sha-93518
BUILD-0689,dependency_install,HIT,cargo-manifest-service-dependency_install-sha-72312
BUILD-0690,compile,MISS,safety-audit-service-compile-sha-44539
BUILD-0690,package_build,HIT,safety-audit-service-package_build-sha-30510
BUILD-0690,dependency_install,HIT,safety-audit-service-dependency_install-sha-22306
BUILD-0690,security_scan,MISS,safety-audit-service-security_scan-sha-23821
BUILD-0691,package_build,HIT,customer-portal-package_build-sha-09950
BUILD-0691,compile,MISS,customer-portal-compile-sha-54501
BUILD-0691,security_scan,MISS,customer-portal-security_scan-sha-28590
BUILD-0692,package_build,HIT,customer-portal-package_build-sha-62613
BUILD-0692,security_scan,HIT,customer-portal-security_scan-sha-67771
BUILD-0692,dependency_install,HIT,customer-portal-dependency_install-sha-16182
BUILD-0693,package_build,HIT,provider-directory-package_build-sha-71386
BUILD-0693,dependency_install,MISS,provider-directory-dependency_install-sha-13862
BUILD-0693,compile,HIT,provider-directory-compile-sha-29309
BUILD-0694,package_build,HIT,fraud-detection-service-package_build-sha-87169
BUILD-0694,dependency_install,HIT,fraud-detection-service-dependency_install-sha-68923
BUILD-0694,security_scan,MISS,fraud-detection-service-security_scan-sha-26773
BUILD-0695,package_build,HIT,safety-audit-service-package_build-sha-66056
BUILD-0695,security_scan,MISS,safety-audit-service-security_scan-sha-37815
BUILD-0695,compile,HIT,safety-audit-service-compile-sha-69934
BUILD-0696,compile,HIT,hipaa-compliance-scan-compile-sha-40264
BUILD-0696,security_scan,HIT,hipaa-compliance-scan-security_scan-sha-23651
BUILD-0696,package_build,HIT,hipaa-compliance-scan-package_build-sha-87887
BUILD-0696,dependency_install,HIT,hipaa-compliance-scan-dependency_install-sha-61355
BUILD-0697,compile,HIT,flight-telemetry-ingest-compile-sha-38802
BUILD-0697,package_build,HIT,flight-telemetry-ingest-package_build-sha-56864
BUILD-0697,security_scan,MISS,flight-telemetry-ingest-security_scan-sha-08418
BUILD-0698,security_scan,HIT,payment-clearing-engine-security_scan-sha-29037
BUILD-0698,package_build,HIT,payment-clearing-engine-package_build-sha-13453
BUILD-0698,compile,HIT,payment-clearing-engine-compile-sha-12046
BUILD-0698,dependency_install,HIT,payment-clearing-engine-dependency_install-sha-03169
BUILD-0699,security_scan,MISS,provider-directory-security_scan-sha-50684
BUILD-0699,package_build,MISS,provider-directory-package_build-sha-71568
BUILD-0699,compile,MISS,provider-directory-compile-sha-67242
BUILD-0699,dependency_install,HIT,provider-directory-dependency_install-sha-60502
BUILD-0700,package_build,HIT,hipaa-compliance-scan-package_build-sha-10318
BUILD-0700,dependency_install,HIT,hipaa-compliance-scan-dependency_install-sha-27189
BUILD-0701,compile,HIT,cargo-manifest-service-compile-sha-20547
BUILD-0701,dependency_install,HIT,cargo-manifest-service-dependency_install-sha-07137
BUILD-0701,package_build,HIT,cargo-manifest-service-package_build-sha-97252
BUILD-0701,security_scan,HIT,cargo-manifest-service-security_scan-sha-49684
BUILD-0702,compile,HIT,flight-telemetry-ingest-compile-sha-68220
BUILD-0702,security_scan,MISS,flight-telemetry-ingest-security_scan-sha-74468
BUILD-0702,package_build,MISS,flight-telemetry-ingest-package_build-sha-96951
BUILD-0703,security_scan,HIT,flight-telemetry-ingest-security_scan-sha-69153
BUILD-0703,package_build,MISS,flight-telemetry-ingest-package_build-sha-42565
BUILD-0703,compile,HIT,flight-telemetry-ingest-compile-sha-63494
BUILD-0703,dependency_install,HIT,flight-telemetry-ingest-dependency_install-sha-06910
BUILD-0704,package_build,HIT,payment-clearing-engine-package_build-sha-32109
BUILD-0704,dependency_install,HIT,payment-clearing-engine-dependency_install-sha-22715
BUILD-0704,compile,HIT,payment-clearing-engine-compile-sha-98668
BUILD-0705,dependency_install,MISS,mobile-banking-api-dependency_install-sha-61650
BUILD-0705,compile,HIT,mobile-banking-api-compile-sha-30357
BUILD-0705,security_scan,MISS,mobile-banking-api-security_scan-sha-38087
BUILD-0705,package_build,HIT,mobile-banking-api-package_build-sha-63638
BUILD-0706,package_build,MISS,payment-clearing-engine-package_build-sha-20405
BUILD-0706,security_scan,MISS,payment-clearing-engine-security_scan-sha-86733
BUILD-0706,dependency_install,MISS,payment-clearing-engine-dependency_install-sha-61833
BUILD-0706,compile,HIT,payment-clearing-engine-compile-sha-96129
BUILD-0707,compile,HIT,ehr-bridge-compile-sha-65327
BUILD-0707,security_scan,HIT,ehr-bridge-security_scan-sha-46383
BUILD-0707,package_build,HIT,ehr-bridge-package_build-sha-06571
BUILD-0707,dependency_install,HIT,ehr-bridge-dependency_install-sha-88182
BUILD-0708,dependency_install,MISS,mobile-banking-api-dependency_install-sha-12838
BUILD-0708,security_scan,MISS,mobile-banking-api-security_scan-sha-27412
BUILD-0708,package_build,MISS,mobile-banking-api-package_build-sha-57971
BUILD-0708,compile,MISS,mobile-banking-api-compile-sha-28459
BUILD-0709,security_scan,HIT,flight-telemetry-ingest-security_scan-sha-48925
BUILD-0709,package_build,HIT,flight-telemetry-ingest-package_build-sha-24458
BUILD-0709,dependency_install,HIT,flight-telemetry-ingest-dependency_install-sha-50868
BUILD-0709,compile,HIT,flight-telemetry-ingest-compile-sha-35240
BUILD-0710,security_scan,HIT,mobile-banking-api-security_scan-sha-02923
BUILD-0710,compile,HIT,mobile-banking-api-compile-sha-75914
BUILD-0711,package_build,HIT,claims-ingestion-pipeline-package_build-sha-44297
BUILD-0711,dependency_install,HIT,claims-ingestion-pipeline-dependency_install-sha-11811
BUILD-0712,security_scan,HIT,customer-portal-security_scan-sha-63528
BUILD-0712,package_build,MISS,customer-portal-package_build-sha-60634
BUILD-0712,dependency_install,HIT,customer-portal-dependency_install-sha-66029
BUILD-0712,compile,MISS,customer-portal-compile-sha-99165
BUILD-0713,compile,MISS,claims-ingestion-pipeline-compile-sha-26287
BUILD-0713,package_build,HIT,claims-ingestion-pipeline-package_build-sha-62109
BUILD-0713,dependency_install,HIT,claims-ingestion-pipeline-dependency_install-sha-96564
BUILD-0714,compile,HIT,customer-portal-compile-sha-79911
BUILD-0714,security_scan,HIT,customer-portal-security_scan-sha-55119
BUILD-0714,dependency_install,HIT,customer-portal-dependency_install-sha-48721
BUILD-0714,package_build,HIT,customer-portal-package_build-sha-86815
BUILD-0715,security_scan,MISS,cargo-manifest-service-security_scan-sha-28171
BUILD-0715,package_build,HIT,cargo-manifest-service-package_build-sha-19911
BUILD-0715,dependency_install,HIT,cargo-manifest-service-dependency_install-sha-48550
BUILD-0716,compile,HIT,claims-ingestion-pipeline-compile-sha-20938
BUILD-0716,security_scan,HIT,claims-ingestion-pipeline-security_scan-sha-46938
BUILD-0716,dependency_install,HIT,claims-ingestion-pipeline-dependency_install-sha-54391
BUILD-0716,package_build,HIT,claims-ingestion-pipeline-package_build-sha-40278
BUILD-0717,dependency_install,HIT,hipaa-compliance-scan-dependency_install-sha-74759
BUILD-0717,package_build,HIT,hipaa-compliance-scan-package_build-sha-48746
BUILD-0717,security_scan,MISS,hipaa-compliance-scan-security_scan-sha-88567
BUILD-0717,compile,HIT,hipaa-compliance-scan-compile-sha-41562
BUILD-0718,dependency_install,HIT,claims-ingestion-pipeline-dependency_install-sha-85040
BUILD-0718,compile,MISS,claims-ingestion-pipeline-compile-sha-47931
BUILD-0718,package_build,HIT,claims-ingestion-pipeline-package_build-sha-84653
BUILD-0719,dependency_install,HIT,payment-clearing-engine-dependency_install-sha-23400
BUILD-0719,compile,HIT,payment-clearing-engine-compile-sha-59603
BUILD-0719,security_scan,MISS,payment-clearing-engine-security_scan-sha-88265
BUILD-0719,package_build,MISS,payment-clearing-engine-package_build-sha-55936
BUILD-0720,compile,MISS,payment-clearing-engine-compile-sha-88264
BUILD-0720,dependency_install,MISS,payment-clearing-engine-dependency_install-sha-66336
BUILD-0720,security_scan,HIT,payment-clearing-engine-security_scan-sha-76921
BUILD-0720,package_build,HIT,payment-clearing-engine-package_build-sha-32683
BUILD-0721,package_build,HIT,mobile-banking-api-package_build-sha-14781
BUILD-0721,security_scan,MISS,mobile-banking-api-security_scan-sha-72367
BUILD-0721,compile,HIT,mobile-banking-api-compile-sha-66554
BUILD-0721,dependency_install,MISS,mobile-banking-api-dependency_install-sha-33575
BUILD-0722,compile,HIT,fraud-detection-service-compile-sha-70333
BUILD-0722,security_scan,HIT,fraud-detection-service-security_scan-sha-59699
BUILD-0723,package_build,HIT,provider-directory-package_build-sha-93239
BUILD-0723,security_scan,MISS,provider-directory-security_scan-sha-76781
BUILD-0724,security_scan,MISS,safety-audit-service-security_scan-sha-00414
BUILD-0724,compile,HIT,safety-audit-service-compile-sha-63542
BUILD-0725,compile,HIT,customer-portal-compile-sha-01098
BUILD-0725,security_scan,MISS,customer-portal-security_scan-sha-84400
BUILD-0726,compile,HIT,provider-directory-compile-sha-01961
BUILD-0726,package_build,HIT,provider-directory-package_build-sha-33844
BUILD-0726,dependency_install,HIT,provider-directory-dependency_install-sha-81931
BUILD-0727,dependency_install,HIT,mobile-banking-api-dependency_install-sha-79264
BUILD-0727,package_build,HIT,mobile-banking-api-package_build-sha-19804
BUILD-0728,package_build,MISS,ehr-bridge-package_build-sha-08136
BUILD-0728,dependency_install,MISS,ehr-bridge-dependency_install-sha-71611
BUILD-0728,compile,MISS,ehr-bridge-compile-sha-84702
BUILD-0729,compile,HIT,mobile-banking-api-compile-sha-01878
BUILD-0729,security_scan,MISS,mobile-banking-api-security_scan-sha-48612
BUILD-0729,package_build,MISS,mobile-banking-api-package_build-sha-26654
BUILD-0729,dependency_install,HIT,mobile-banking-api-dependency_install-sha-43740
BUILD-0730,dependency_install,HIT,cargo-manifest-service-dependency_install-sha-58626
BUILD-0730,security_scan,MISS,cargo-manifest-service-security_scan-sha-12107
BUILD-0730,compile,MISS,cargo-manifest-service-compile-sha-24432
BUILD-0730,package_build,MISS,cargo-manifest-service-package_build-sha-15173
BUILD-0731,dependency_install,HIT,fraud-detection-service-dependency_install-sha-51601
BUILD-0731,compile,HIT,fraud-detection-service-compile-sha-35736
BUILD-0731,package_build,MISS,fraud-detection-service-package_build-sha-53160
BUILD-0731,security_scan,HIT,fraud-detection-service-security_scan-sha-27769
BUILD-0732,compile,HIT,mobile-banking-api-compile-sha-92605
BUILD-0732,dependency_install,HIT,mobile-banking-api-dependency_install-sha-09142
BUILD-0732,package_build,HIT,mobile-banking-api-package_build-sha-69636
BUILD-0733,dependency_install,MISS,payment-clearing-engine-dependency_install-sha-33804
BUILD-0733,package_build,HIT,payment-clearing-engine-package_build-sha-32790
BUILD-0733,compile,HIT,payment-clearing-engine-compile-sha-92563
BUILD-0734,compile,HIT,mobile-banking-api-compile-sha-64992
BUILD-0734,security_scan,MISS,mobile-banking-api-security_scan-sha-02538
BUILD-0734,dependency_install,HIT,mobile-banking-api-dependency_install-sha-18958
BUILD-0735,package_build,MISS,hipaa-compliance-scan-package_build-sha-71836
BUILD-0735,compile,HIT,hipaa-compliance-scan-compile-sha-81564
BUILD-0735,security_scan,MISS,hipaa-compliance-scan-security_scan-sha-40179
BUILD-0736,compile,HIT,payment-clearing-engine-compile-sha-97167
BUILD-0736,security_scan,HIT,payment-clearing-engine-security_scan-sha-09515
BUILD-0736,dependency_install,HIT,payment-clearing-engine-dependency_install-sha-60190
BUILD-0736,package_build,MISS,payment-clearing-engine-package_build-sha-52281
BUILD-0737,package_build,MISS,safety-audit-service-package_build-sha-88833
BUILD-0737,security_scan,HIT,safety-audit-service-security_scan-sha-70766
BUILD-0737,dependency_install,MISS,safety-audit-service-dependency_install-sha-65461
BUILD-0737,compile,HIT,safety-audit-service-compile-sha-86757
BUILD-0738,compile,HIT,ehr-bridge-compile-sha-55520
BUILD-0738,security_scan,HIT,ehr-bridge-security_scan-sha-56649
BUILD-0738,package_build,MISS,ehr-bridge-package_build-sha-66703
BUILD-0739,security_scan,HIT,flight-telemetry-ingest-security_scan-sha-72454
BUILD-0739,package_build,MISS,flight-telemetry-ingest-package_build-sha-94539
BUILD-0740,package_build,MISS,flight-telemetry-ingest-package_build-sha-54139
BUILD-0740,compile,MISS,flight-telemetry-ingest-compile-sha-99524
BUILD-0740,dependency_install,MISS,flight-telemetry-ingest-dependency_install-sha-71560
BUILD-0741,security_scan,HIT,payment-clearing-engine-security_scan-sha-94289
BUILD-0741,package_build,HIT,payment-clearing-engine-package_build-sha-61938
BUILD-0741,dependency_install,HIT,payment-clearing-engine-dependency_install-sha-22213
BUILD-0741,compile,MISS,payment-clearing-engine-compile-sha-32650
BUILD-0742,compile,MISS,claims-ingestion-pipeline-compile-sha-82848
BUILD-0742,security_scan,HIT,claims-ingestion-pipeline-security_scan-sha-01954
BUILD-0742,dependency_install,MISS,claims-ingestion-pipeline-dependency_install-sha-54186
BUILD-0743,security_scan,HIT,safety-audit-service-security_scan-sha-92683
BUILD-0743,package_build,MISS,safety-audit-service-package_build-sha-79335
BUILD-0743,compile,MISS,safety-audit-service-compile-sha-80568
BUILD-0743,dependency_install,HIT,safety-audit-service-dependency_install-sha-32443
BUILD-0744,compile,HIT,safety-audit-service-compile-sha-71166
BUILD-0744,dependency_install,HIT,safety-audit-service-dependency_install-sha-43098
BUILD-0744,package_build,HIT,safety-audit-service-package_build-sha-84000
BUILD-0745,security_scan,MISS,claims-ingestion-pipeline-security_scan-sha-77882
BUILD-0745,compile,MISS,claims-ingestion-pipeline-compile-sha-81839
BUILD-0745,dependency_install,HIT,claims-ingestion-pipeline-dependency_install-sha-17754
BUILD-0746,dependency_install,HIT,ehr-bridge-dependency_install-sha-02379
BUILD-0746,compile,HIT,ehr-bridge-compile-sha-16197
BUILD-0747,security_scan,HIT,ehr-bridge-security_scan-sha-79494
BUILD-0747,package_build,HIT,ehr-bridge-package_build-sha-65441
BUILD-0747,compile,HIT,ehr-bridge-compile-sha-09351
BUILD-0747,dependency_install,MISS,ehr-bridge-dependency_install-sha-03134
BUILD-0748,security_scan,HIT,cargo-manifest-service-security_scan-sha-18489
BUILD-0748,dependency_install,HIT,cargo-manifest-service-dependency_install-sha-61148
BUILD-0748,package_build,HIT,cargo-manifest-service-package_build-sha-33986
BUILD-0748,compile,HIT,cargo-manifest-service-compile-sha-97661
BUILD-0749,dependency_install,HIT,flight-telemetry-ingest-dependency_install-sha-86003
BUILD-0749,package_build,HIT,flight-telemetry-ingest-package_build-sha-60488
BUILD-0750,package_build,MISS,ehr-bridge-package_build-sha-97966
BUILD-0750,compile,MISS,ehr-bridge-compile-sha-83383
BUILD-0750,security_scan,HIT,ehr-bridge-security_scan-sha-60856
BUILD-0751,security_scan,HIT,flight-telemetry-ingest-security_scan-sha-26000
BUILD-0751,dependency_install,HIT,flight-telemetry-ingest-dependency_install-sha-41144
BUILD-0751,compile,HIT,flight-telemetry-ingest-compile-sha-83742
BUILD-0751,package_build,HIT,flight-telemetry-ingest-package_build-sha-63487
BUILD-0752,dependency_install,HIT,ehr-bridge-dependency_install-sha-69071
BUILD-0752,security_scan,HIT,ehr-bridge-security_scan-sha-03245
BUILD-0752,compile,HIT,ehr-bridge-compile-sha-00530
BUILD-0752,package_build,HIT,ehr-bridge-package_build-sha-46039
BUILD-0753,package_build,HIT,payment-clearing-engine-package_build-sha-10368
BUILD-0753,compile,MISS,payment-clearing-engine-compile-sha-85991
BUILD-0753,dependency_install,MISS,payment-clearing-engine-dependency_install-sha-60672
BUILD-0753,security_scan,HIT,payment-clearing-engine-security_scan-sha-62575
BUILD-0754,security_scan,MISS,hipaa-compliance-scan-security_scan-sha-05675
BUILD-0754,compile,MISS,hipaa-compliance-scan-compile-sha-75165
BUILD-0754,package_build,MISS,hipaa-compliance-scan-package_build-sha-05470
BUILD-0754,dependency_install,HIT,hipaa-compliance-scan-dependency_install-sha-14033
BUILD-0755,package_build,MISS,provider-directory-package_build-sha-62626
BUILD-0755,compile,MISS,provider-directory-compile-sha-62413
BUILD-0755,security_scan,MISS,provider-directory-security_scan-sha-40110
BUILD-0755,dependency_install,MISS,provider-directory-dependency_install-sha-70414
BUILD-0756,package_build,HIT,payment-clearing-engine-package_build-sha-60211
BUILD-0756,security_scan,HIT,payment-clearing-engine-security_scan-sha-59862
BUILD-0757,package_build,HIT,mobile-banking-api-package_build-sha-24292
BUILD-0757,dependency_install,HIT,mobile-banking-api-dependency_install-sha-99073
BUILD-0757,compile,HIT,mobile-banking-api-compile-sha-89405
BUILD-0757,security_scan,MISS,mobile-banking-api-security_scan-sha-39582
BUILD-0758,dependency_install,HIT,fraud-detection-service-dependency_install-sha-09049
BUILD-0758,compile,HIT,fraud-detection-service-compile-sha-00486
BUILD-0758,package_build,HIT,fraud-detection-service-package_build-sha-35521
BUILD-0758,security_scan,HIT,fraud-detection-service-security_scan-sha-42669
BUILD-0759,compile,HIT,safety-audit-service-compile-sha-59215
BUILD-0759,package_build,HIT,safety-audit-service-package_build-sha-22751
BUILD-0759,security_scan,HIT,safety-audit-service-security_scan-sha-26266
BUILD-0759,dependency_install,HIT,safety-audit-service-dependency_install-sha-71197
BUILD-0760,compile,MISS,customer-portal-compile-sha-43731
BUILD-0760,package_build,MISS,customer-portal-package_build-sha-61295
BUILD-0760,dependency_install,MISS,customer-portal-dependency_install-sha-41138
BUILD-0760,security_scan,HIT,customer-portal-security_scan-sha-66457
BUILD-0761,security_scan,MISS,mobile-banking-api-security_scan-sha-86049
BUILD-0761,package_build,MISS,mobile-banking-api-package_build-sha-28963
BUILD-0761,dependency_install,MISS,mobile-banking-api-dependency_install-sha-43339
BUILD-0762,package_build,MISS,payment-clearing-engine-package_build-sha-91829
BUILD-0762,dependency_install,HIT,payment-clearing-engine-dependency_install-sha-10753
BUILD-0763,dependency_install,MISS,safety-audit-service-dependency_install-sha-40984
BUILD-0763,security_scan,MISS,safety-audit-service-security_scan-sha-38686
BUILD-0763,compile,MISS,safety-audit-service-compile-sha-04738
BUILD-0763,package_build,HIT,safety-audit-service-package_build-sha-04205
BUILD-0764,security_scan,HIT,flight-telemetry-ingest-security_scan-sha-03636
BUILD-0764,package_build,HIT,flight-telemetry-ingest-package_build-sha-84983
BUILD-0764,compile,HIT,flight-telemetry-ingest-compile-sha-07224
BUILD-0765,dependency_install,MISS,cargo-manifest-service-dependency_install-sha-81562
BUILD-0765,compile,HIT,cargo-manifest-service-compile-sha-92134
BUILD-0765,package_build,MISS,cargo-manifest-service-package_build-sha-20492
BUILD-0765,security_scan,MISS,cargo-manifest-service-security_scan-sha-98881
BUILD-0766,package_build,HIT,provider-directory-package_build-sha-44072
BUILD-0766,security_scan,HIT,provider-directory-security_scan-sha-35506
BUILD-0766,compile,HIT,provider-directory-compile-sha-19916
BUILD-0766,dependency_install,HIT,provider-directory-dependency_install-sha-48247
BUILD-0767,dependency_install,HIT,flight-telemetry-ingest-dependency_install-sha-63842
BUILD-0767,security_scan,MISS,flight-telemetry-ingest-security_scan-sha-45659
BUILD-0767,package_build,MISS,flight-telemetry-ingest-package_build-sha-06901
BUILD-0768,package_build,HIT,ehr-bridge-package_build-sha-85083
BUILD-0768,dependency_install,HIT,ehr-bridge-dependency_install-sha-59270
BUILD-0769,dependency_install,MISS,customer-portal-dependency_install-sha-45880
BUILD-0769,package_build,MISS,customer-portal-package_build-sha-50448
BUILD-0769,compile,HIT,customer-portal-compile-sha-03214
BUILD-0770,security_scan,HIT,provider-directory-security_scan-sha-66598
BUILD-0770,dependency_install,MISS,provider-directory-dependency_install-sha-94736
BUILD-0770,package_build,MISS,provider-directory-package_build-sha-20917
BUILD-0770,compile,HIT,provider-directory-compile-sha-83284
BUILD-0771,package_build,MISS,hipaa-compliance-scan-package_build-sha-84995
BUILD-0771,dependency_install,MISS,hipaa-compliance-scan-dependency_install-sha-28278
BUILD-0771,security_scan,MISS,hipaa-compliance-scan-security_scan-sha-16397
BUILD-0772,dependency_install,HIT,flight-telemetry-ingest-dependency_install-sha-44069
BUILD-0772,package_build,MISS,flight-telemetry-ingest-package_build-sha-34922
BUILD-0772,security_scan,HIT,flight-telemetry-ingest-security_scan-sha-09279
BUILD-0772,compile,MISS,flight-telemetry-ingest-compile-sha-90358
BUILD-0773,package_build,HIT,ehr-bridge-package_build-sha-33976
BUILD-0773,dependency_install,HIT,ehr-bridge-dependency_install-sha-57213
BUILD-0773,compile,HIT,ehr-bridge-compile-sha-38944
BUILD-0774,compile,MISS,customer-portal-compile-sha-17511
BUILD-0774,dependency_install,HIT,customer-portal-dependency_install-sha-28049
BUILD-0775,security_scan,HIT,safety-audit-service-security_scan-sha-23335
BUILD-0775,compile,HIT,safety-audit-service-compile-sha-09113
BUILD-0775,dependency_install,HIT,safety-audit-service-dependency_install-sha-88547
BUILD-0775,package_build,HIT,safety-audit-service-package_build-sha-31607
BUILD-0776,package_build,HIT,customer-portal-package_build-sha-34954
BUILD-0776,security_scan,MISS,customer-portal-security_scan-sha-30998
BUILD-0777,security_scan,HIT,cargo-manifest-service-security_scan-sha-28006
BUILD-0777,dependency_install,HIT,cargo-manifest-service-dependency_install-sha-60512
BUILD-0777,package_build,HIT,cargo-manifest-service-package_build-sha-69302
BUILD-0778,compile,HIT,mobile-banking-api-compile-sha-95048
BUILD-0778,security_scan,HIT,mobile-banking-api-security_scan-sha-27266
BUILD-0778,dependency_install,MISS,mobile-banking-api-dependency_install-sha-26314
BUILD-0779,package_build,HIT,cargo-manifest-service-package_build-sha-08383
BUILD-0779,dependency_install,HIT,cargo-manifest-service-dependency_install-sha-95074
BUILD-0779,security_scan,HIT,cargo-manifest-service-security_scan-sha-17212
BUILD-0780,package_build,HIT,customer-portal-package_build-sha-85661
BUILD-0780,compile,HIT,customer-portal-compile-sha-57628
BUILD-0780,security_scan,HIT,customer-portal-security_scan-sha-72526
BUILD-0780,dependency_install,HIT,customer-portal-dependency_install-sha-87146
BUILD-0781,compile,HIT,mobile-banking-api-compile-sha-47799
BUILD-0781,package_build,HIT,mobile-banking-api-package_build-sha-79389
BUILD-0782,compile,HIT,customer-portal-compile-sha-50631
BUILD-0782,package_build,HIT,customer-portal-package_build-sha-27590
BUILD-0782,dependency_install,HIT,customer-portal-dependency_install-sha-87796
BUILD-0783,dependency_install,HIT,payment-clearing-engine-dependency_install-sha-11940
BUILD-0783,compile,HIT,payment-clearing-engine-compile-sha-84470
BUILD-0783,package_build,HIT,payment-clearing-engine-package_build-sha-72430
BUILD-0783,security_scan,MISS,payment-clearing-engine-security_scan-sha-05694
BUILD-0784,package_build,HIT,provider-directory-package_build-sha-91078
BUILD-0784,dependency_install,MISS,provider-directory-dependency_install-sha-38525
BUILD-0784,security_scan,HIT,provider-directory-security_scan-sha-27799
BUILD-0785,security_scan,HIT,fraud-detection-service-security_scan-sha-15104
BUILD-0785,compile,HIT,fraud-detection-service-compile-sha-57469
BUILD-0785,dependency_install,MISS,fraud-detection-service-dependency_install-sha-77370
BUILD-0785,package_build,HIT,fraud-detection-service-package_build-sha-39534
BUILD-0786,package_build,MISS,safety-audit-service-package_build-sha-10975
BUILD-0786,security_scan,HIT,safety-audit-service-security_scan-sha-30802
BUILD-0786,compile,HIT,safety-audit-service-compile-sha-73710
BUILD-0787,package_build,HIT,flight-telemetry-ingest-package_build-sha-55352
BUILD-0787,compile,HIT,flight-telemetry-ingest-compile-sha-33372
BUILD-0787,dependency_install,HIT,flight-telemetry-ingest-dependency_install-sha-23784
BUILD-0787,security_scan,HIT,flight-telemetry-ingest-security_scan-sha-98437
BUILD-0788,security_scan,HIT,fraud-detection-service-security_scan-sha-31164
BUILD-0788,package_build,HIT,fraud-detection-service-package_build-sha-84694
BUILD-0788,dependency_install,HIT,fraud-detection-service-dependency_install-sha-60908
BUILD-0788,compile,MISS,fraud-detection-service-compile-sha-59342
BUILD-0789,security_scan,MISS,customer-portal-security_scan-sha-80777
BUILD-0789,package_build,HIT,customer-portal-package_build-sha-30491
BUILD-0789,compile,HIT,customer-portal-compile-sha-54777
BUILD-0789,dependency_install,MISS,customer-portal-dependency_install-sha-56118
BUILD-0790,compile,HIT,claims-ingestion-pipeline-compile-sha-10371
BUILD-0790,security_scan,MISS,claims-ingestion-pipeline-security_scan-sha-67768
BUILD-0790,package_build,MISS,claims-ingestion-pipeline-package_build-sha-87216
BUILD-0790,dependency_install,MISS,claims-ingestion-pipeline-dependency_install-sha-56196
BUILD-0791,compile,MISS,fraud-detection-service-compile-sha-70434
BUILD-0791,dependency_install,HIT,fraud-detection-service-dependency_install-sha-10195
BUILD-0791,package_build,HIT,fraud-detection-service-package_build-sha-51868
BUILD-0791,security_scan,HIT,fraud-detection-service-security_scan-sha-73176
BUILD-0792,dependency_install,HIT,safety-audit-service-dependency_install-sha-42603
BUILD-0792,security_scan,MISS,safety-audit-service-security_scan-sha-08655
BUILD-0792,package_build,HIT,safety-audit-service-package_build-sha-30545
BUILD-0792,compile,HIT,safety-audit-service-compile-sha-07003
BUILD-0793,compile,MISS,flight-telemetry-ingest-compile-sha-44154
BUILD-0793,dependency_install,HIT,flight-telemetry-ingest-dependency_install-sha-36381
BUILD-0793,security_scan,HIT,flight-telemetry-ingest-security_scan-sha-84981
BUILD-0794,security_scan,HIT,customer-portal-security_scan-sha-93040
BUILD-0794,compile,MISS,customer-portal-compile-sha-00449
BUILD-0795,package_build,HIT,cargo-manifest-service-package_build-sha-58078
BUILD-0795,security_scan,HIT,cargo-manifest-service-security_scan-sha-92458
BUILD-0795,compile,HIT,cargo-manifest-service-compile-sha-29239
BUILD-0796,package_build,MISS,safety-audit-service-package_build-sha-24083
BUILD-0796,compile,HIT,safety-audit-service-compile-sha-35434
BUILD-0796,dependency_install,MISS,safety-audit-service-dependency_install-sha-87025
BUILD-0797,security_scan,MISS,mobile-banking-api-security_scan-sha-75821
BUILD-0797,compile,HIT,mobile-banking-api-compile-sha-38940
BUILD-0797,dependency_install,MISS,mobile-banking-api-dependency_install-sha-83629
BUILD-0798,package_build,HIT,cargo-manifest-service-package_build-sha-48717
BUILD-0798,dependency_install,HIT,cargo-manifest-service-dependency_install-sha-41749
BUILD-0798,security_scan,MISS,cargo-manifest-service-security_scan-sha-53603
BUILD-0798,compile,HIT,cargo-manifest-service-compile-sha-19329
BUILD-0799,security_scan,HIT,mobile-banking-api-security_scan-sha-79453
BUILD-0799,compile,MISS,mobile-banking-api-compile-sha-32657
BUILD-0799,dependency_install,MISS,mobile-banking-api-dependency_install-sha-03512
BUILD-0800,security_scan,HIT,ehr-bridge-security_scan-sha-43259
BUILD-0800,dependency_install,MISS,ehr-bridge-dependency_install-sha-48816
BUILD-0800,compile,MISS,ehr-bridge-compile-sha-99935
BUILD-0800,package_build,MISS,ehr-bridge-package_build-sha-15096
BUILD-0801,dependency_install,HIT,payment-clearing-engine-dependency_install-sha-01937
BUILD-0801,compile,MISS,payment-clearing-engine-compile-sha-00783
BUILD-0801,package_build,MISS,payment-clearing-engine-package_build-sha-65618
BUILD-0801,security_scan,HIT,payment-clearing-engine-security_scan-sha-51682
BUILD-0802,dependency_install,HIT,hipaa-compliance-scan-dependency_install-sha-90514
BUILD-0802,compile,HIT,hipaa-compliance-scan-compile-sha-10952
BUILD-0802,package_build,HIT,hipaa-compliance-scan-package_build-sha-71016
BUILD-0802,security_scan,HIT,hipaa-compliance-scan-security_scan-sha-46290
BUILD-0803,compile,MISS,ehr-bridge-compile-sha-84380
BUILD-0803,dependency_install,HIT,ehr-bridge-dependency_install-sha-32775
BUILD-0803,security_scan,HIT,ehr-bridge-security_scan-sha-06941
BUILD-0804,compile,HIT,cargo-manifest-service-compile-sha-16968
BUILD-0804,package_build,MISS,cargo-manifest-service-package_build-sha-52579
BUILD-0804,security_scan,HIT,cargo-manifest-service-security_scan-sha-34161
BUILD-0805,security_scan,HIT,flight-telemetry-ingest-security_scan-sha-84436
BUILD-0805,package_build,MISS,flight-telemetry-ingest-package_build-sha-15673
BUILD-0805,dependency_install,HIT,flight-telemetry-ingest-dependency_install-sha-38701
BUILD-0805,compile,HIT,flight-telemetry-ingest-compile-sha-56463
BUILD-0806,security_scan,MISS,flight-telemetry-ingest-security_scan-sha-24046
BUILD-0806,dependency_install,MISS,flight-telemetry-ingest-dependency_install-sha-96852
BUILD-0806,package_build,HIT,flight-telemetry-ingest-package_build-sha-54907
BUILD-0806,compile,HIT,flight-telemetry-ingest-compile-sha-30460
BUILD-0807,package_build,HIT,customer-portal-package_build-sha-22106
BUILD-0807,security_scan,HIT,customer-portal-security_scan-sha-13290
BUILD-0807,dependency_install,HIT,customer-portal-dependency_install-sha-98651
BUILD-0807,compile,HIT,customer-portal-compile-sha-37217
BUILD-0808,package_build,HIT,mobile-banking-api-package_build-sha-69484
BUILD-0808,security_scan,HIT,mobile-banking-api-security_scan-sha-13415
BUILD-0808,compile,HIT,mobile-banking-api-compile-sha-97921
BUILD-0808,dependency_install,HIT,mobile-banking-api-dependency_install-sha-55800
BUILD-0809,package_build,HIT,fraud-detection-service-package_build-sha-46380
BUILD-0809,compile,MISS,fraud-detection-service-compile-sha-61594
BUILD-0809,dependency_install,MISS,fraud-detection-service-dependency_install-sha-79593
BUILD-0809,security_scan,HIT,fraud-detection-service-security_scan-sha-67879
BUILD-0810,dependency_install,MISS,payment-clearing-engine-dependency_install-sha-64357
BUILD-0810,security_scan,HIT,payment-clearing-engine-security_scan-sha-55196
BUILD-0810,compile,HIT,payment-clearing-engine-compile-sha-39047
BUILD-0811,dependency_install,HIT,flight-telemetry-ingest-dependency_install-sha-02416
BUILD-0811,security_scan,MISS,flight-telemetry-ingest-security_scan-sha-85309
BUILD-0811,package_build,MISS,flight-telemetry-ingest-package_build-sha-09743
BUILD-0812,dependency_install,HIT,cargo-manifest-service-dependency_install-sha-63108
BUILD-0812,security_scan,HIT,cargo-manifest-service-security_scan-sha-09621
BUILD-0812,compile,HIT,cargo-manifest-service-compile-sha-88256
BUILD-0812,package_build,HIT,cargo-manifest-service-package_build-sha-38891
BUILD-0813,dependency_install,MISS,claims-ingestion-pipeline-dependency_install-sha-26505
BUILD-0813,security_scan,MISS,claims-ingestion-pipeline-security_scan-sha-27912
BUILD-0813,package_build,HIT,claims-ingestion-pipeline-package_build-sha-22428
BUILD-0814,security_scan,MISS,flight-telemetry-ingest-security_scan-sha-63057
BUILD-0814,dependency_install,HIT,flight-telemetry-ingest-dependency_install-sha-10648
BUILD-0814,compile,HIT,flight-telemetry-ingest-compile-sha-14493
BUILD-0814,package_build,HIT,flight-telemetry-ingest-package_build-sha-93211
BUILD-0815,compile,MISS,customer-portal-compile-sha-12941
BUILD-0815,security_scan,HIT,customer-portal-security_scan-sha-79872
BUILD-0815,package_build,MISS,customer-portal-package_build-sha-50396
BUILD-0816,dependency_install,HIT,fraud-detection-service-dependency_install-sha-59043
BUILD-0816,package_build,HIT,fraud-detection-service-package_build-sha-69471
BUILD-0817,compile,MISS,safety-audit-service-compile-sha-63839
BUILD-0817,dependency_install,MISS,safety-audit-service-dependency_install-sha-79539
BUILD-0817,package_build,HIT,safety-audit-service-package_build-sha-59767
BUILD-0818,compile,MISS,safety-audit-service-compile-sha-14114
BUILD-0818,package_build,HIT,safety-audit-service-package_build-sha-30490
BUILD-0819,compile,HIT,fraud-detection-service-compile-sha-66359
BUILD-0819,security_scan,MISS,fraud-detection-service-security_scan-sha-29844
BUILD-0819,dependency_install,MISS,fraud-detection-service-dependency_install-sha-05980
BUILD-0820,security_scan,MISS,flight-telemetry-ingest-security_scan-sha-86649
BUILD-0820,dependency_install,HIT,flight-telemetry-ingest-dependency_install-sha-98349
BUILD-0821,compile,MISS,hipaa-compliance-scan-compile-sha-78287
BUILD-0821,package_build,HIT,hipaa-compliance-scan-package_build-sha-14063
BUILD-0821,dependency_install,HIT,hipaa-compliance-scan-dependency_install-sha-47927
BUILD-0821,security_scan,HIT,hipaa-compliance-scan-security_scan-sha-30124
BUILD-0822,package_build,HIT,customer-portal-package_build-sha-18617
BUILD-0822,compile,HIT,customer-portal-compile-sha-24484
BUILD-0823,package_build,MISS,customer-portal-package_build-sha-39735
BUILD-0823,security_scan,MISS,customer-portal-security_scan-sha-67125
BUILD-0823,dependency_install,HIT,customer-portal-dependency_install-sha-20990
BUILD-0824,compile,HIT,mobile-banking-api-compile-sha-40952
BUILD-0824,dependency_install,HIT,mobile-banking-api-dependency_install-sha-26566
BUILD-0824,security_scan,HIT,mobile-banking-api-security_scan-sha-82418
BUILD-0825,compile,HIT,cargo-manifest-service-compile-sha-44853
BUILD-0825,dependency_install,MISS,cargo-manifest-service-dependency_install-sha-79806
BUILD-0825,package_build,HIT,cargo-manifest-service-package_build-sha-37874
BUILD-0825,security_scan,HIT,cargo-manifest-service-security_scan-sha-07324
BUILD-0826,security_scan,MISS,customer-portal-security_scan-sha-44154
BUILD-0826,compile,HIT,customer-portal-compile-sha-88333
BUILD-0826,package_build,HIT,customer-portal-package_build-sha-58184
BUILD-0827,dependency_install,MISS,customer-portal-dependency_install-sha-93276
BUILD-0827,compile,HIT,customer-portal-compile-sha-85028
BUILD-0827,security_scan,HIT,customer-portal-security_scan-sha-11315
BUILD-0828,package_build,HIT,fraud-detection-service-package_build-sha-11356
BUILD-0828,compile,MISS,fraud-detection-service-compile-sha-99330
BUILD-0828,security_scan,HIT,fraud-detection-service-security_scan-sha-12561
BUILD-0828,dependency_install,HIT,fraud-detection-service-dependency_install-sha-14056
BUILD-0829,dependency_install,HIT,ehr-bridge-dependency_install-sha-38422
BUILD-0829,package_build,HIT,ehr-bridge-package_build-sha-20623
BUILD-0829,security_scan,HIT,ehr-bridge-security_scan-sha-63991
BUILD-0830,package_build,HIT,ehr-bridge-package_build-sha-49432
BUILD-0830,security_scan,MISS,ehr-bridge-security_scan-sha-04344
BUILD-0830,dependency_install,MISS,ehr-bridge-dependency_install-sha-27294
BUILD-0830,compile,HIT,ehr-bridge-compile-sha-43551
BUILD-0831,dependency_install,HIT,flight-telemetry-ingest-dependency_install-sha-95744
BUILD-0831,compile,HIT,flight-telemetry-ingest-compile-sha-45361
BUILD-0831,security_scan,HIT,flight-telemetry-ingest-security_scan-sha-71820
BUILD-0831,package_build,HIT,flight-telemetry-ingest-package_build-sha-06088
BUILD-0832,security_scan,HIT,safety-audit-service-security_scan-sha-90565
BUILD-0832,dependency_install,HIT,safety-audit-service-dependency_install-sha-11388
BUILD-0832,package_build,HIT,safety-audit-service-package_build-sha-25481
BUILD-0832,compile,HIT,safety-audit-service-compile-sha-35244
BUILD-0833,compile,MISS,claims-ingestion-pipeline-compile-sha-79534
BUILD-0833,security_scan,MISS,claims-ingestion-pipeline-security_scan-sha-72674
BUILD-0833,dependency_install,HIT,claims-ingestion-pipeline-dependency_install-sha-30138
BUILD-0833,package_build,MISS,claims-ingestion-pipeline-package_build-sha-57148
BUILD-0834,security_scan,MISS,ehr-bridge-security_scan-sha-50389
BUILD-0834,compile,MISS,ehr-bridge-compile-sha-43095
BUILD-0834,package_build,HIT,ehr-bridge-package_build-sha-21703
BUILD-0835,security_scan,HIT,payment-clearing-engine-security_scan-sha-48719
BUILD-0835,compile,HIT,payment-clearing-engine-compile-sha-27519
BUILD-0835,dependency_install,HIT,payment-clearing-engine-dependency_install-sha-03422
BUILD-0836,compile,HIT,flight-telemetry-ingest-compile-sha-63921
BUILD-0836,dependency_install,HIT,flight-telemetry-ingest-dependency_install-sha-26774
BUILD-0837,package_build,HIT,flight-telemetry-ingest-package_build-sha-85907
BUILD-0837,security_scan,HIT,flight-telemetry-ingest-security_scan-sha-23758
BUILD-0837,dependency_install,MISS,flight-telemetry-ingest-dependency_install-sha-25328
BUILD-0838,security_scan,MISS,safety-audit-service-security_scan-sha-22118
BUILD-0838,package_build,HIT,safety-audit-service-package_build-sha-04600
BUILD-0838,compile,HIT,safety-audit-service-compile-sha-70918
BUILD-0838,dependency_install,MISS,safety-audit-service-dependency_install-sha-62350
BUILD-0839,security_scan,MISS,mobile-banking-api-security_scan-sha-31143
BUILD-0839,compile,MISS,mobile-banking-api-compile-sha-23571
BUILD-0840,compile,MISS,fraud-detection-service-compile-sha-66792
BUILD-0840,package_build,MISS,fraud-detection-service-package_build-sha-09973
BUILD-0840,security_scan,HIT,fraud-detection-service-security_scan-sha-94922
BUILD-0840,dependency_install,HIT,fraud-detection-service-dependency_install-sha-50174
BUILD-0841,package_build,MISS,cargo-manifest-service-package_build-sha-10009
BUILD-0841,security_scan,MISS,cargo-manifest-service-security_scan-sha-00804
BUILD-0841,compile,HIT,cargo-manifest-service-compile-sha-90603
BUILD-0841,dependency_install,MISS,cargo-manifest-service-dependency_install-sha-30634
BUILD-0842,dependency_install,HIT,customer-portal-dependency_install-sha-60489
BUILD-0842,package_build,MISS,customer-portal-package_build-sha-09530
BUILD-0842,security_scan,MISS,customer-portal-security_scan-sha-77900
BUILD-0842,compile,MISS,customer-portal-compile-sha-75482
BUILD-0843,dependency_install,HIT,provider-directory-dependency_install-sha-31369
BUILD-0843,compile,HIT,provider-directory-compile-sha-67884
BUILD-0843,package_build,HIT,provider-directory-package_build-sha-34153
BUILD-0844,package_build,HIT,safety-audit-service-package_build-sha-87167
BUILD-0844,compile,HIT,safety-audit-service-compile-sha-02464
BUILD-0844,dependency_install,MISS,safety-audit-service-dependency_install-sha-49270
BUILD-0844,security_scan,HIT,safety-audit-service-security_scan-sha-19062
BUILD-0845,dependency_install,HIT,fraud-detection-service-dependency_install-sha-37263
BUILD-0845,security_scan,HIT,fraud-detection-service-security_scan-sha-45713
BUILD-0845,compile,HIT,fraud-detection-service-compile-sha-78321
BUILD-0846,compile,HIT,customer-portal-compile-sha-70700
BUILD-0846,security_scan,HIT,customer-portal-security_scan-sha-15746
BUILD-0847,dependency_install,MISS,safety-audit-service-dependency_install-sha-67285
BUILD-0847,security_scan,HIT,safety-audit-service-security_scan-sha-44473
BUILD-0847,compile,HIT,safety-audit-service-compile-sha-24673
BUILD-0847,package_build,HIT,safety-audit-service-package_build-sha-91506
BUILD-0848,dependency_install,HIT,claims-ingestion-pipeline-dependency_install-sha-30818
BUILD-0848,package_build,MISS,claims-ingestion-pipeline-package_build-sha-20979
BUILD-0849,package_build,HIT,ehr-bridge-package_build-sha-03822
BUILD-0849,dependency_install,HIT,ehr-bridge-dependency_install-sha-66599
BUILD-0849,compile,HIT,ehr-bridge-compile-sha-89529
BUILD-0850,dependency_install,MISS,customer-portal-dependency_install-sha-19212
BUILD-0850,compile,HIT,customer-portal-compile-sha-65106
BUILD-0850,package_build,HIT,customer-portal-package_build-sha-05349
BUILD-0850,security_scan,HIT,customer-portal-security_scan-sha-21074
BUILD-0851,dependency_install,MISS,payment-clearing-engine-dependency_install-sha-69855
BUILD-0851,security_scan,HIT,payment-clearing-engine-security_scan-sha-45273
BUILD-0851,compile,HIT,payment-clearing-engine-compile-sha-40111
BUILD-0851,package_build,MISS,payment-clearing-engine-package_build-sha-83526
BUILD-0852,package_build,MISS,customer-portal-package_build-sha-23656
BUILD-0852,dependency_install,MISS,customer-portal-dependency_install-sha-87571
BUILD-0852,security_scan,MISS,customer-portal-security_scan-sha-39529
BUILD-0852,compile,MISS,customer-portal-compile-sha-73140
BUILD-0853,package_build,HIT,hipaa-compliance-scan-package_build-sha-01018
BUILD-0853,compile,HIT,hipaa-compliance-scan-compile-sha-74415
BUILD-0853,dependency_install,HIT,hipaa-compliance-scan-dependency_install-sha-36183
BUILD-0854,security_scan,HIT,flight-telemetry-ingest-security_scan-sha-78002
BUILD-0854,compile,HIT,flight-telemetry-ingest-compile-sha-29797
BUILD-0854,package_build,HIT,flight-telemetry-ingest-package_build-sha-26548
BUILD-0855,package_build,MISS,safety-audit-service-package_build-sha-92657
BUILD-0855,security_scan,HIT,safety-audit-service-security_scan-sha-74445
BUILD-0855,compile,HIT,safety-audit-service-compile-sha-47977
BUILD-0856,security_scan,MISS,payment-clearing-engine-security_scan-sha-07417
BUILD-0856,package_build,MISS,payment-clearing-engine-package_build-sha-43543
BUILD-0856,compile,HIT,payment-clearing-engine-compile-sha-48699
BUILD-0857,compile,HIT,safety-audit-service-compile-sha-91845
BUILD-0857,package_build,HIT,safety-audit-service-package_build-sha-99196
BUILD-0857,dependency_install,HIT,safety-audit-service-dependency_install-sha-91954
BUILD-0858,dependency_install,MISS,cargo-manifest-service-dependency_install-sha-73528
BUILD-0858,compile,HIT,cargo-manifest-service-compile-sha-59081
BUILD-0858,package_build,MISS,cargo-manifest-service-package_build-sha-84575
BUILD-0858,security_scan,HIT,cargo-manifest-service-security_scan-sha-28731
BUILD-0859,dependency_install,HIT,fraud-detection-service-dependency_install-sha-52439
BUILD-0859,package_build,HIT,fraud-detection-service-package_build-sha-75337
BUILD-0859,compile,HIT,fraud-detection-service-compile-sha-60896
BUILD-0860,dependency_install,MISS,customer-portal-dependency_install-sha-75723
BUILD-0860,compile,MISS,customer-portal-compile-sha-69606
BUILD-0861,security_scan,HIT,customer-portal-security_scan-sha-20034
BUILD-0861,compile,HIT,customer-portal-compile-sha-97841
BUILD-0861,dependency_install,HIT,customer-portal-dependency_install-sha-71497
BUILD-0862,security_scan,MISS,claims-ingestion-pipeline-security_scan-sha-31711
BUILD-0862,package_build,HIT,claims-ingestion-pipeline-package_build-sha-27328
BUILD-0862,compile,MISS,claims-ingestion-pipeline-compile-sha-76147
BUILD-0862,dependency_install,HIT,claims-ingestion-pipeline-dependency_install-sha-30269
BUILD-0863,security_scan,HIT,mobile-banking-api-security_scan-sha-02994
BUILD-0863,compile,HIT,mobile-banking-api-compile-sha-90616
BUILD-0863,package_build,HIT,mobile-banking-api-package_build-sha-25398
BUILD-0864,compile,MISS,ehr-bridge-compile-sha-09306
BUILD-0864,package_build,HIT,ehr-bridge-package_build-sha-21858
BUILD-0864,dependency_install,MISS,ehr-bridge-dependency_install-sha-21644
BUILD-0865,compile,HIT,hipaa-compliance-scan-compile-sha-22754
BUILD-0865,security_scan,MISS,hipaa-compliance-scan-security_scan-sha-25242
BUILD-0865,dependency_install,HIT,hipaa-compliance-scan-dependency_install-sha-52591
BUILD-0865,package_build,MISS,hipaa-compliance-scan-package_build-sha-54881
BUILD-0866,security_scan,MISS,safety-audit-service-security_scan-sha-73153
BUILD-0866,compile,HIT,safety-audit-service-compile-sha-11720
BUILD-0866,package_build,MISS,safety-audit-service-package_build-sha-80929
BUILD-0866,dependency_install,MISS,safety-audit-service-dependency_install-sha-17332
BUILD-0867,dependency_install,HIT,fraud-detection-service-dependency_install-sha-18067
BUILD-0867,compile,HIT,fraud-detection-service-compile-sha-75297
BUILD-0867,security_scan,HIT,fraud-detection-service-security_scan-sha-49081
BUILD-0867,package_build,HIT,fraud-detection-service-package_build-sha-97775
BUILD-0868,security_scan,HIT,provider-directory-security_scan-sha-50034
BUILD-0868,compile,HIT,provider-directory-compile-sha-71402
BUILD-0868,dependency_install,HIT,provider-directory-dependency_install-sha-05828
BUILD-0869,dependency_install,MISS,ehr-bridge-dependency_install-sha-72691
BUILD-0869,compile,MISS,ehr-bridge-compile-sha-95831
BUILD-0869,security_scan,HIT,ehr-bridge-security_scan-sha-79667
BUILD-0869,package_build,MISS,ehr-bridge-package_build-sha-96004
BUILD-0870,compile,MISS,customer-portal-compile-sha-98284
BUILD-0870,security_scan,MISS,customer-portal-security_scan-sha-41647
BUILD-0870,package_build,HIT,customer-portal-package_build-sha-92325
BUILD-0870,dependency_install,MISS,customer-portal-dependency_install-sha-40648
BUILD-0871,dependency_install,HIT,mobile-banking-api-dependency_install-sha-69802
BUILD-0871,compile,HIT,mobile-banking-api-compile-sha-58863
BUILD-0871,package_build,HIT,mobile-banking-api-package_build-sha-47646
BUILD-0872,security_scan,HIT,claims-ingestion-pipeline-security_scan-sha-64557
BUILD-0872,dependency_install,HIT,claims-ingestion-pipeline-dependency_install-sha-86972
BUILD-0872,package_build,HIT,claims-ingestion-pipeline-package_build-sha-33646
BUILD-0872,compile,MISS,claims-ingestion-pipeline-compile-sha-34368
BUILD-0873,compile,MISS,flight-telemetry-ingest-compile-sha-61186
BUILD-0873,dependency_install,HIT,flight-telemetry-ingest-dependency_install-sha-46941
BUILD-0873,security_scan,HIT,flight-telemetry-ingest-security_scan-sha-25145
BUILD-0874,security_scan,HIT,payment-clearing-engine-security_scan-sha-90753
BUILD-0874,dependency_install,HIT,payment-clearing-engine-dependency_install-sha-69320
BUILD-0874,package_build,HIT,payment-clearing-engine-package_build-sha-28685
BUILD-0875,compile,MISS,ehr-bridge-compile-sha-56443
BUILD-0875,security_scan,MISS,ehr-bridge-security_scan-sha-77233
BUILD-0875,dependency_install,HIT,ehr-bridge-dependency_install-sha-94998
BUILD-0876,dependency_install,HIT,mobile-banking-api-dependency_install-sha-08800
BUILD-0876,compile,MISS,mobile-banking-api-compile-sha-51285
BUILD-0876,security_scan,HIT,mobile-banking-api-security_scan-sha-53101
BUILD-0876,package_build,HIT,mobile-banking-api-package_build-sha-72684
BUILD-0877,security_scan,MISS,cargo-manifest-service-security_scan-sha-16148
BUILD-0877,package_build,HIT,cargo-manifest-service-package_build-sha-79311
BUILD-0877,dependency_install,HIT,cargo-manifest-service-dependency_install-sha-96984
BUILD-0877,compile,MISS,cargo-manifest-service-compile-sha-58497
BUILD-0878,dependency_install,HIT,ehr-bridge-dependency_install-sha-58902
BUILD-0878,compile,MISS,ehr-bridge-compile-sha-49897
BUILD-0878,security_scan,HIT,ehr-bridge-security_scan-sha-69118
BUILD-0878,package_build,HIT,ehr-bridge-package_build-sha-48814
BUILD-0879,dependency_install,HIT,mobile-banking-api-dependency_install-sha-47133
BUILD-0879,security_scan,MISS,mobile-banking-api-security_scan-sha-84947
BUILD-0879,package_build,HIT,mobile-banking-api-package_build-sha-60373
BUILD-0880,compile,HIT,cargo-manifest-service-compile-sha-77985
BUILD-0880,dependency_install,MISS,cargo-manifest-service-dependency_install-sha-86469
BUILD-0880,package_build,MISS,cargo-manifest-service-package_build-sha-32521
BUILD-0880,security_scan,HIT,cargo-manifest-service-security_scan-sha-07107
BUILD-0881,compile,HIT,customer-portal-compile-sha-53881
BUILD-0881,dependency_install,HIT,customer-portal-dependency_install-sha-91983
BUILD-0881,security_scan,HIT,customer-portal-security_scan-sha-75866
BUILD-0881,package_build,HIT,customer-portal-package_build-sha-02621
BUILD-0882,security_scan,HIT,flight-telemetry-ingest-security_scan-sha-45094
BUILD-0882,package_build,MISS,flight-telemetry-ingest-package_build-sha-39399
BUILD-0883,compile,HIT,provider-directory-compile-sha-30991
BUILD-0883,package_build,MISS,provider-directory-package_build-sha-02048
BUILD-0883,security_scan,MISS,provider-directory-security_scan-sha-51230
BUILD-0883,dependency_install,HIT,provider-directory-dependency_install-sha-60018
BUILD-0884,security_scan,HIT,fraud-detection-service-security_scan-sha-18754
BUILD-0884,dependency_install,HIT,fraud-detection-service-dependency_install-sha-68289
BUILD-0884,compile,HIT,fraud-detection-service-compile-sha-94922
BUILD-0884,package_build,HIT,fraud-detection-service-package_build-sha-97037
BUILD-0885,compile,MISS,fraud-detection-service-compile-sha-10092
BUILD-0885,package_build,MISS,fraud-detection-service-package_build-sha-62641
BUILD-0885,dependency_install,HIT,fraud-detection-service-dependency_install-sha-55695
BUILD-0885,security_scan,HIT,fraud-detection-service-security_scan-sha-93178
BUILD-0886,dependency_install,MISS,payment-clearing-engine-dependency_install-sha-93934
BUILD-0886,security_scan,HIT,payment-clearing-engine-security_scan-sha-62640
BUILD-0886,compile,HIT,payment-clearing-engine-compile-sha-48489
BUILD-0886,package_build,HIT,payment-clearing-engine-package_build-sha-77890
BUILD-0887,security_scan,MISS,claims-ingestion-pipeline-security_scan-sha-69034
BUILD-0887,package_build,MISS,claims-ingestion-pipeline-package_build-sha-78651
BUILD-0887,dependency_install,HIT,claims-ingestion-pipeline-dependency_install-sha-00228
BUILD-0888,security_scan,HIT,flight-telemetry-ingest-security_scan-sha-47418
BUILD-0888,compile,MISS,flight-telemetry-ingest-compile-sha-37515
BUILD-0888,package_build,HIT,flight-telemetry-ingest-package_build-sha-61320
BUILD-0888,dependency_install,HIT,flight-telemetry-ingest-dependency_install-sha-77312
BUILD-0889,compile,HIT,mobile-banking-api-compile-sha-58575
BUILD-0889,dependency_install,HIT,mobile-banking-api-dependency_install-sha-66373
BUILD-0889,security_scan,HIT,mobile-banking-api-security_scan-sha-97067
BUILD-0889,package_build,HIT,mobile-banking-api-package_build-sha-73143
BUILD-0890,dependency_install,HIT,hipaa-compliance-scan-dependency_install-sha-37659
BUILD-0890,compile,HIT,hipaa-compliance-scan-compile-sha-21574
BUILD-0890,security_scan,HIT,hipaa-compliance-scan-security_scan-sha-94381
BUILD-0891,security_scan,MISS,mobile-banking-api-security_scan-sha-35300
BUILD-0891,package_build,MISS,mobile-banking-api-package_build-sha-67559
BUILD-0891,dependency_install,MISS,mobile-banking-api-dependency_install-sha-56388
BUILD-0892,security_scan,MISS,hipaa-compliance-scan-security_scan-sha-93611
BUILD-0892,compile,MISS,hipaa-compliance-scan-compile-sha-43975
BUILD-0893,dependency_install,MISS,ehr-bridge-dependency_install-sha-38873
BUILD-0893,package_build,MISS,ehr-bridge-package_build-sha-14220
BUILD-0893,security_scan,MISS,ehr-bridge-security_scan-sha-52838
BUILD-0894,dependency_install,MISS,claims-ingestion-pipeline-dependency_install-sha-79724
BUILD-0894,package_build,MISS,claims-ingestion-pipeline-package_build-sha-95685
BUILD-0894,security_scan,HIT,claims-ingestion-pipeline-security_scan-sha-72868
BUILD-0894,compile,MISS,claims-ingestion-pipeline-compile-sha-06639
BUILD-0895,security_scan,MISS,ehr-bridge-security_scan-sha-83180
BUILD-0895,package_build,MISS,ehr-bridge-package_build-sha-93205
BUILD-0895,compile,MISS,ehr-bridge-compile-sha-61543
BUILD-0895,dependency_install,MISS,ehr-bridge-dependency_install-sha-33548
BUILD-0896,compile,HIT,flight-telemetry-ingest-compile-sha-31247
BUILD-0896,package_build,HIT,flight-telemetry-ingest-package_build-sha-16200
BUILD-0896,security_scan,HIT,flight-telemetry-ingest-security_scan-sha-05479
BUILD-0896,dependency_install,HIT,flight-telemetry-ingest-dependency_install-sha-94134
BUILD-0897,security_scan,MISS,ehr-bridge-security_scan-sha-08815
BUILD-0897,package_build,MISS,ehr-bridge-package_build-sha-09330
BUILD-0897,dependency_install,MISS,ehr-bridge-dependency_install-sha-58562
BUILD-0898,package_build,HIT,cargo-manifest-service-package_build-sha-65121
BUILD-0898,compile,HIT,cargo-manifest-service-compile-sha-05919
BUILD-0898,dependency_install,HIT,cargo-manifest-service-dependency_install-sha-30612
BUILD-0898,security_scan,HIT,cargo-manifest-service-security_scan-sha-38898
BUILD-0899,dependency_install,MISS,payment-clearing-engine-dependency_install-sha-47813
BUILD-0899,security_scan,HIT,payment-clearing-engine-security_scan-sha-93226
BUILD-0899,compile,HIT,payment-clearing-engine-compile-sha-16714
BUILD-0900,security_scan,MISS,cargo-manifest-service-security_scan-sha-60790
BUILD-0900,package_build,HIT,cargo-manifest-service-package_build-sha-57018
BUILD-0900,dependency_install,MISS,cargo-manifest-service-dependency_install-sha-96625
BUILD-0900,compile,MISS,cargo-manifest-service-compile-sha-61930
BUILD-0901,dependency_install,HIT,provider-directory-dependency_install-sha-72529
BUILD-0901,package_build,MISS,provider-directory-package_build-sha-04473
BUILD-0901,security_scan,HIT,provider-directory-security_scan-sha-56991
BUILD-0902,package_build,HIT,ehr-bridge-package_build-sha-43332
BUILD-0902,compile,MISS,ehr-bridge-compile-sha-29952
BUILD-0902,security_scan,MISS,ehr-bridge-security_scan-sha-99831
BUILD-0903,compile,HIT,ehr-bridge-compile-sha-67505
BUILD-0903,dependency_install,HIT,ehr-bridge-dependency_install-sha-91973
BUILD-0903,package_build,MISS,ehr-bridge-package_build-sha-21931
BUILD-0904,security_scan,HIT,fraud-detection-service-security_scan-sha-35744
BUILD-0904,package_build,HIT,fraud-detection-service-package_build-sha-57485
BUILD-0904,compile,HIT,fraud-detection-service-compile-sha-73853
BUILD-0904,dependency_install,MISS,fraud-detection-service-dependency_install-sha-40670
BUILD-0905,dependency_install,MISS,fraud-detection-service-dependency_install-sha-59648
BUILD-0905,compile,HIT,fraud-detection-service-compile-sha-76340
BUILD-0905,package_build,HIT,fraud-detection-service-package_build-sha-88140
BUILD-0905,security_scan,HIT,fraud-detection-service-security_scan-sha-73701
BUILD-0906,package_build,HIT,safety-audit-service-package_build-sha-55246
BUILD-0906,security_scan,MISS,safety-audit-service-security_scan-sha-02608
BUILD-0906,dependency_install,HIT,safety-audit-service-dependency_install-sha-83650
BUILD-0906,compile,MISS,safety-audit-service-compile-sha-68907
BUILD-0907,security_scan,MISS,mobile-banking-api-security_scan-sha-02427
BUILD-0907,dependency_install,MISS,mobile-banking-api-dependency_install-sha-54562
BUILD-0907,compile,MISS,mobile-banking-api-compile-sha-24990
BUILD-0908,compile,MISS,cargo-manifest-service-compile-sha-27505
BUILD-0908,security_scan,MISS,cargo-manifest-service-security_scan-sha-64171
BUILD-0908,dependency_install,HIT,cargo-manifest-service-dependency_install-sha-14445
BUILD-0908,package_build,MISS,cargo-manifest-service-package_build-sha-32231
BUILD-0909,dependency_install,HIT,safety-audit-service-dependency_install-sha-33491
BUILD-0909,compile,MISS,safety-audit-service-compile-sha-73285
BUILD-0909,package_build,HIT,safety-audit-service-package_build-sha-33016
BUILD-0909,security_scan,HIT,safety-audit-service-security_scan-sha-35019
BUILD-0910,dependency_install,HIT,payment-clearing-engine-dependency_install-sha-93551
BUILD-0910,security_scan,HIT,payment-clearing-engine-security_scan-sha-55815
BUILD-0910,package_build,HIT,payment-clearing-engine-package_build-sha-63216
BUILD-0910,compile,HIT,payment-clearing-engine-compile-sha-71137
BUILD-0911,security_scan,HIT,claims-ingestion-pipeline-security_scan-sha-16978
BUILD-0911,package_build,HIT,claims-ingestion-pipeline-package_build-sha-76543
BUILD-0911,compile,MISS,claims-ingestion-pipeline-compile-sha-96843
BUILD-0912,package_build,HIT,fraud-detection-service-package_build-sha-13182
BUILD-0912,compile,HIT,fraud-detection-service-compile-sha-99536
BUILD-0912,dependency_install,HIT,fraud-detection-service-dependency_install-sha-44047
BUILD-0913,security_scan,HIT,cargo-manifest-service-security_scan-sha-17277
BUILD-0913,dependency_install,MISS,cargo-manifest-service-dependency_install-sha-88519
BUILD-0913,compile,HIT,cargo-manifest-service-compile-sha-35290
BUILD-0913,package_build,HIT,cargo-manifest-service-package_build-sha-53345
BUILD-0914,security_scan,MISS,customer-portal-security_scan-sha-31929
BUILD-0914,dependency_install,HIT,customer-portal-dependency_install-sha-63556
BUILD-0914,package_build,HIT,customer-portal-package_build-sha-18748
BUILD-0914,compile,MISS,customer-portal-compile-sha-00385
BUILD-0915,security_scan,HIT,payment-clearing-engine-security_scan-sha-43724
BUILD-0915,dependency_install,MISS,payment-clearing-engine-dependency_install-sha-52923
BUILD-0915,package_build,HIT,payment-clearing-engine-package_build-sha-30677
BUILD-0916,security_scan,MISS,hipaa-compliance-scan-security_scan-sha-87663
BUILD-0916,package_build,MISS,hipaa-compliance-scan-package_build-sha-60490
BUILD-0916,compile,MISS,hipaa-compliance-scan-compile-sha-08107
BUILD-0916,dependency_install,HIT,hipaa-compliance-scan-dependency_install-sha-65774
BUILD-0917,dependency_install,HIT,customer-portal-dependency_install-sha-88095
BUILD-0917,compile,MISS,customer-portal-compile-sha-52987
BUILD-0917,security_scan,HIT,customer-portal-security_scan-sha-08251
BUILD-0917,package_build,HIT,customer-portal-package_build-sha-11905
BUILD-0918,compile,HIT,safety-audit-service-compile-sha-60489
BUILD-0918,package_build,HIT,safety-audit-service-package_build-sha-82094
BUILD-0918,security_scan,HIT,safety-audit-service-security_scan-sha-96990
BUILD-0919,dependency_install,HIT,fraud-detection-service-dependency_install-sha-98234
BUILD-0919,package_build,HIT,fraud-detection-service-package_build-sha-89314
BUILD-0919,compile,HIT,fraud-detection-service-compile-sha-45800
BUILD-0919,security_scan,MISS,fraud-detection-service-security_scan-sha-73791
BUILD-0920,compile,MISS,hipaa-compliance-scan-compile-sha-43745
BUILD-0920,security_scan,MISS,hipaa-compliance-scan-security_scan-sha-20418
BUILD-0920,dependency_install,HIT,hipaa-compliance-scan-dependency_install-sha-50104
BUILD-0920,package_build,HIT,hipaa-compliance-scan-package_build-sha-28580
BUILD-0921,dependency_install,HIT,mobile-banking-api-dependency_install-sha-56886
BUILD-0921,package_build,HIT,mobile-banking-api-package_build-sha-90407
BUILD-0921,security_scan,MISS,mobile-banking-api-security_scan-sha-44192
BUILD-0921,compile,HIT,mobile-banking-api-compile-sha-52542
BUILD-0922,compile,HIT,hipaa-compliance-scan-compile-sha-14274
BUILD-0922,security_scan,HIT,hipaa-compliance-scan-security_scan-sha-36592
BUILD-0922,dependency_install,HIT,hipaa-compliance-scan-dependency_install-sha-53735
BUILD-0922,package_build,HIT,hipaa-compliance-scan-package_build-sha-05091
BUILD-0923,security_scan,MISS,claims-ingestion-pipeline-security_scan-sha-79746
BUILD-0923,dependency_install,MISS,claims-ingestion-pipeline-dependency_install-sha-91985
BUILD-0923,compile,MISS,claims-ingestion-pipeline-compile-sha-11778
BUILD-0923,package_build,MISS,claims-ingestion-pipeline-package_build-sha-12091
BUILD-0924,package_build,HIT,customer-portal-package_build-sha-53842
BUILD-0924,dependency_install,MISS,customer-portal-dependency_install-sha-41874
BUILD-0924,compile,MISS,customer-portal-compile-sha-45071
BUILD-0924,security_scan,HIT,customer-portal-security_scan-sha-31631
BUILD-0925,dependency_install,MISS,payment-clearing-engine-dependency_install-sha-35759
BUILD-0925,compile,HIT,payment-clearing-engine-compile-sha-38430
BUILD-0925,security_scan,HIT,payment-clearing-engine-security_scan-sha-27924
BUILD-0926,compile,HIT,fraud-detection-service-compile-sha-85000
BUILD-0926,dependency_install,HIT,fraud-detection-service-dependency_install-sha-08078
BUILD-0926,security_scan,MISS,fraud-detection-service-security_scan-sha-19316
BUILD-0927,dependency_install,HIT,flight-telemetry-ingest-dependency_install-sha-84392
BUILD-0927,compile,MISS,flight-telemetry-ingest-compile-sha-11592
BUILD-0927,security_scan,HIT,flight-telemetry-ingest-security_scan-sha-29754
BUILD-0927,package_build,MISS,flight-telemetry-ingest-package_build-sha-08045
BUILD-0928,package_build,HIT,mobile-banking-api-package_build-sha-64728
BUILD-0928,compile,HIT,mobile-banking-api-compile-sha-75457
BUILD-0928,security_scan,HIT,mobile-banking-api-security_scan-sha-22010
BUILD-0929,dependency_install,MISS,ehr-bridge-dependency_install-sha-05958
BUILD-0929,security_scan,HIT,ehr-bridge-security_scan-sha-91566
BUILD-0929,compile,HIT,ehr-bridge-compile-sha-39074
BUILD-0930,compile,HIT,customer-portal-compile-sha-14636
BUILD-0930,security_scan,HIT,customer-portal-security_scan-sha-13144
BUILD-0930,dependency_install,HIT,customer-portal-dependency_install-sha-77852
BUILD-0931,compile,HIT,customer-portal-compile-sha-22325
BUILD-0931,package_build,MISS,customer-portal-package_build-sha-79623
BUILD-0931,dependency_install,MISS,customer-portal-dependency_install-sha-07262
BUILD-0931,security_scan,MISS,customer-portal-security_scan-sha-77610
BUILD-0932,compile,HIT,claims-ingestion-pipeline-compile-sha-71694
BUILD-0932,security_scan,HIT,claims-ingestion-pipeline-security_scan-sha-64249
BUILD-0932,dependency_install,HIT,claims-ingestion-pipeline-dependency_install-sha-88872
BUILD-0933,compile,HIT,safety-audit-service-compile-sha-75994
BUILD-0933,security_scan,HIT,safety-audit-service-security_scan-sha-19660
BUILD-0933,dependency_install,HIT,safety-audit-service-dependency_install-sha-61529
BUILD-0933,package_build,HIT,safety-audit-service-package_build-sha-12854
BUILD-0934,dependency_install,MISS,payment-clearing-engine-dependency_install-sha-59880
BUILD-0934,package_build,HIT,payment-clearing-engine-package_build-sha-21126
BUILD-0934,security_scan,HIT,payment-clearing-engine-security_scan-sha-64172
BUILD-0934,compile,HIT,payment-clearing-engine-compile-sha-24106
BUILD-0935,security_scan,MISS,hipaa-compliance-scan-security_scan-sha-83007
BUILD-0935,package_build,MISS,hipaa-compliance-scan-package_build-sha-68700
BUILD-0935,compile,HIT,hipaa-compliance-scan-compile-sha-06728
BUILD-0935,dependency_install,HIT,hipaa-compliance-scan-dependency_install-sha-09223
BUILD-0936,compile,HIT,hipaa-compliance-scan-compile-sha-52664
BUILD-0936,package_build,HIT,hipaa-compliance-scan-package_build-sha-48304
BUILD-0937,dependency_install,HIT,ehr-bridge-dependency_install-sha-99532
BUILD-0937,compile,HIT,ehr-bridge-compile-sha-63986
BUILD-0937,package_build,HIT,ehr-bridge-package_build-sha-10878
BUILD-0937,security_scan,HIT,ehr-bridge-security_scan-sha-10519
BUILD-0938,compile,HIT,ehr-bridge-compile-sha-28118
BUILD-0938,security_scan,HIT,ehr-bridge-security_scan-sha-12757
BUILD-0938,dependency_install,MISS,ehr-bridge-dependency_install-sha-66984
BUILD-0938,package_build,HIT,ehr-bridge-package_build-sha-96868
BUILD-0939,package_build,HIT,payment-clearing-engine-package_build-sha-39980
BUILD-0939,security_scan,MISS,payment-clearing-engine-security_scan-sha-38117
BUILD-0939,dependency_install,HIT,payment-clearing-engine-dependency_install-sha-24024
BUILD-0939,compile,HIT,payment-clearing-engine-compile-sha-80159
BUILD-0940,security_scan,HIT,provider-directory-security_scan-sha-12211
BUILD-0940,package_build,HIT,provider-directory-package_build-sha-63343
BUILD-0940,dependency_install,HIT,provider-directory-dependency_install-sha-86999
BUILD-0940,compile,HIT,provider-directory-compile-sha-76795
BUILD-0941,compile,HIT,provider-directory-compile-sha-44119
BUILD-0941,dependency_install,HIT,provider-directory-dependency_install-sha-08046
BUILD-0941,security_scan,HIT,provider-directory-security_scan-sha-48465
BUILD-0941,package_build,HIT,provider-directory-package_build-sha-35519
BUILD-0942,security_scan,MISS,fraud-detection-service-security_scan-sha-69736
BUILD-0942,compile,HIT,fraud-detection-service-compile-sha-85235
BUILD-0942,dependency_install,HIT,fraud-detection-service-dependency_install-sha-65182
BUILD-0943,dependency_install,HIT,cargo-manifest-service-dependency_install-sha-30047
BUILD-0943,security_scan,HIT,cargo-manifest-service-security_scan-sha-55099
BUILD-0943,compile,HIT,cargo-manifest-service-compile-sha-00215
BUILD-0944,security_scan,HIT,flight-telemetry-ingest-security_scan-sha-35514
BUILD-0944,dependency_install,HIT,flight-telemetry-ingest-dependency_install-sha-40046
BUILD-0944,compile,HIT,flight-telemetry-ingest-compile-sha-33792
BUILD-0945,dependency_install,HIT,hipaa-compliance-scan-dependency_install-sha-06926
BUILD-0945,compile,HIT,hipaa-compliance-scan-compile-sha-63946
BUILD-0945,security_scan,HIT,hipaa-compliance-scan-security_scan-sha-64204
BUILD-0946,security_scan,HIT,provider-directory-security_scan-sha-63223
BUILD-0946,package_build,HIT,provider-directory-package_build-sha-66489
BUILD-0946,dependency_install,MISS,provider-directory-dependency_install-sha-85840
BUILD-0946,compile,HIT,provider-directory-compile-sha-96464
BUILD-0947,dependency_install,HIT,hipaa-compliance-scan-dependency_install-sha-66300
BUILD-0947,package_build,MISS,hipaa-compliance-scan-package_build-sha-02720
BUILD-0947,security_scan,MISS,hipaa-compliance-scan-security_scan-sha-61300
BUILD-0947,compile,MISS,hipaa-compliance-scan-compile-sha-82627
BUILD-0948,package_build,MISS,hipaa-compliance-scan-package_build-sha-04882
BUILD-0948,compile,MISS,hipaa-compliance-scan-compile-sha-42950
BUILD-0948,security_scan,HIT,hipaa-compliance-scan-security_scan-sha-41218
BUILD-0948,dependency_install,HIT,hipaa-compliance-scan-dependency_install-sha-60728
BUILD-0949,security_scan,MISS,safety-audit-service-security_scan-sha-21457
BUILD-0949,package_build,HIT,safety-audit-service-package_build-sha-69979
BUILD-0949,compile,HIT,safety-audit-service-compile-sha-67871
BUILD-0949,dependency_install,MISS,safety-audit-service-dependency_install-sha-15882
BUILD-0950,package_build,HIT,fraud-detection-service-package_build-sha-47625
BUILD-0950,security_scan,HIT,fraud-detection-service-security_scan-sha-99565
BUILD-0950,compile,MISS,fraud-detection-service-compile-sha-28012
BUILD-0950,dependency_install,HIT,fraud-detection-service-dependency_install-sha-82072
BUILD-0951,compile,HIT,claims-ingestion-pipeline-compile-sha-15600
BUILD-0951,security_scan,HIT,claims-ingestion-pipeline-security_scan-sha-40964
BUILD-0951,dependency_install,HIT,claims-ingestion-pipeline-dependency_install-sha-07396
BUILD-0952,dependency_install,MISS,safety-audit-service-dependency_install-sha-39276
BUILD-0952,package_build,MISS,safety-audit-service-package_build-sha-60701
BUILD-0952,compile,HIT,safety-audit-service-compile-sha-98208
BUILD-0952,security_scan,HIT,safety-audit-service-security_scan-sha-04996
BUILD-0953,security_scan,HIT,flight-telemetry-ingest-security_scan-sha-69391
BUILD-0953,package_build,HIT,flight-telemetry-ingest-package_build-sha-98265
BUILD-0953,dependency_install,MISS,flight-telemetry-ingest-dependency_install-sha-23681
BUILD-0954,compile,HIT,claims-ingestion-pipeline-compile-sha-03003
BUILD-0954,dependency_install,HIT,claims-ingestion-pipeline-dependency_install-sha-61283
BUILD-0954,security_scan,HIT,claims-ingestion-pipeline-security_scan-sha-43014
BUILD-0955,package_build,HIT,flight-telemetry-ingest-package_build-sha-58829
BUILD-0955,security_scan,MISS,flight-telemetry-ingest-security_scan-sha-24772
BUILD-0955,dependency_install,HIT,flight-telemetry-ingest-dependency_install-sha-51313
BUILD-0956,dependency_install,MISS,payment-clearing-engine-dependency_install-sha-44523
BUILD-0956,compile,MISS,payment-clearing-engine-compile-sha-74840
BUILD-0956,package_build,HIT,payment-clearing-engine-package_build-sha-76037
BUILD-0957,package_build,HIT,hipaa-compliance-scan-package_build-sha-65670
BUILD-0957,compile,MISS,hipaa-compliance-scan-compile-sha-82300
BUILD-0957,dependency_install,HIT,hipaa-compliance-scan-dependency_install-sha-62171
BUILD-0957,security_scan,HIT,hipaa-compliance-scan-security_scan-sha-78977
BUILD-0958,compile,MISS,claims-ingestion-pipeline-compile-sha-78955
BUILD-0958,package_build,HIT,claims-ingestion-pipeline-package_build-sha-50637
BUILD-0958,dependency_install,HIT,claims-ingestion-pipeline-dependency_install-sha-94420
BUILD-0959,security_scan,MISS,customer-portal-security_scan-sha-41632
BUILD-0959,dependency_install,MISS,customer-portal-dependency_install-sha-43363
BUILD-0959,compile,MISS,customer-portal-compile-sha-51671
BUILD-0960,security_scan,HIT,customer-portal-security_scan-sha-82240
BUILD-0960,compile,HIT,customer-portal-compile-sha-33939
BUILD-0960,package_build,HIT,customer-portal-package_build-sha-68658
BUILD-0960,dependency_install,HIT,customer-portal-dependency_install-sha-50911
BUILD-0961,package_build,HIT,cargo-manifest-service-package_build-sha-27448
BUILD-0961,security_scan,HIT,cargo-manifest-service-security_scan-sha-52812
BUILD-0962,compile,MISS,claims-ingestion-pipeline-compile-sha-75707
BUILD-0962,package_build,MISS,claims-ingestion-pipeline-package_build-sha-64455
BUILD-0962,security_scan,MISS,claims-ingestion-pipeline-security_scan-sha-90879
BUILD-0963,package_build,MISS,flight-telemetry-ingest-package_build-sha-77051
BUILD-0963,compile,HIT,flight-telemetry-ingest-compile-sha-59274
BUILD-0964,package_build,HIT,fraud-detection-service-package_build-sha-68524
BUILD-0964,compile,HIT,fraud-detection-service-compile-sha-86212
BUILD-0964,dependency_install,HIT,fraud-detection-service-dependency_install-sha-61847
BUILD-0964,security_scan,HIT,fraud-detection-service-security_scan-sha-97448
BUILD-0965,compile,HIT,hipaa-compliance-scan-compile-sha-32321
BUILD-0965,security_scan,HIT,hipaa-compliance-scan-security_scan-sha-11912
BUILD-0965,dependency_install,HIT,hipaa-compliance-scan-dependency_install-sha-57797
BUILD-0965,package_build,MISS,hipaa-compliance-scan-package_build-sha-74799
BUILD-0966,compile,HIT,fraud-detection-service-compile-sha-83929
BUILD-0966,security_scan,HIT,fraud-detection-service-security_scan-sha-27596
BUILD-0966,package_build,HIT,fraud-detection-service-package_build-sha-13113
BUILD-0966,dependency_install,MISS,fraud-detection-service-dependency_install-sha-02069
BUILD-0967,security_scan,HIT,flight-telemetry-ingest-security_scan-sha-45641
BUILD-0967,compile,MISS,flight-telemetry-ingest-compile-sha-15201
BUILD-0967,package_build,MISS,flight-telemetry-ingest-package_build-sha-82240
BUILD-0968,security_scan,MISS,flight-telemetry-ingest-security_scan-sha-26986
BUILD-0968,compile,HIT,flight-telemetry-ingest-compile-sha-61671
BUILD-0968,dependency_install,HIT,flight-telemetry-ingest-dependency_install-sha-20661
BUILD-0968,package_build,HIT,flight-telemetry-ingest-package_build-sha-59219
BUILD-0969,compile,MISS,ehr-bridge-compile-sha-31743
BUILD-0969,dependency_install,MISS,ehr-bridge-dependency_install-sha-82174
BUILD-0969,security_scan,MISS,ehr-bridge-security_scan-sha-06958
BUILD-0970,security_scan,MISS,flight-telemetry-ingest-security_scan-sha-42277
BUILD-0970,package_build,HIT,flight-telemetry-ingest-package_build-sha-50395
BUILD-0970,dependency_install,HIT,flight-telemetry-ingest-dependency_install-sha-54732
BUILD-0971,security_scan,HIT,cargo-manifest-service-security_scan-sha-94978
BUILD-0971,dependency_install,MISS,cargo-manifest-service-dependency_install-sha-39756
BUILD-0971,package_build,HIT,cargo-manifest-service-package_build-sha-53182
BUILD-0972,security_scan,HIT,cargo-manifest-service-security_scan-sha-56313
BUILD-0972,dependency_install,MISS,cargo-manifest-service-dependency_install-sha-99795
BUILD-0972,package_build,HIT,cargo-manifest-service-package_build-sha-83948
BUILD-0972,compile,HIT,cargo-manifest-service-compile-sha-95456
BUILD-0973,compile,MISS,claims-ingestion-pipeline-compile-sha-59740
BUILD-0973,package_build,MISS,claims-ingestion-pipeline-package_build-sha-26956
BUILD-0973,security_scan,MISS,claims-ingestion-pipeline-security_scan-sha-25107
BUILD-0973,dependency_install,MISS,claims-ingestion-pipeline-dependency_install-sha-25216
BUILD-0974,security_scan,HIT,fraud-detection-service-security_scan-sha-27730
BUILD-0974,compile,HIT,fraud-detection-service-compile-sha-56400
BUILD-0974,package_build,HIT,fraud-detection-service-package_build-sha-26660
BUILD-0974,dependency_install,HIT,fraud-detection-service-dependency_install-sha-16575
BUILD-0975,compile,HIT,customer-portal-compile-sha-49119
BUILD-0975,security_scan,HIT,customer-portal-security_scan-sha-81864
BUILD-0975,package_build,MISS,customer-portal-package_build-sha-17173
BUILD-0975,dependency_install,HIT,customer-portal-dependency_install-sha-79914
BUILD-0976,compile,HIT,cargo-manifest-service-compile-sha-29783
BUILD-0976,dependency_install,MISS,cargo-manifest-service-dependency_install-sha-01140
BUILD-0976,security_scan,HIT,cargo-manifest-service-security_scan-sha-67186
BUILD-0976,package_build,MISS,cargo-manifest-service-package_build-sha-79311
BUILD-0977,compile,HIT,claims-ingestion-pipeline-compile-sha-21215
BUILD-0977,package_build,HIT,claims-ingestion-pipeline-package_build-sha-41522
BUILD-0977,security_scan,HIT,claims-ingestion-pipeline-security_scan-sha-60230
BUILD-0977,dependency_install,HIT,claims-ingestion-pipeline-dependency_install-sha-26215
BUILD-0978,security_scan,HIT,cargo-manifest-service-security_scan-sha-00010
BUILD-0978,package_build,MISS,cargo-manifest-service-package_build-sha-59763
BUILD-0978,dependency_install,HIT,cargo-manifest-service-dependency_install-sha-20774
BUILD-0979,security_scan,HIT,claims-ingestion-pipeline-security_scan-sha-36982
BUILD-0979,package_build,HIT,claims-ingestion-pipeline-package_build-sha-43464
BUILD-0979,compile,HIT,claims-ingestion-pipeline-compile-sha-26188
BUILD-0979,dependency_install,HIT,claims-ingestion-pipeline-dependency_install-sha-75157
BUILD-0980,dependency_install,HIT,flight-telemetry-ingest-dependency_install-sha-25290
BUILD-0980,package_build,HIT,flight-telemetry-ingest-package_build-sha-31932
BUILD-0980,security_scan,MISS,flight-telemetry-ingest-security_scan-sha-39255
BUILD-0981,dependency_install,MISS,cargo-manifest-service-dependency_install-sha-87217
BUILD-0981,compile,HIT,cargo-manifest-service-compile-sha-25450
BUILD-0981,package_build,MISS,cargo-manifest-service-package_build-sha-20511
BUILD-0981,security_scan,MISS,cargo-manifest-service-security_scan-sha-37718
BUILD-0982,package_build,HIT,hipaa-compliance-scan-package_build-sha-17925
BUILD-0982,security_scan,HIT,hipaa-compliance-scan-security_scan-sha-70377
BUILD-0982,dependency_install,HIT,hipaa-compliance-scan-dependency_install-sha-04168
BUILD-0982,compile,HIT,hipaa-compliance-scan-compile-sha-50941
BUILD-0983,package_build,HIT,claims-ingestion-pipeline-package_build-sha-30410
BUILD-0983,security_scan,MISS,claims-ingestion-pipeline-security_scan-sha-93102
BUILD-0983,dependency_install,HIT,claims-ingestion-pipeline-dependency_install-sha-70477
BUILD-0983,compile,HIT,claims-ingestion-pipeline-compile-sha-50497
BUILD-0984,security_scan,HIT,cargo-manifest-service-security_scan-sha-28975
BUILD-0984,package_build,HIT,cargo-manifest-service-package_build-sha-69194
BUILD-0984,dependency_install,MISS,cargo-manifest-service-dependency_install-sha-37589
BUILD-0985,compile,HIT,cargo-manifest-service-compile-sha-24230
BUILD-0985,package_build,HIT,cargo-manifest-service-package_build-sha-80418
BUILD-0986,compile,HIT,safety-audit-service-compile-sha-05077
BUILD-0986,dependency_install,HIT,safety-audit-service-dependency_install-sha-20882
BUILD-0986,security_scan,MISS,safety-audit-service-security_scan-sha-98652
BUILD-0987,compile,HIT,mobile-banking-api-compile-sha-38572
BUILD-0987,package_build,MISS,mobile-banking-api-package_build-sha-55243
BUILD-0987,security_scan,MISS,mobile-banking-api-security_scan-sha-46738
BUILD-0988,dependency_install,MISS,claims-ingestion-pipeline-dependency_install-sha-31639
BUILD-0988,compile,MISS,claims-ingestion-pipeline-compile-sha-26964
BUILD-0988,security_scan,MISS,claims-ingestion-pipeline-security_scan-sha-44153
BUILD-0988,package_build,HIT,claims-ingestion-pipeline-package_build-sha-65359
BUILD-0989,dependency_install,HIT,claims-ingestion-pipeline-dependency_install-sha-44705
BUILD-0989,security_scan,HIT,claims-ingestion-pipeline-security_scan-sha-36893
BUILD-0989,compile,HIT,claims-ingestion-pipeline-compile-sha-66300
BUILD-0989,package_build,HIT,claims-ingestion-pipeline-package_build-sha-63688
BUILD-0990,dependency_install,MISS,safety-audit-service-dependency_install-sha-38764
BUILD-0990,package_build,HIT,safety-audit-service-package_build-sha-03583
BUILD-0990,compile,HIT,safety-audit-service-compile-sha-28998
BUILD-0991,compile,MISS,hipaa-compliance-scan-compile-sha-51253
BUILD-0991,dependency_install,MISS,hipaa-compliance-scan-dependency_install-sha-48919
BUILD-0991,package_build,MISS,hipaa-compliance-scan-package_build-sha-67501
BUILD-0991,security_scan,MISS,hipaa-compliance-scan-security_scan-sha-99727
BUILD-0992,security_scan,HIT,flight-telemetry-ingest-security_scan-sha-53934
BUILD-0992,dependency_install,HIT,flight-telemetry-ingest-dependency_install-sha-97121
BUILD-0992,compile,HIT,flight-telemetry-ingest-compile-sha-22516
BUILD-0993,security_scan,MISS,provider-directory-security_scan-sha-74143
BUILD-0993,package_build,HIT,provider-directory-package_build-sha-44413
BUILD-0993,compile,MISS,provider-directory-compile-sha-12810
BUILD-0993,dependency_install,MISS,provider-directory-dependency_install-sha-78346
BUILD-0994,compile,HIT,ehr-bridge-compile-sha-69932
BUILD-0994,package_build,HIT,ehr-bridge-package_build-sha-98014
BUILD-0994,security_scan,HIT,ehr-bridge-security_scan-sha-19493
BUILD-0995,compile,HIT,provider-directory-compile-sha-36654
BUILD-0995,security_scan,HIT,provider-directory-security_scan-sha-35572
BUILD-0995,package_build,HIT,provider-directory-package_build-sha-24761
BUILD-0996,package_build,HIT,cargo-manifest-service-package_build-sha-32362
BUILD-0996,dependency_install,HIT,cargo-manifest-service-dependency_install-sha-55466
BUILD-0996,compile,MISS,cargo-manifest-service-compile-sha-45975
BUILD-0997,compile,HIT,safety-audit-service-compile-sha-49780
BUILD-0997,package_build,MISS,safety-audit-service-package_build-sha-22661
BUILD-0997,security_scan,MISS,safety-audit-service-security_scan-sha-69879
BUILD-0997,dependency_install,MISS,safety-audit-service-dependency_install-sha-41493
BUILD-0998,dependency_install,HIT,flight-telemetry-ingest-dependency_install-sha-13525
BUILD-0998,compile,MISS,flight-telemetry-ingest-compile-sha-52211
BUILD-0998,security_scan,MISS,flight-telemetry-ingest-security_scan-sha-87619
BUILD-0998,package_build,MISS,flight-telemetry-ingest-package_build-sha-38432
BUILD-0999,security_scan,HIT,claims-ingestion-pipeline-security_scan-sha-55929
BUILD-0999,dependency_install,MISS,claims-ingestion-pipeline-dependency_install-sha-95247
BUILD-0999,package_build,HIT,claims-ingestion-pipeline-package_build-sha-82208
BUILD-1000,dependency_install,HIT,ehr-bridge-dependency_install-sha-37186
BUILD-1000,compile,HIT,ehr-bridge-compile-sha-33613
BUILD-1000,package_build,HIT,ehr-bridge-package_build-sha-81947
BUILD-1000,security_scan,HIT,ehr-bridge-security_scan-sha-21213
BUILD-1001,dependency_install,HIT,payment-clearing-engine-dependency_install-sha-30030
BUILD-1001,compile,HIT,payment-clearing-engine-compile-sha-47886
BUILD-1001,security_scan,HIT,payment-clearing-engine-security_scan-sha-04866
BUILD-1001,package_build,HIT,payment-clearing-engine-package_build-sha-07677
BUILD-1002,security_scan,MISS,claims-ingestion-pipeline-security_scan-sha-55579
BUILD-1002,compile,MISS,claims-ingestion-pipeline-compile-sha-15869
BUILD-1002,dependency_install,MISS,claims-ingestion-pipeline-dependency_install-sha-96147
BUILD-1003,dependency_install,HIT,customer-portal-dependency_install-sha-19290
BUILD-1003,security_scan,HIT,customer-portal-security_scan-sha-31777
BUILD-1004,dependency_install,HIT,hipaa-compliance-scan-dependency_install-sha-92673
BUILD-1004,security_scan,HIT,hipaa-compliance-scan-security_scan-sha-98895
BUILD-1004,compile,HIT,hipaa-compliance-scan-compile-sha-00908
BUILD-1004,package_build,MISS,hipaa-compliance-scan-package_build-sha-96580
BUILD-1005,compile,HIT,fraud-detection-service-compile-sha-34572
BUILD-1005,dependency_install,HIT,fraud-detection-service-dependency_install-sha-92632
BUILD-1005,security_scan,HIT,fraud-detection-service-security_scan-sha-37267
BUILD-1006,security_scan,HIT,payment-clearing-engine-security_scan-sha-62094
BUILD-1006,package_build,HIT,payment-clearing-engine-package_build-sha-51656
BUILD-1006,dependency_install,MISS,payment-clearing-engine-dependency_install-sha-07837
BUILD-1007,package_build,MISS,mobile-banking-api-package_build-sha-93842
BUILD-1007,security_scan,HIT,mobile-banking-api-security_scan-sha-90773
BUILD-1007,dependency_install,HIT,mobile-banking-api-dependency_install-sha-58547
BUILD-1008,compile,HIT,hipaa-compliance-scan-compile-sha-40114
BUILD-1008,package_build,HIT,hipaa-compliance-scan-package_build-sha-66511
BUILD-1008,security_scan,HIT,hipaa-compliance-scan-security_scan-sha-32670
BUILD-1009,compile,MISS,fraud-detection-service-compile-sha-66013
BUILD-1009,security_scan,HIT,fraud-detection-service-security_scan-sha-64152
BUILD-1009,dependency_install,HIT,fraud-detection-service-dependency_install-sha-06547
BUILD-1009,package_build,HIT,fraud-detection-service-package_build-sha-40745
BUILD-1010,compile,HIT,ehr-bridge-compile-sha-05571
BUILD-1010,package_build,HIT,ehr-bridge-package_build-sha-33887
BUILD-1010,dependency_install,HIT,ehr-bridge-dependency_install-sha-81278
BUILD-1011,security_scan,HIT,hipaa-compliance-scan-security_scan-sha-03196
BUILD-1011,compile,MISS,hipaa-compliance-scan-compile-sha-75062
BUILD-1011,dependency_install,HIT,hipaa-compliance-scan-dependency_install-sha-03935
BUILD-1011,package_build,HIT,hipaa-compliance-scan-package_build-sha-35212
BUILD-1012,compile,HIT,hipaa-compliance-scan-compile-sha-36044
BUILD-1012,dependency_install,MISS,hipaa-compliance-scan-dependency_install-sha-69771
BUILD-1012,security_scan,HIT,hipaa-compliance-scan-security_scan-sha-25364
BUILD-1012,package_build,MISS,hipaa-compliance-scan-package_build-sha-58206
BUILD-1013,compile,HIT,hipaa-compliance-scan-compile-sha-08401
BUILD-1013,package_build,HIT,hipaa-compliance-scan-package_build-sha-95501
BUILD-1013,security_scan,MISS,hipaa-compliance-scan-security_scan-sha-65806
BUILD-1013,dependency_install,MISS,hipaa-compliance-scan-dependency_install-sha-61517
BUILD-1014,dependency_install,HIT,payment-clearing-engine-dependency_install-sha-67326
BUILD-1014,compile,HIT,payment-clearing-engine-compile-sha-96860
BUILD-1015,compile,HIT,safety-audit-service-compile-sha-20437
BUILD-1015,security_scan,HIT,safety-audit-service-security_scan-sha-64155
BUILD-1015,package_build,HIT,safety-audit-service-package_build-sha-18556
BUILD-1016,compile,MISS,payment-clearing-engine-compile-sha-61610
BUILD-1016,dependency_install,HIT,payment-clearing-engine-dependency_install-sha-57833
BUILD-1016,security_scan,HIT,payment-clearing-engine-security_scan-sha-12559
BUILD-1016,package_build,HIT,payment-clearing-engine-package_build-sha-29994
BUILD-1017,compile,HIT,cargo-manifest-service-compile-sha-26107
BUILD-1017,dependency_install,HIT,cargo-manifest-service-dependency_install-sha-92506
BUILD-1017,package_build,HIT,cargo-manifest-service-package_build-sha-90645
BUILD-1017,security_scan,MISS,cargo-manifest-service-security_scan-sha-62055
BUILD-1018,compile,HIT,fraud-detection-service-compile-sha-74015
BUILD-1018,dependency_install,HIT,fraud-detection-service-dependency_install-sha-43868
BUILD-1018,security_scan,HIT,fraud-detection-service-security_scan-sha-13516
BUILD-1019,package_build,HIT,mobile-banking-api-package_build-sha-53808
BUILD-1019,security_scan,MISS,mobile-banking-api-security_scan-sha-81159
BUILD-1019,dependency_install,HIT,mobile-banking-api-dependency_install-sha-61167
BUILD-1019,compile,MISS,mobile-banking-api-compile-sha-74373
BUILD-1020,dependency_install,MISS,mobile-banking-api-dependency_install-sha-45280
BUILD-1020,security_scan,HIT,mobile-banking-api-security_scan-sha-71144
BUILD-1020,compile,HIT,mobile-banking-api-compile-sha-68060
BUILD-1020,package_build,HIT,mobile-banking-api-package_build-sha-13276
BUILD-1021,dependency_install,HIT,provider-directory-dependency_install-sha-26848
BUILD-1021,package_build,HIT,provider-directory-package_build-sha-29864
BUILD-1021,compile,HIT,provider-directory-compile-sha-87495
BUILD-1021,security_scan,HIT,provider-directory-security_scan-sha-14152
BUILD-1022,dependency_install,HIT,mobile-banking-api-dependency_install-sha-55041
BUILD-1022,security_scan,MISS,mobile-banking-api-security_scan-sha-62134
BUILD-1022,package_build,HIT,mobile-banking-api-package_build-sha-18436
BUILD-1023,dependency_install,HIT,fraud-detection-service-dependency_install-sha-47974
BUILD-1023,package_build,MISS,fraud-detection-service-package_build-sha-23181
BUILD-1023,security_scan,HIT,fraud-detection-service-security_scan-sha-03928
BUILD-1023,compile,MISS,fraud-detection-service-compile-sha-57311
BUILD-1024,package_build,HIT,customer-portal-package_build-sha-38274
BUILD-1024,dependency_install,HIT,customer-portal-dependency_install-sha-67366
BUILD-1024,security_scan,MISS,customer-portal-security_scan-sha-69998
BUILD-1024,compile,HIT,customer-portal-compile-sha-22693
BUILD-1025,compile,HIT,claims-ingestion-pipeline-compile-sha-58287
BUILD-1025,dependency_install,HIT,claims-ingestion-pipeline-dependency_install-sha-10487
BUILD-1025,security_scan,HIT,claims-ingestion-pipeline-security_scan-sha-30615
BUILD-1026,package_build,HIT,ehr-bridge-package_build-sha-21136
BUILD-1026,compile,HIT,ehr-bridge-compile-sha-96655
BUILD-1026,dependency_install,MISS,ehr-bridge-dependency_install-sha-59240
BUILD-1026,security_scan,HIT,ehr-bridge-security_scan-sha-61669
BUILD-1027,package_build,HIT,flight-telemetry-ingest-package_build-sha-78879
BUILD-1027,dependency_install,HIT,flight-telemetry-ingest-dependency_install-sha-58994
BUILD-1027,security_scan,HIT,flight-telemetry-ingest-security_scan-sha-74012
BUILD-1028,dependency_install,MISS,ehr-bridge-dependency_install-sha-20666
BUILD-1028,package_build,MISS,ehr-bridge-package_build-sha-67857
BUILD-1028,security_scan,MISS,ehr-bridge-security_scan-sha-57129
BUILD-1029,dependency_install,HIT,mobile-banking-api-dependency_install-sha-76226
BUILD-1029,package_build,HIT,mobile-banking-api-package_build-sha-92166
BUILD-1029,security_scan,HIT,mobile-banking-api-security_scan-sha-82818
BUILD-1029,compile,MISS,mobile-banking-api-compile-sha-88818
BUILD-1030,security_scan,HIT,provider-directory-security_scan-sha-62272
BUILD-1030,dependency_install,MISS,provider-directory-dependency_install-sha-07092
BUILD-1030,package_build,MISS,provider-directory-package_build-sha-97941
BUILD-1031,package_build,HIT,cargo-manifest-service-package_build-sha-59978
BUILD-1031,compile,HIT,cargo-manifest-service-compile-sha-50944
BUILD-1031,dependency_install,HIT,cargo-manifest-service-dependency_install-sha-97461
BUILD-1031,security_scan,HIT,cargo-manifest-service-security_scan-sha-15491
BUILD-1032,dependency_install,HIT,customer-portal-dependency_install-sha-08176
BUILD-1032,security_scan,HIT,customer-portal-security_scan-sha-67297
BUILD-1032,package_build,MISS,customer-portal-package_build-sha-59772
BUILD-1033,dependency_install,HIT,provider-directory-dependency_install-sha-45859
BUILD-1033,compile,HIT,provider-directory-compile-sha-54025
BUILD-1033,package_build,HIT,provider-directory-package_build-sha-23244
BUILD-1033,security_scan,HIT,provider-directory-security_scan-sha-22092
BUILD-1034,dependency_install,HIT,mobile-banking-api-dependency_install-sha-49710
BUILD-1034,compile,HIT,mobile-banking-api-compile-sha-52107
BUILD-1034,security_scan,HIT,mobile-banking-api-security_scan-sha-49952
BUILD-1035,package_build,HIT,fraud-detection-service-package_build-sha-06673
BUILD-1035,dependency_install,HIT,fraud-detection-service-dependency_install-sha-38485
BUILD-1035,security_scan,HIT,fraud-detection-service-security_scan-sha-41327
BUILD-1035,compile,HIT,fraud-detection-service-compile-sha-70516
BUILD-1036,compile,MISS,ehr-bridge-compile-sha-39475
BUILD-1036,package_build,MISS,ehr-bridge-package_build-sha-29033
BUILD-1036,security_scan,MISS,ehr-bridge-security_scan-sha-94865
BUILD-1037,security_scan,HIT,flight-telemetry-ingest-security_scan-sha-57739
BUILD-1037,dependency_install,HIT,flight-telemetry-ingest-dependency_install-sha-74268
BUILD-1038,security_scan,HIT,payment-clearing-engine-security_scan-sha-98119
BUILD-1038,package_build,HIT,payment-clearing-engine-package_build-sha-12920
BUILD-1038,compile,HIT,payment-clearing-engine-compile-sha-29966
BUILD-1039,compile,HIT,hipaa-compliance-scan-compile-sha-65686
BUILD-1039,dependency_install,HIT,hipaa-compliance-scan-dependency_install-sha-29581
BUILD-1039,package_build,HIT,hipaa-compliance-scan-package_build-sha-83677
BUILD-1040,security_scan,HIT,safety-audit-service-security_scan-sha-67034
BUILD-1040,dependency_install,HIT,safety-audit-service-dependency_install-sha-17748
BUILD-1040,package_build,HIT,safety-audit-service-package_build-sha-48803
BUILD-1041,package_build,MISS,hipaa-compliance-scan-package_build-sha-23178
BUILD-1041,security_scan,MISS,hipaa-compliance-scan-security_scan-sha-67119
BUILD-1041,dependency_install,MISS,hipaa-compliance-scan-dependency_install-sha-94344
BUILD-1041,compile,MISS,hipaa-compliance-scan-compile-sha-58516
BUILD-1042,package_build,MISS,claims-ingestion-pipeline-package_build-sha-44384
BUILD-1042,dependency_install,MISS,claims-ingestion-pipeline-dependency_install-sha-60869
BUILD-1042,compile,MISS,claims-ingestion-pipeline-compile-sha-93546
BUILD-1042,security_scan,HIT,claims-ingestion-pipeline-security_scan-sha-48829
BUILD-1043,package_build,HIT,mobile-banking-api-package_build-sha-65581
BUILD-1043,security_scan,HIT,mobile-banking-api-security_scan-sha-20978
BUILD-1043,dependency_install,HIT,mobile-banking-api-dependency_install-sha-18704
BUILD-1044,dependency_install,HIT,ehr-bridge-dependency_install-sha-68956
BUILD-1044,package_build,MISS,ehr-bridge-package_build-sha-98824
BUILD-1044,compile,MISS,ehr-bridge-compile-sha-57632
BUILD-1044,security_scan,MISS,ehr-bridge-security_scan-sha-68152
BUILD-1045,package_build,HIT,mobile-banking-api-package_build-sha-72129
BUILD-1045,dependency_install,HIT,mobile-banking-api-dependency_install-sha-21952
BUILD-1045,security_scan,MISS,mobile-banking-api-security_scan-sha-16889
BUILD-1045,compile,HIT,mobile-banking-api-compile-sha-17385
BUILD-1046,package_build,MISS,safety-audit-service-package_build-sha-12277
BUILD-1046,compile,MISS,safety-audit-service-compile-sha-38002
BUILD-1046,security_scan,MISS,safety-audit-service-security_scan-sha-60842
BUILD-1047,security_scan,HIT,customer-portal-security_scan-sha-76888
BUILD-1047,dependency_install,MISS,customer-portal-dependency_install-sha-25271
BUILD-1048,compile,HIT,fraud-detection-service-compile-sha-79949
BUILD-1048,package_build,HIT,fraud-detection-service-package_build-sha-78880
BUILD-1048,security_scan,HIT,fraud-detection-service-security_scan-sha-75341
BUILD-1048,dependency_install,MISS,fraud-detection-service-dependency_install-sha-62642
BUILD-1049,package_build,MISS,customer-portal-package_build-sha-52347
BUILD-1049,security_scan,MISS,customer-portal-security_scan-sha-08935
BUILD-1049,compile,MISS,customer-portal-compile-sha-46215
BUILD-1049,dependency_install,MISS,customer-portal-dependency_install-sha-46438
BUILD-1050,dependency_install,HIT,cargo-manifest-service-dependency_install-sha-69266
BUILD-1050,compile,MISS,cargo-manifest-service-compile-sha-84769
BUILD-1050,package_build,MISS,cargo-manifest-service-package_build-sha-72393
BUILD-1050,security_scan,MISS,cargo-manifest-service-security_scan-sha-44177
BUILD-1051,security_scan,HIT,flight-telemetry-ingest-security_scan-sha-17295
BUILD-1051,package_build,HIT,flight-telemetry-ingest-package_build-sha-30769
BUILD-1051,compile,HIT,flight-telemetry-ingest-compile-sha-88153
BUILD-1051,dependency_install,MISS,flight-telemetry-ingest-dependency_install-sha-54685
BUILD-1052,security_scan,HIT,cargo-manifest-service-security_scan-sha-32951
BUILD-1052,dependency_install,HIT,cargo-manifest-service-dependency_install-sha-96558
BUILD-1052,package_build,HIT,cargo-manifest-service-package_build-sha-12092
BUILD-1053,dependency_install,MISS,payment-clearing-engine-dependency_install-sha-68857
BUILD-1053,compile,MISS,payment-clearing-engine-compile-sha-05999
BUILD-1053,security_scan,MISS,payment-clearing-engine-security_scan-sha-77323
BUILD-1053,package_build,MISS,payment-clearing-engine-package_build-sha-22861
BUILD-1054,compile,MISS,ehr-bridge-compile-sha-08763
BUILD-1054,package_build,HIT,ehr-bridge-package_build-sha-26954
BUILD-1054,dependency_install,HIT,ehr-bridge-dependency_install-sha-74995
BUILD-1054,security_scan,HIT,ehr-bridge-security_scan-sha-84602
BUILD-1055,security_scan,HIT,mobile-banking-api-security_scan-sha-52063
BUILD-1055,dependency_install,MISS,mobile-banking-api-dependency_install-sha-14759
BUILD-1055,package_build,MISS,mobile-banking-api-package_build-sha-85166
BUILD-1055,compile,MISS,mobile-banking-api-compile-sha-84073
BUILD-1056,dependency_install,HIT,cargo-manifest-service-dependency_install-sha-69785
BUILD-1056,security_scan,MISS,cargo-manifest-service-security_scan-sha-09225
BUILD-1056,compile,MISS,cargo-manifest-service-compile-sha-38240
BUILD-1057,compile,HIT,flight-telemetry-ingest-compile-sha-62770
BUILD-1057,security_scan,MISS,flight-telemetry-ingest-security_scan-sha-83064
BUILD-1057,package_build,MISS,flight-telemetry-ingest-package_build-sha-11167
BUILD-1057,dependency_install,HIT,flight-telemetry-ingest-dependency_install-sha-70928
BUILD-1058,compile,MISS,ehr-bridge-compile-sha-24289
BUILD-1058,package_build,MISS,ehr-bridge-package_build-sha-04783
BUILD-1058,dependency_install,HIT,ehr-bridge-dependency_install-sha-34508
BUILD-1059,package_build,MISS,ehr-bridge-package_build-sha-26536
BUILD-1059,dependency_install,MISS,ehr-bridge-dependency_install-sha-98490
BUILD-1059,compile,HIT,ehr-bridge-compile-sha-30014
BUILD-1059,security_scan,HIT,ehr-bridge-security_scan-sha-51308
BUILD-1060,security_scan,HIT,ehr-bridge-security_scan-sha-88558
BUILD-1060,dependency_install,HIT,ehr-bridge-dependency_install-sha-70085
BUILD-1060,compile,HIT,ehr-bridge-compile-sha-26599
BUILD-1061,dependency_install,HIT,ehr-bridge-dependency_install-sha-41743
BUILD-1061,compile,HIT,ehr-bridge-compile-sha-26497
BUILD-1061,security_scan,HIT,ehr-bridge-security_scan-sha-13158
BUILD-1061,package_build,MISS,ehr-bridge-package_build-sha-11271
BUILD-1062,security_scan,HIT,flight-telemetry-ingest-security_scan-sha-22851
BUILD-1062,dependency_install,HIT,flight-telemetry-ingest-dependency_install-sha-71851
BUILD-1062,package_build,HIT,flight-telemetry-ingest-package_build-sha-87210
BUILD-1062,compile,HIT,flight-telemetry-ingest-compile-sha-69589
BUILD-1063,dependency_install,MISS,cargo-manifest-service-dependency_install-sha-29618
BUILD-1063,security_scan,MISS,cargo-manifest-service-security_scan-sha-05424
BUILD-1063,compile,MISS,cargo-manifest-service-compile-sha-29842
BUILD-1063,package_build,MISS,cargo-manifest-service-package_build-sha-66633
BUILD-1064,package_build,MISS,mobile-banking-api-package_build-sha-57169
BUILD-1064,dependency_install,HIT,mobile-banking-api-dependency_install-sha-98271
BUILD-1064,security_scan,MISS,mobile-banking-api-security_scan-sha-63246
BUILD-1065,security_scan,HIT,fraud-detection-service-security_scan-sha-79462
BUILD-1065,compile,MISS,fraud-detection-service-compile-sha-54565
BUILD-1065,dependency_install,HIT,fraud-detection-service-dependency_install-sha-90674
BUILD-1065,package_build,HIT,fraud-detection-service-package_build-sha-09121
BUILD-1066,security_scan,MISS,ehr-bridge-security_scan-sha-46304
BUILD-1066,dependency_install,MISS,ehr-bridge-dependency_install-sha-89320
BUILD-1066,package_build,MISS,ehr-bridge-package_build-sha-06679
BUILD-1066,compile,MISS,ehr-bridge-compile-sha-87869
BUILD-1067,security_scan,HIT,ehr-bridge-security_scan-sha-56071
BUILD-1067,compile,HIT,ehr-bridge-compile-sha-17757
BUILD-1068,dependency_install,MISS,claims-ingestion-pipeline-dependency_install-sha-66569
BUILD-1068,compile,MISS,claims-ingestion-pipeline-compile-sha-49647
BUILD-1068,security_scan,HIT,claims-ingestion-pipeline-security_scan-sha-51299
BUILD-1068,package_build,MISS,claims-ingestion-pipeline-package_build-sha-90614
BUILD-1069,package_build,HIT,customer-portal-package_build-sha-15972
BUILD-1069,compile,HIT,customer-portal-compile-sha-27964
BUILD-1069,dependency_install,HIT,customer-portal-dependency_install-sha-52784
BUILD-1070,security_scan,MISS,ehr-bridge-security_scan-sha-94506
BUILD-1070,package_build,MISS,ehr-bridge-package_build-sha-51434
BUILD-1070,dependency_install,HIT,ehr-bridge-dependency_install-sha-89916
BUILD-1071,security_scan,MISS,payment-clearing-engine-security_scan-sha-70449
BUILD-1071,package_build,MISS,payment-clearing-engine-package_build-sha-10454
BUILD-1071,compile,MISS,payment-clearing-engine-compile-sha-87338
BUILD-1072,package_build,HIT,ehr-bridge-package_build-sha-94525
BUILD-1072,dependency_install,MISS,ehr-bridge-dependency_install-sha-05893
BUILD-1072,compile,MISS,ehr-bridge-compile-sha-93640
BUILD-1073,security_scan,HIT,flight-telemetry-ingest-security_scan-sha-09096
BUILD-1073,dependency_install,MISS,flight-telemetry-ingest-dependency_install-sha-63149
BUILD-1073,package_build,HIT,flight-telemetry-ingest-package_build-sha-25925
BUILD-1073,compile,HIT,flight-telemetry-ingest-compile-sha-32568
BUILD-1074,compile,MISS,fraud-detection-service-compile-sha-67313
BUILD-1074,package_build,HIT,fraud-detection-service-package_build-sha-10448
BUILD-1074,dependency_install,HIT,fraud-detection-service-dependency_install-sha-84591
BUILD-1074,security_scan,MISS,fraud-detection-service-security_scan-sha-35987
BUILD-1075,package_build,MISS,fraud-detection-service-package_build-sha-68754
BUILD-1075,compile,HIT,fraud-detection-service-compile-sha-34939
BUILD-1075,security_scan,HIT,fraud-detection-service-security_scan-sha-44254
BUILD-1076,package_build,HIT,provider-directory-package_build-sha-46995
BUILD-1076,security_scan,HIT,provider-directory-security_scan-sha-95425
BUILD-1077,security_scan,HIT,fraud-detection-service-security_scan-sha-26899
BUILD-1077,compile,MISS,fraud-detection-service-compile-sha-75070
BUILD-1077,dependency_install,MISS,fraud-detection-service-dependency_install-sha-76876
BUILD-1077,package_build,MISS,fraud-detection-service-package_build-sha-69678
BUILD-1078,security_scan,MISS,ehr-bridge-security_scan-sha-33880
BUILD-1078,dependency_install,HIT,ehr-bridge-dependency_install-sha-52728
BUILD-1078,package_build,HIT,ehr-bridge-package_build-sha-09443
BUILD-1078,compile,HIT,ehr-bridge-compile-sha-84435
BUILD-1079,security_scan,HIT,claims-ingestion-pipeline-security_scan-sha-47253
BUILD-1079,package_build,HIT,claims-ingestion-pipeline-package_build-sha-86490
BUILD-1079,compile,HIT,claims-ingestion-pipeline-compile-sha-40470
BUILD-1080,compile,HIT,safety-audit-service-compile-sha-78043
BUILD-1080,security_scan,HIT,safety-audit-service-security_scan-sha-64232
BUILD-1080,dependency_install,HIT,safety-audit-service-dependency_install-sha-28587
BUILD-1081,compile,HIT,hipaa-compliance-scan-compile-sha-39724
BUILD-1081,dependency_install,HIT,hipaa-compliance-scan-dependency_install-sha-42931
BUILD-1081,package_build,HIT,hipaa-compliance-scan-package_build-sha-05108
BUILD-1082,dependency_install,HIT,flight-telemetry-ingest-dependency_install-sha-95310
BUILD-1082,package_build,HIT,flight-telemetry-ingest-package_build-sha-68879
BUILD-1082,security_scan,HIT,flight-telemetry-ingest-security_scan-sha-21308
BUILD-1083,security_scan,HIT,flight-telemetry-ingest-security_scan-sha-39773
BUILD-1083,dependency_install,HIT,flight-telemetry-ingest-dependency_install-sha-23438
BUILD-1083,compile,HIT,flight-telemetry-ingest-compile-sha-68261
BUILD-1084,security_scan,HIT,cargo-manifest-service-security_scan-sha-81669
BUILD-1084,compile,MISS,cargo-manifest-service-compile-sha-78415
BUILD-1084,dependency_install,HIT,cargo-manifest-service-dependency_install-sha-53405
BUILD-1085,security_scan,HIT,safety-audit-service-security_scan-sha-48112
BUILD-1085,compile,MISS,safety-audit-service-compile-sha-93254
BUILD-1085,package_build,HIT,safety-audit-service-package_build-sha-69219
BUILD-1085,dependency_install,MISS,safety-audit-service-dependency_install-sha-51717
BUILD-1086,package_build,MISS,cargo-manifest-service-package_build-sha-60498
BUILD-1086,security_scan,HIT,cargo-manifest-service-security_scan-sha-09988
BUILD-1086,dependency_install,HIT,cargo-manifest-service-dependency_install-sha-92523
BUILD-1087,package_build,MISS,hipaa-compliance-scan-package_build-sha-76178
BUILD-1087,compile,HIT,hipaa-compliance-scan-compile-sha-80362
BUILD-1087,dependency_install,MISS,hipaa-compliance-scan-dependency_install-sha-68228
BUILD-1088,dependency_install,HIT,customer-portal-dependency_install-sha-73885
BUILD-1088,compile,HIT,customer-portal-compile-sha-91344
BUILD-1088,security_scan,HIT,customer-portal-security_scan-sha-16592
BUILD-1089,security_scan,HIT,claims-ingestion-pipeline-security_scan-sha-32113
BUILD-1089,dependency_install,HIT,claims-ingestion-pipeline-dependency_install-sha-34532
BUILD-1089,package_build,HIT,claims-ingestion-pipeline-package_build-sha-66273
BUILD-1089,compile,HIT,claims-ingestion-pipeline-compile-sha-29785
BUILD-1090,package_build,HIT,customer-portal-package_build-sha-30217
BUILD-1090,compile,HIT,customer-portal-compile-sha-79596
BUILD-1090,dependency_install,HIT,customer-portal-dependency_install-sha-87528
BUILD-1091,dependency_install,MISS,cargo-manifest-service-dependency_install-sha-20599
BUILD-1091,compile,HIT,cargo-manifest-service-compile-sha-25077
BUILD-1091,package_build,MISS,cargo-manifest-service-package_build-sha-74334
BUILD-1091,security_scan,HIT,cargo-manifest-service-security_scan-sha-41268
BUILD-1092,security_scan,HIT,claims-ingestion-pipeline-security_scan-sha-67513
BUILD-1092,compile,MISS,claims-ingestion-pipeline-compile-sha-49918
BUILD-1092,package_build,MISS,claims-ingestion-pipeline-package_build-sha-83247
BUILD-1092,dependency_install,HIT,claims-ingestion-pipeline-dependency_install-sha-40118
BUILD-1093,compile,MISS,payment-clearing-engine-compile-sha-28331
BUILD-1093,package_build,HIT,payment-clearing-engine-package_build-sha-72127
BUILD-1093,dependency_install,HIT,payment-clearing-engine-dependency_install-sha-04382
BUILD-1094,package_build,MISS,safety-audit-service-package_build-sha-12214
BUILD-1094,compile,MISS,safety-audit-service-compile-sha-56113
BUILD-1094,dependency_install,HIT,safety-audit-service-dependency_install-sha-59678
BUILD-1095,security_scan,HIT,mobile-banking-api-security_scan-sha-07242
BUILD-1095,compile,HIT,mobile-banking-api-compile-sha-59882
BUILD-1095,dependency_install,HIT,mobile-banking-api-dependency_install-sha-34148
BUILD-1095,package_build,HIT,mobile-banking-api-package_build-sha-50361
BUILD-1096,package_build,HIT,cargo-manifest-service-package_build-sha-82329
BUILD-1096,dependency_install,HIT,cargo-manifest-service-dependency_install-sha-31763
BUILD-1096,security_scan,HIT,cargo-manifest-service-security_scan-sha-08697
BUILD-1097,package_build,HIT,safety-audit-service-package_build-sha-50351
BUILD-1097,dependency_install,HIT,safety-audit-service-dependency_install-sha-56186
BUILD-1097,security_scan,HIT,safety-audit-service-security_scan-sha-59523
BUILD-1097,compile,HIT,safety-audit-service-compile-sha-99007
BUILD-1098,compile,MISS,provider-directory-compile-sha-80771
BUILD-1098,security_scan,HIT,provider-directory-security_scan-sha-86385
BUILD-1098,dependency_install,MISS,provider-directory-dependency_install-sha-58296
BUILD-1098,package_build,MISS,provider-directory-package_build-sha-68132
BUILD-1099,compile,MISS,fraud-detection-service-compile-sha-50995
BUILD-1099,dependency_install,HIT,fraud-detection-service-dependency_install-sha-32470
BUILD-1099,package_build,MISS,fraud-detection-service-package_build-sha-78884
BUILD-1099,security_scan,MISS,fraud-detection-service-security_scan-sha-56016
BUILD-1100,security_scan,HIT,provider-directory-security_scan-sha-26250
BUILD-1100,package_build,MISS,provider-directory-package_build-sha-99876
BUILD-1100,compile,MISS,provider-directory-compile-sha-63157
BUILD-1100,dependency_install,MISS,provider-directory-dependency_install-sha-36974
BUILD-1101,dependency_install,HIT,claims-ingestion-pipeline-dependency_install-sha-22392
BUILD-1101,compile,HIT,claims-ingestion-pipeline-compile-sha-79738
BUILD-1101,security_scan,HIT,claims-ingestion-pipeline-security_scan-sha-58484
BUILD-1101,package_build,HIT,claims-ingestion-pipeline-package_build-sha-66489
BUILD-1102,dependency_install,HIT,ehr-bridge-dependency_install-sha-11390
BUILD-1102,package_build,HIT,ehr-bridge-package_build-sha-01431
BUILD-1102,security_scan,HIT,ehr-bridge-security_scan-sha-07899
BUILD-1102,compile,MISS,ehr-bridge-compile-sha-03201
BUILD-1103,compile,MISS,mobile-banking-api-compile-sha-34380
BUILD-1103,security_scan,MISS,mobile-banking-api-security_scan-sha-05126
BUILD-1103,package_build,MISS,mobile-banking-api-package_build-sha-52621
BUILD-1103,dependency_install,MISS,mobile-banking-api-dependency_install-sha-23288
BUILD-1104,package_build,MISS,claims-ingestion-pipeline-package_build-sha-24367
BUILD-1104,dependency_install,MISS,claims-ingestion-pipeline-dependency_install-sha-99880
BUILD-1104,security_scan,MISS,claims-ingestion-pipeline-security_scan-sha-34446
BUILD-1105,compile,HIT,provider-directory-compile-sha-85152
BUILD-1105,dependency_install,MISS,provider-directory-dependency_install-sha-55741
BUILD-1105,package_build,MISS,provider-directory-package_build-sha-97492
BUILD-1105,security_scan,HIT,provider-directory-security_scan-sha-68772
BUILD-1106,security_scan,HIT,customer-portal-security_scan-sha-09872
BUILD-1106,dependency_install,HIT,customer-portal-dependency_install-sha-65268
BUILD-1106,compile,HIT,customer-portal-compile-sha-02736
BUILD-1106,package_build,HIT,customer-portal-package_build-sha-54987
BUILD-1107,compile,MISS,hipaa-compliance-scan-compile-sha-03672
BUILD-1107,package_build,MISS,hipaa-compliance-scan-package_build-sha-96040
BUILD-1107,security_scan,MISS,hipaa-compliance-scan-security_scan-sha-46966
BUILD-1108,security_scan,HIT,claims-ingestion-pipeline-security_scan-sha-32158
BUILD-1108,package_build,MISS,claims-ingestion-pipeline-package_build-sha-27379
BUILD-1109,dependency_install,HIT,mobile-banking-api-dependency_install-sha-42323
BUILD-1109,security_scan,MISS,mobile-banking-api-security_scan-sha-66866
BUILD-1109,compile,MISS,mobile-banking-api-compile-sha-18926
BUILD-1110,package_build,HIT,customer-portal-package_build-sha-44216
BUILD-1110,compile,MISS,customer-portal-compile-sha-06176
BUILD-1110,dependency_install,HIT,customer-portal-dependency_install-sha-35124
BUILD-1111,dependency_install,MISS,mobile-banking-api-dependency_install-sha-95046
BUILD-1111,security_scan,HIT,mobile-banking-api-security_scan-sha-29990
BUILD-1111,package_build,HIT,mobile-banking-api-package_build-sha-00704
BUILD-1112,dependency_install,HIT,customer-portal-dependency_install-sha-17345
BUILD-1112,compile,HIT,customer-portal-compile-sha-68617
BUILD-1112,security_scan,HIT,customer-portal-security_scan-sha-58421
BUILD-1112,package_build,HIT,customer-portal-package_build-sha-72356
BUILD-1113,compile,HIT,mobile-banking-api-compile-sha-00616
BUILD-1113,dependency_install,MISS,mobile-banking-api-dependency_install-sha-99553
BUILD-1113,security_scan,HIT,mobile-banking-api-security_scan-sha-19229
BUILD-1113,package_build,HIT,mobile-banking-api-package_build-sha-25615
BUILD-1114,compile,HIT,payment-clearing-engine-compile-sha-21750
BUILD-1114,package_build,HIT,payment-clearing-engine-package_build-sha-28946
BUILD-1114,dependency_install,HIT,payment-clearing-engine-dependency_install-sha-31412
BUILD-1115,compile,HIT,mobile-banking-api-compile-sha-20166
BUILD-1115,security_scan,HIT,mobile-banking-api-security_scan-sha-55224
BUILD-1115,package_build,MISS,mobile-banking-api-package_build-sha-88312
BUILD-1115,dependency_install,HIT,mobile-banking-api-dependency_install-sha-49220
BUILD-1116,dependency_install,HIT,customer-portal-dependency_install-sha-34973
BUILD-1116,package_build,MISS,customer-portal-package_build-sha-38399
BUILD-1116,compile,MISS,customer-portal-compile-sha-26815
BUILD-1117,package_build,HIT,ehr-bridge-package_build-sha-06970
BUILD-1117,compile,MISS,ehr-bridge-compile-sha-65651
BUILD-1117,dependency_install,HIT,ehr-bridge-dependency_install-sha-73464
BUILD-1118,package_build,HIT,cargo-manifest-service-package_build-sha-96659
BUILD-1118,dependency_install,MISS,cargo-manifest-service-dependency_install-sha-22967
BUILD-1118,security_scan,HIT,cargo-manifest-service-security_scan-sha-26914
BUILD-1118,compile,HIT,cargo-manifest-service-compile-sha-05958
BUILD-1119,dependency_install,MISS,mobile-banking-api-dependency_install-sha-35976
BUILD-1119,package_build,MISS,mobile-banking-api-package_build-sha-98426
BUILD-1119,security_scan,MISS,mobile-banking-api-security_scan-sha-30501
BUILD-1119,compile,MISS,mobile-banking-api-compile-sha-00237
BUILD-1120,compile,MISS,fraud-detection-service-compile-sha-19459
BUILD-1120,security_scan,HIT,fraud-detection-service-security_scan-sha-65857
BUILD-1120,dependency_install,HIT,fraud-detection-service-dependency_install-sha-51968
BUILD-1120,package_build,HIT,fraud-detection-service-package_build-sha-61661
BUILD-1121,package_build,HIT,customer-portal-package_build-sha-43792
BUILD-1121,security_scan,HIT,customer-portal-security_scan-sha-69355
BUILD-1121,compile,HIT,customer-portal-compile-sha-72352
BUILD-1122,compile,HIT,cargo-manifest-service-compile-sha-30582
BUILD-1122,package_build,HIT,cargo-manifest-service-package_build-sha-04247
BUILD-1122,security_scan,MISS,cargo-manifest-service-security_scan-sha-07944
BUILD-1122,dependency_install,HIT,cargo-manifest-service-dependency_install-sha-56358
BUILD-1123,security_scan,MISS,customer-portal-security_scan-sha-99199
BUILD-1123,compile,HIT,customer-portal-compile-sha-70357
BUILD-1123,package_build,HIT,customer-portal-package_build-sha-40271
BUILD-1124,package_build,MISS,cargo-manifest-service-package_build-sha-51098
BUILD-1124,dependency_install,HIT,cargo-manifest-service-dependency_install-sha-03667
BUILD-1124,security_scan,HIT,cargo-manifest-service-security_scan-sha-67551
BUILD-1124,compile,HIT,cargo-manifest-service-compile-sha-24077
BUILD-1125,package_build,MISS,payment-clearing-engine-package_build-sha-46154
BUILD-1125,dependency_install,HIT,payment-clearing-engine-dependency_install-sha-29458
BUILD-1125,compile,HIT,payment-clearing-engine-compile-sha-09054
BUILD-1125,security_scan,HIT,payment-clearing-engine-security_scan-sha-03843
BUILD-1126,package_build,HIT,hipaa-compliance-scan-package_build-sha-56567
BUILD-1126,dependency_install,MISS,hipaa-compliance-scan-dependency_install-sha-66919
BUILD-1126,security_scan,HIT,hipaa-compliance-scan-security_scan-sha-44660
BUILD-1126,compile,HIT,hipaa-compliance-scan-compile-sha-94564
BUILD-1127,dependency_install,MISS,claims-ingestion-pipeline-dependency_install-sha-96727
BUILD-1127,security_scan,HIT,claims-ingestion-pipeline-security_scan-sha-80611
BUILD-1128,security_scan,MISS,safety-audit-service-security_scan-sha-13774
BUILD-1128,package_build,MISS,safety-audit-service-package_build-sha-34218
BUILD-1128,dependency_install,MISS,safety-audit-service-dependency_install-sha-26261
BUILD-1128,compile,MISS,safety-audit-service-compile-sha-95217
BUILD-1129,compile,HIT,flight-telemetry-ingest-compile-sha-00434
BUILD-1129,dependency_install,HIT,flight-telemetry-ingest-dependency_install-sha-54568
BUILD-1129,security_scan,HIT,flight-telemetry-ingest-security_scan-sha-99728
BUILD-1129,package_build,MISS,flight-telemetry-ingest-package_build-sha-63295
BUILD-1130,package_build,HIT,safety-audit-service-package_build-sha-10444
BUILD-1130,dependency_install,HIT,safety-audit-service-dependency_install-sha-50493
BUILD-1130,security_scan,HIT,safety-audit-service-security_scan-sha-98424
BUILD-1130,compile,MISS,safety-audit-service-compile-sha-97896
BUILD-1131,security_scan,HIT,claims-ingestion-pipeline-security_scan-sha-52243
BUILD-1131,dependency_install,MISS,claims-ingestion-pipeline-dependency_install-sha-65878
BUILD-1131,compile,MISS,claims-ingestion-pipeline-compile-sha-64318
BUILD-1131,package_build,MISS,claims-ingestion-pipeline-package_build-sha-82469
BUILD-1132,package_build,HIT,safety-audit-service-package_build-sha-23371
BUILD-1132,compile,MISS,safety-audit-service-compile-sha-99399
BUILD-1132,dependency_install,HIT,safety-audit-service-dependency_install-sha-10212
BUILD-1132,security_scan,MISS,safety-audit-service-security_scan-sha-93790
BUILD-1133,dependency_install,HIT,hipaa-compliance-scan-dependency_install-sha-04879
BUILD-1133,package_build,HIT,hipaa-compliance-scan-package_build-sha-59944
BUILD-1133,compile,HIT,hipaa-compliance-scan-compile-sha-61011
BUILD-1134,compile,HIT,payment-clearing-engine-compile-sha-62498
BUILD-1134,security_scan,HIT,payment-clearing-engine-security_scan-sha-53967
BUILD-1135,compile,MISS,provider-directory-compile-sha-95606
BUILD-1135,dependency_install,MISS,provider-directory-dependency_install-sha-05350
BUILD-1135,package_build,MISS,provider-directory-package_build-sha-55385
BUILD-1136,security_scan,HIT,payment-clearing-engine-security_scan-sha-31202
BUILD-1136,compile,HIT,payment-clearing-engine-compile-sha-40052
BUILD-1136,dependency_install,HIT,payment-clearing-engine-dependency_install-sha-16221
BUILD-1137,package_build,HIT,flight-telemetry-ingest-package_build-sha-86607
BUILD-1137,security_scan,HIT,flight-telemetry-ingest-security_scan-sha-95192
BUILD-1137,dependency_install,MISS,flight-telemetry-ingest-dependency_install-sha-60243
BUILD-1138,package_build,HIT,fraud-detection-service-package_build-sha-69007
BUILD-1138,security_scan,HIT,fraud-detection-service-security_scan-sha-99587
BUILD-1138,compile,MISS,fraud-detection-service-compile-sha-74541
BUILD-1139,dependency_install,HIT,customer-portal-dependency_install-sha-05140
BUILD-1139,security_scan,MISS,customer-portal-security_scan-sha-75819
BUILD-1139,package_build,HIT,customer-portal-package_build-sha-65371
BUILD-1140,compile,HIT,safety-audit-service-compile-sha-72259
BUILD-1140,package_build,HIT,safety-audit-service-package_build-sha-23080
BUILD-1140,security_scan,HIT,safety-audit-service-security_scan-sha-16414
BUILD-1140,dependency_install,HIT,safety-audit-service-dependency_install-sha-25972
BUILD-1141,dependency_install,HIT,mobile-banking-api-dependency_install-sha-09811
BUILD-1141,compile,HIT,mobile-banking-api-compile-sha-99387
BUILD-1141,security_scan,HIT,mobile-banking-api-security_scan-sha-27046
BUILD-1142,security_scan,HIT,payment-clearing-engine-security_scan-sha-45812
BUILD-1142,package_build,MISS,payment-clearing-engine-package_build-sha-75433
BUILD-1142,dependency_install,HIT,payment-clearing-engine-dependency_install-sha-36320
BUILD-1142,compile,HIT,payment-clearing-engine-compile-sha-30549
BUILD-1143,compile,HIT,payment-clearing-engine-compile-sha-92559
BUILD-1143,security_scan,MISS,payment-clearing-engine-security_scan-sha-62235
BUILD-1143,dependency_install,HIT,payment-clearing-engine-dependency_install-sha-75949
BUILD-1143,package_build,MISS,payment-clearing-engine-package_build-sha-08923
BUILD-1144,compile,MISS,ehr-bridge-compile-sha-33115
BUILD-1144,package_build,HIT,ehr-bridge-package_build-sha-69934
BUILD-1144,dependency_install,MISS,ehr-bridge-dependency_install-sha-38668
BUILD-1144,security_scan,MISS,ehr-bridge-security_scan-sha-44993
BUILD-1145,security_scan,MISS,mobile-banking-api-security_scan-sha-49929
BUILD-1145,compile,HIT,mobile-banking-api-compile-sha-13956
BUILD-1145,dependency_install,MISS,mobile-banking-api-dependency_install-sha-47772
BUILD-1145,package_build,MISS,mobile-banking-api-package_build-sha-74673
BUILD-1146,compile,MISS,payment-clearing-engine-compile-sha-03575
BUILD-1146,package_build,HIT,payment-clearing-engine-package_build-sha-15980
BUILD-1146,security_scan,HIT,payment-clearing-engine-security_scan-sha-03685
BUILD-1146,dependency_install,HIT,payment-clearing-engine-dependency_install-sha-54150
BUILD-1147,package_build,HIT,claims-ingestion-pipeline-package_build-sha-49657
BUILD-1147,dependency_install,MISS,claims-ingestion-pipeline-dependency_install-sha-75313
BUILD-1147,compile,HIT,claims-ingestion-pipeline-compile-sha-27036
BUILD-1147,security_scan,HIT,claims-ingestion-pipeline-security_scan-sha-63740
BUILD-1148,security_scan,HIT,safety-audit-service-security_scan-sha-77148
BUILD-1148,dependency_install,HIT,safety-audit-service-dependency_install-sha-71878
BUILD-1148,compile,MISS,safety-audit-service-compile-sha-19010
BUILD-1148,package_build,HIT,safety-audit-service-package_build-sha-45577
BUILD-1149,security_scan,HIT,claims-ingestion-pipeline-security_scan-sha-86485
BUILD-1149,compile,MISS,claims-ingestion-pipeline-compile-sha-42868
BUILD-1149,dependency_install,MISS,claims-ingestion-pipeline-dependency_install-sha-97303
BUILD-1149,package_build,MISS,claims-ingestion-pipeline-package_build-sha-13110
BUILD-1150,compile,HIT,hipaa-compliance-scan-compile-sha-77588
BUILD-1150,security_scan,HIT,hipaa-compliance-scan-security_scan-sha-01240
BUILD-1150,dependency_install,HIT,hipaa-compliance-scan-dependency_install-sha-48414
BUILD-1150,package_build,HIT,hipaa-compliance-scan-package_build-sha-73358
BUILD-1151,security_scan,HIT,ehr-bridge-security_scan-sha-91201
BUILD-1151,dependency_install,HIT,ehr-bridge-dependency_install-sha-77298
BUILD-1151,compile,HIT,ehr-bridge-compile-sha-78259
BUILD-1152,package_build,HIT,hipaa-compliance-scan-package_build-sha-88389
BUILD-1152,dependency_install,HIT,hipaa-compliance-scan-dependency_install-sha-36160
BUILD-1152,compile,HIT,hipaa-compliance-scan-compile-sha-88639
BUILD-1152,security_scan,HIT,hipaa-compliance-scan-security_scan-sha-23400
BUILD-1153,dependency_install,HIT,payment-clearing-engine-dependency_install-sha-35500
BUILD-1153,package_build,HIT,payment-clearing-engine-package_build-sha-09377
BUILD-1153,compile,MISS,payment-clearing-engine-compile-sha-56777
BUILD-1154,security_scan,HIT,fraud-detection-service-security_scan-sha-42956
BUILD-1154,compile,HIT,fraud-detection-service-compile-sha-62625
BUILD-1154,dependency_install,HIT,fraud-detection-service-dependency_install-sha-76612
BUILD-1154,package_build,HIT,fraud-detection-service-package_build-sha-37132
BUILD-1155,compile,HIT,payment-clearing-engine-compile-sha-12023
BUILD-1155,security_scan,MISS,payment-clearing-engine-security_scan-sha-65948
BUILD-1155,dependency_install,HIT,payment-clearing-engine-dependency_install-sha-47736
BUILD-1156,package_build,MISS,cargo-manifest-service-package_build-sha-31290
BUILD-1156,dependency_install,MISS,cargo-manifest-service-dependency_install-sha-09044
BUILD-1156,security_scan,MISS,cargo-manifest-service-security_scan-sha-42180
BUILD-1156,compile,MISS,cargo-manifest-service-compile-sha-63009
BUILD-1157,security_scan,HIT,safety-audit-service-security_scan-sha-70968
BUILD-1157,package_build,MISS,safety-audit-service-package_build-sha-05280
BUILD-1157,compile,MISS,safety-audit-service-compile-sha-03943
BUILD-1158,compile,MISS,customer-portal-compile-sha-98301
BUILD-1158,package_build,MISS,customer-portal-package_build-sha-96455
BUILD-1158,dependency_install,MISS,customer-portal-dependency_install-sha-19610
BUILD-1158,security_scan,HIT,customer-portal-security_scan-sha-97807
BUILD-1159,compile,MISS,provider-directory-compile-sha-48620
BUILD-1159,security_scan,MISS,provider-directory-security_scan-sha-48403
BUILD-1159,package_build,HIT,provider-directory-package_build-sha-86504
BUILD-1159,dependency_install,MISS,provider-directory-dependency_install-sha-10226
BUILD-1160,dependency_install,MISS,claims-ingestion-pipeline-dependency_install-sha-09366
BUILD-1160,compile,HIT,claims-ingestion-pipeline-compile-sha-59359
BUILD-1160,package_build,MISS,claims-ingestion-pipeline-package_build-sha-60484
BUILD-1160,security_scan,MISS,claims-ingestion-pipeline-security_scan-sha-04736
BUILD-1161,dependency_install,HIT,safety-audit-service-dependency_install-sha-30603
BUILD-1161,compile,HIT,safety-audit-service-compile-sha-62189
BUILD-1161,security_scan,HIT,safety-audit-service-security_scan-sha-39683
BUILD-1161,package_build,HIT,safety-audit-service-package_build-sha-22331
BUILD-1162,compile,HIT,cargo-manifest-service-compile-sha-59893
BUILD-1162,security_scan,MISS,cargo-manifest-service-security_scan-sha-49587
BUILD-1162,package_build,MISS,cargo-manifest-service-package_build-sha-09822
BUILD-1162,dependency_install,MISS,cargo-manifest-service-dependency_install-sha-93855
BUILD-1163,package_build,HIT,fraud-detection-service-package_build-sha-98078
BUILD-1163,dependency_install,HIT,fraud-detection-service-dependency_install-sha-55174
BUILD-1163,security_scan,HIT,fraud-detection-service-security_scan-sha-61697
BUILD-1163,compile,HIT,fraud-detection-service-compile-sha-58272
BUILD-1164,dependency_install,HIT,hipaa-compliance-scan-dependency_install-sha-10609
BUILD-1164,security_scan,HIT,hipaa-compliance-scan-security_scan-sha-74860
BUILD-1164,package_build,HIT,hipaa-compliance-scan-package_build-sha-99162
BUILD-1164,compile,HIT,hipaa-compliance-scan-compile-sha-92439
BUILD-1165,package_build,MISS,claims-ingestion-pipeline-package_build-sha-80916
BUILD-1165,security_scan,MISS,claims-ingestion-pipeline-security_scan-sha-48810
BUILD-1165,compile,HIT,claims-ingestion-pipeline-compile-sha-20085
BUILD-1165,dependency_install,HIT,claims-ingestion-pipeline-dependency_install-sha-20128
BUILD-1166,package_build,HIT,safety-audit-service-package_build-sha-63675
BUILD-1166,compile,MISS,safety-audit-service-compile-sha-72652
BUILD-1166,dependency_install,HIT,safety-audit-service-dependency_install-sha-22949
BUILD-1167,compile,HIT,fraud-detection-service-compile-sha-10215
BUILD-1167,security_scan,HIT,fraud-detection-service-security_scan-sha-20084
BUILD-1167,package_build,HIT,fraud-detection-service-package_build-sha-84752
BUILD-1167,dependency_install,HIT,fraud-detection-service-dependency_install-sha-45051
BUILD-1168,compile,MISS,provider-directory-compile-sha-66494
BUILD-1168,security_scan,MISS,provider-directory-security_scan-sha-06913
BUILD-1168,package_build,MISS,provider-directory-package_build-sha-24001
BUILD-1168,dependency_install,MISS,provider-directory-dependency_install-sha-95811
BUILD-1169,compile,HIT,ehr-bridge-compile-sha-26346
BUILD-1169,security_scan,MISS,ehr-bridge-security_scan-sha-76497
BUILD-1169,dependency_install,HIT,ehr-bridge-dependency_install-sha-31686
BUILD-1169,package_build,HIT,ehr-bridge-package_build-sha-39942
BUILD-1170,dependency_install,HIT,flight-telemetry-ingest-dependency_install-sha-76819
BUILD-1170,compile,HIT,flight-telemetry-ingest-compile-sha-73531
BUILD-1170,package_build,HIT,flight-telemetry-ingest-package_build-sha-43357
BUILD-1171,dependency_install,HIT,ehr-bridge-dependency_install-sha-23005
BUILD-1171,security_scan,HIT,ehr-bridge-security_scan-sha-30012
BUILD-1171,compile,HIT,ehr-bridge-compile-sha-15137
BUILD-1172,compile,HIT,claims-ingestion-pipeline-compile-sha-97861
BUILD-1172,dependency_install,HIT,claims-ingestion-pipeline-dependency_install-sha-63888
BUILD-1172,package_build,HIT,claims-ingestion-pipeline-package_build-sha-64796
BUILD-1172,security_scan,HIT,claims-ingestion-pipeline-security_scan-sha-62082
BUILD-1173,compile,MISS,claims-ingestion-pipeline-compile-sha-91264
BUILD-1173,dependency_install,MISS,claims-ingestion-pipeline-dependency_install-sha-15759
BUILD-1173,security_scan,MISS,claims-ingestion-pipeline-security_scan-sha-60162
BUILD-1174,dependency_install,HIT,fraud-detection-service-dependency_install-sha-46457
BUILD-1174,package_build,HIT,fraud-detection-service-package_build-sha-50072
BUILD-1174,compile,HIT,fraud-detection-service-compile-sha-75208
BUILD-1175,security_scan,HIT,payment-clearing-engine-security_scan-sha-94377
BUILD-1175,dependency_install,HIT,payment-clearing-engine-dependency_install-sha-83517
BUILD-1176,package_build,HIT,safety-audit-service-package_build-sha-69300
BUILD-1176,dependency_install,HIT,safety-audit-service-dependency_install-sha-56452
BUILD-1176,security_scan,HIT,safety-audit-service-security_scan-sha-41747
BUILD-1176,compile,MISS,safety-audit-service-compile-sha-35428
BUILD-1177,package_build,MISS,customer-portal-package_build-sha-16840
BUILD-1177,dependency_install,MISS,customer-portal-dependency_install-sha-89377
BUILD-1177,security_scan,MISS,customer-portal-security_scan-sha-39769
BUILD-1177,compile,HIT,customer-portal-compile-sha-04691
BUILD-1178,dependency_install,HIT,customer-portal-dependency_install-sha-29861
BUILD-1178,package_build,HIT,customer-portal-package_build-sha-99557
BUILD-1179,dependency_install,HIT,safety-audit-service-dependency_install-sha-75451
BUILD-1179,compile,HIT,safety-audit-service-compile-sha-79413
BUILD-1179,security_scan,HIT,safety-audit-service-security_scan-sha-16907
BUILD-1180,compile,MISS,payment-clearing-engine-compile-sha-76118
BUILD-1180,package_build,MISS,payment-clearing-engine-package_build-sha-25337
BUILD-1180,dependency_install,MISS,payment-clearing-engine-dependency_install-sha-75209
BUILD-1180,security_scan,HIT,payment-clearing-engine-security_scan-sha-08190
BUILD-1181,compile,HIT,mobile-banking-api-compile-sha-58887
BUILD-1181,security_scan,HIT,mobile-banking-api-security_scan-sha-53603
BUILD-1181,dependency_install,HIT,mobile-banking-api-dependency_install-sha-60960
BUILD-1181,package_build,HIT,mobile-banking-api-package_build-sha-80253
BUILD-1182,security_scan,HIT,customer-portal-security_scan-sha-19215
BUILD-1182,package_build,MISS,customer-portal-package_build-sha-84836
BUILD-1182,compile,HIT,customer-portal-compile-sha-60537
BUILD-1182,dependency_install,HIT,customer-portal-dependency_install-sha-64877
BUILD-1183,compile,MISS,mobile-banking-api-compile-sha-27163
BUILD-1183,dependency_install,MISS,mobile-banking-api-dependency_install-sha-55090
BUILD-1184,compile,HIT,customer-portal-compile-sha-58542
BUILD-1184,security_scan,HIT,customer-portal-security_scan-sha-33668
BUILD-1184,dependency_install,MISS,customer-portal-dependency_install-sha-35343
BUILD-1184,package_build,HIT,customer-portal-package_build-sha-32026
BUILD-1185,security_scan,HIT,payment-clearing-engine-security_scan-sha-10055
BUILD-1185,package_build,MISS,payment-clearing-engine-package_build-sha-08513
BUILD-1185,dependency_install,HIT,payment-clearing-engine-dependency_install-sha-27453
BUILD-1186,package_build,MISS,claims-ingestion-pipeline-package_build-sha-31628
BUILD-1186,compile,MISS,claims-ingestion-pipeline-compile-sha-03317
BUILD-1186,security_scan,MISS,claims-ingestion-pipeline-security_scan-sha-64285
BUILD-1186,dependency_install,HIT,claims-ingestion-pipeline-dependency_install-sha-76656
BUILD-1187,security_scan,MISS,flight-telemetry-ingest-security_scan-sha-97969
BUILD-1187,compile,MISS,flight-telemetry-ingest-compile-sha-92785
BUILD-1187,package_build,HIT,flight-telemetry-ingest-package_build-sha-80343
BUILD-1187,dependency_install,HIT,flight-telemetry-ingest-dependency_install-sha-97968
BUILD-1188,dependency_install,MISS,cargo-manifest-service-dependency_install-sha-37100
BUILD-1188,package_build,MISS,cargo-manifest-service-package_build-sha-03213
BUILD-1188,security_scan,MISS,cargo-manifest-service-security_scan-sha-75089
BUILD-1188,compile,MISS,cargo-manifest-service-compile-sha-13054
BUILD-1189,security_scan,HIT,claims-ingestion-pipeline-security_scan-sha-73331
BUILD-1189,compile,MISS,claims-ingestion-pipeline-compile-sha-13591
BUILD-1189,package_build,MISS,claims-ingestion-pipeline-package_build-sha-14681
BUILD-1190,compile,HIT,fraud-detection-service-compile-sha-68499
BUILD-1190,dependency_install,MISS,fraud-detection-service-dependency_install-sha-52367
BUILD-1190,package_build,HIT,fraud-detection-service-package_build-sha-05757
BUILD-1190,security_scan,HIT,fraud-detection-service-security_scan-sha-76301
BUILD-1191,compile,HIT,cargo-manifest-service-compile-sha-32587
BUILD-1191,dependency_install,MISS,cargo-manifest-service-dependency_install-sha-76978
BUILD-1191,package_build,HIT,cargo-manifest-service-package_build-sha-34966
BUILD-1192,compile,HIT,flight-telemetry-ingest-compile-sha-64571
BUILD-1192,security_scan,HIT,flight-telemetry-ingest-security_scan-sha-35199
BUILD-1192,package_build,HIT,flight-telemetry-ingest-package_build-sha-31633
BUILD-1192,dependency_install,HIT,flight-telemetry-ingest-dependency_install-sha-38131
BUILD-1193,compile,HIT,flight-telemetry-ingest-compile-sha-03118
BUILD-1193,package_build,HIT,flight-telemetry-ingest-package_build-sha-70285
BUILD-1193,security_scan,HIT,flight-telemetry-ingest-security_scan-sha-32340
BUILD-1193,dependency_install,HIT,flight-telemetry-ingest-dependency_install-sha-14264
BUILD-1194,package_build,HIT,payment-clearing-engine-package_build-sha-75596
BUILD-1194,security_scan,HIT,payment-clearing-engine-security_scan-sha-01549
BUILD-1194,compile,HIT,payment-clearing-engine-compile-sha-62448
BUILD-1194,dependency_install,HIT,payment-clearing-engine-dependency_install-sha-45400
BUILD-1195,security_scan,HIT,provider-directory-security_scan-sha-14912
BUILD-1195,package_build,HIT,provider-directory-package_build-sha-85999
BUILD-1195,compile,MISS,provider-directory-compile-sha-97886
BUILD-1195,dependency_install,HIT,provider-directory-dependency_install-sha-24375
BUILD-1196,dependency_install,MISS,payment-clearing-engine-dependency_install-sha-91272
BUILD-1196,package_build,MISS,payment-clearing-engine-package_build-sha-23651
BUILD-1196,compile,MISS,payment-clearing-engine-compile-sha-55733
BUILD-1197,compile,MISS,flight-telemetry-ingest-compile-sha-66830
BUILD-1197,package_build,HIT,flight-telemetry-ingest-package_build-sha-14522
BUILD-1197,dependency_install,HIT,flight-telemetry-ingest-dependency_install-sha-62710
BUILD-1198,compile,HIT,fraud-detection-service-compile-sha-72052
BUILD-1198,package_build,HIT,fraud-detection-service-package_build-sha-77598
BUILD-1198,security_scan,HIT,fraud-detection-service-security_scan-sha-32782
BUILD-1199,dependency_install,MISS,claims-ingestion-pipeline-dependency_install-sha-12334
BUILD-1199,package_build,MISS,claims-ingestion-pipeline-package_build-sha-56926
BUILD-1199,compile,MISS,claims-ingestion-pipeline-compile-sha-78341
BUILD-1200,security_scan,MISS,ehr-bridge-security_scan-sha-17687
BUILD-1200,package_build,HIT,ehr-bridge-package_build-sha-58369
BUILD-1200,compile,MISS,ehr-bridge-compile-sha-62918
BUILD-1200,dependency_install,MISS,ehr-bridge-dependency_install-sha-65327
