build_id,task_name,duration_seconds,dependency_group,parallelisable
BUILD-0001,dependency_install,13.12,setup,False
BUILD-0001,package_build,18.34,package,False
BUILD-0001,security_scan,25.53,verification,True
BUILD-0001,deployment_validation,46.06,validate,False
BUILD-0001,unit_tests,86.72,test,True
BUILD-0001,compile,25.79,build,False
BUILD-0001,integration_tests,164.57,test,True
BUILD-0002,dependency_install,12.31,setup,False
BUILD-0002,deployment_validation,45.7,validate,False
BUILD-0002,integration_tests,202.04,test,False
BUILD-0002,package_build,38.57,package,False
BUILD-0002,compile,74.86,build,False
BUILD-0002,unit_tests,84.42,test,False
BUILD-0003,compile,25.36,build,False
BUILD-0003,unit_tests,103.52,test,True
BUILD-0003,dependency_install,21.8,setup,False
BUILD-0003,deployment_validation,42.37,validate,False
BUILD-0003,security_scan,24.95,verification,True
BUILD-0003,integration_tests,166.08,test,True
BUILD-0003,package_build,15.92,package,False
BUILD-0004,compile,154.71,build,False
BUILD-0004,package_build,101.94,package,False
BUILD-0004,unit_tests,80.44,test,True
BUILD-0004,dependency_install,86.5,setup,False
BUILD-0004,integration_tests,165.59,test,True
BUILD-0004,security_scan,175.4,verification,True
BUILD-0004,deployment_validation,38.62,validate,False
BUILD-0005,integration_tests,190.51,test,True
BUILD-0005,dependency_install,16.24,setup,False
BUILD-0005,package_build,12.36,package,False
BUILD-0005,security_scan,19.62,verification,True
BUILD-0005,deployment_validation,41.18,validate,False
BUILD-0005,unit_tests,105.52,test,True
BUILD-0005,compile,28.72,build,False
BUILD-0006,dependency_install,13.37,setup,False
BUILD-0006,package_build,13.34,package,False
BUILD-0006,unit_tests,106.03,test,True
BUILD-0006,compile,25.74,build,False
BUILD-0006,security_scan,19.55,verification,True
BUILD-0006,deployment_validation,34.72,validate,False
BUILD-0007,compile,29.36,build,False
BUILD-0007,dependency_install,42.4,setup,False
BUILD-0007,deployment_validation,35.94,validate,False
BUILD-0007,package_build,19.11,package,False
BUILD-0007,integration_tests,207.84,test,True
BUILD-0007,security_scan,27.92,verification,True
BUILD-0008,integration_tests,171.65,test,True
BUILD-0008,security_scan,33.07,verification,True
BUILD-0008,deployment_validation,45.85,validate,False
BUILD-0008,dependency_install,18.79,setup,False
BUILD-0008,package_build,21.87,package,False
BUILD-0008,unit_tests,79.23,test,True
BUILD-0009,compile,40.39,build,False
BUILD-0009,package_build,27.08,package,False
BUILD-0009,security_scan,31.16,verification,False
BUILD-0009,integration_tests,207.1,test,False
BUILD-0009,dependency_install,21.35,setup,False
BUILD-0009,deployment_validation,36.13,validate,False
BUILD-0009,unit_tests,100.15,test,False
BUILD-0010,compile,34.46,build,False
BUILD-0010,integration_tests,109.27,test,True
BUILD-0010,deployment_validation,44.93,validate,False
BUILD-0010,unit_tests,96.24,test,True
BUILD-0010,security_scan,23.4,verification,True
BUILD-0010,dependency_install,15.97,setup,False
BUILD-0011,compile,77.36,build,False
BUILD-0011,integration_tests,189.64,test,False
BUILD-0011,dependency_install,54.98,setup,False
BUILD-0011,package_build,20.75,package,False
BUILD-0011,deployment_validation,35.15,validate,False
BUILD-0012,dependency_install,48.38,setup,False
BUILD-0012,security_scan,36.97,verification,True
BUILD-0012,integration_tests,186.94,test,True
BUILD-0012,compile,37.7,build,False
BUILD-0012,deployment_validation,48.23,validate,False
BUILD-0013,compile,34.33,build,False
BUILD-0013,package_build,24.77,package,False
BUILD-0013,unit_tests,91.34,test,False
BUILD-0013,deployment_validation,37.79,validate,False
BUILD-0013,integration_tests,214.39,test,False
BUILD-0013,security_scan,30.12,verification,False
BUILD-0014,unit_tests,143.64,test,True
BUILD-0014,compile,95.9,build,False
BUILD-0014,integration_tests,226.22,test,True
BUILD-0014,deployment_validation,62.65,validate,False
BUILD-0014,security_scan,86.56,verification,True
BUILD-0014,dependency_install,31.56,setup,False
BUILD-0015,deployment_validation,51.32,validate,False
BUILD-0015,compile,36.94,build,False
BUILD-0015,unit_tests,98.67,test,False
BUILD-0015,package_build,22.25,package,False
BUILD-0015,security_scan,22.43,verification,False
BUILD-0015,integration_tests,179.28,test,False
BUILD-0016,unit_tests,95.86,test,True
BUILD-0016,compile,38.35,build,False
BUILD-0016,package_build,17.0,package,False
BUILD-0016,dependency_install,16.46,setup,False
BUILD-0016,security_scan,24.37,verification,True
BUILD-0017,compile,297.84,build,False
BUILD-0017,package_build,25.04,package,False
BUILD-0017,dependency_install,22.65,setup,False
BUILD-0017,integration_tests,645.43,test,True
BUILD-0017,security_scan,38.13,verification,True
BUILD-0017,deployment_validation,31.59,validate,False
BUILD-0018,unit_tests,169.55,test,True
BUILD-0018,compile,100.39,build,False
BUILD-0018,security_scan,41.09,verification,True
BUILD-0018,deployment_validation,61.08,validate,False
BUILD-0018,dependency_install,27.22,setup,False
BUILD-0019,security_scan,138.15,verification,True
BUILD-0019,unit_tests,79.86,test,True
BUILD-0019,integration_tests,192.79,test,True
BUILD-0019,package_build,90.66,package,False
BUILD-0019,compile,191.21,build,False
BUILD-0019,deployment_validation,35.3,validate,False
BUILD-0020,deployment_validation,44.88,validate,False
BUILD-0020,package_build,18.35,package,False
BUILD-0020,compile,82.73,build,False
BUILD-0020,dependency_install,24.22,setup,False
BUILD-0020,security_scan,23.9,verification,False
BUILD-0020,unit_tests,97.63,test,False
BUILD-0021,integration_tests,212.15,test,False
BUILD-0021,deployment_validation,47.8,validate,False
BUILD-0021,package_build,43.5,package,False
BUILD-0021,compile,39.34,build,False
BUILD-0021,dependency_install,53.22,setup,False
BUILD-0021,unit_tests,98.22,test,False
BUILD-0021,security_scan,78.9,verification,False
BUILD-0022,security_scan,39.48,verification,True
BUILD-0022,integration_tests,358.25,test,True
BUILD-0022,deployment_validation,68.82,validate,False
BUILD-0022,package_build,27.88,package,False
BUILD-0022,dependency_install,31.36,setup,False
BUILD-0022,compile,43.47,build,False
BUILD-0022,unit_tests,151.66,test,True
BUILD-0023,deployment_validation,35.08,validate,False
BUILD-0023,security_scan,163.35,verification,True
BUILD-0023,dependency_install,120.1,setup,False
BUILD-0023,integration_tests,202.2,test,True
BUILD-0023,compile,229.22,build,False
BUILD-0023,package_build,117.5,package,False
BUILD-0024,security_scan,21.73,verification,True
BUILD-0024,deployment_validation,45.27,validate,False
BUILD-0024,dependency_install,15.18,setup,False
BUILD-0024,integration_tests,212.65,test,True
BUILD-0024,unit_tests,102.67,test,True
BUILD-0025,unit_tests,96.34,test,True
BUILD-0025,dependency_install,35.51,setup,False
BUILD-0025,integration_tests,179.07,test,True
BUILD-0025,package_build,19.25,package,False
BUILD-0025,deployment_validation,45.86,validate,False
BUILD-0025,security_scan,70.44,verification,True
BUILD-0026,security_scan,24.0,verification,True
BUILD-0026,compile,27.06,build,False
BUILD-0026,integration_tests,199.28,test,True
BUILD-0026,unit_tests,101.74,test,True
BUILD-0026,package_build,17.31,package,False
BUILD-0027,compile,93.54,build,False
BUILD-0027,dependency_install,25.08,setup,False
BUILD-0027,unit_tests,139.91,test,True
BUILD-0027,package_build,34.09,package,False
BUILD-0027,security_scan,37.74,verification,True
BUILD-0027,integration_tests,305.94,test,True
BUILD-0027,deployment_validation,62.79,validate,False
BUILD-0028,compile,134.07,build,False
BUILD-0028,integration_tests,658.89,test,True
BUILD-0028,security_scan,26.1,verification,True
BUILD-0028,package_build,23.71,package,False
BUILD-0028,deployment_validation,43.36,validate,False
BUILD-0028,dependency_install,23.54,setup,False
BUILD-0029,integration_tests,142.8,test,True
BUILD-0029,deployment_validation,34.37,validate,False
BUILD-0029,dependency_install,48.48,setup,False
BUILD-0029,security_scan,33.93,verification,True
BUILD-0029,compile,38.78,build,False
BUILD-0029,package_build,35.5,package,False
BUILD-0029,unit_tests,103.14,test,True
BUILD-0030,package_build,20.48,package,False
BUILD-0030,security_scan,25.35,verification,True
BUILD-0030,compile,28.74,build,False
BUILD-0030,deployment_validation,33.08,validate,False
BUILD-0030,dependency_install,12.2,setup,False
BUILD-0031,package_build,16.23,package,False
BUILD-0031,compile,28.34,build,False
BUILD-0031,integration_tests,242.5,test,True
BUILD-0031,dependency_install,11.34,setup,False
BUILD-0031,security_scan,27.02,verification,True
BUILD-0031,deployment_validation,30.32,validate,False
BUILD-0032,dependency_install,13.64,setup,False
BUILD-0032,compile,26.59,build,False
BUILD-0032,deployment_validation,49.36,validate,False
BUILD-0032,integration_tests,183.47,test,True
BUILD-0032,unit_tests,102.83,test,True
BUILD-0032,security_scan,56.66,verification,True
BUILD-0033,compile,45.95,build,False
BUILD-0033,security_scan,84.32,verification,False
BUILD-0033,dependency_install,22.77,setup,False
BUILD-0033,deployment_validation,40.09,validate,False
BUILD-0033,package_build,23.99,package,False
BUILD-0034,deployment_validation,45.11,validate,False
BUILD-0034,compile,31.72,build,False
BUILD-0034,dependency_install,44.23,setup,False
BUILD-0034,security_scan,75.3,verification,False
BUILD-0034,integration_tests,203.38,test,False
BUILD-0034,package_build,18.45,package,False
BUILD-0035,unit_tests,99.53,test,True
BUILD-0035,dependency_install,82.24,setup,False
BUILD-0035,package_build,57.09,package,False
BUILD-0035,compile,205.03,build,False
BUILD-0035,deployment_validation,42.26,validate,False
BUILD-0035,security_scan,226.87,verification,True
BUILD-0035,integration_tests,144.18,test,True
BUILD-0036,deployment_validation,35.62,validate,False
BUILD-0036,security_scan,107.05,verification,True
BUILD-0036,dependency_install,108.14,setup,False
BUILD-0036,integration_tests,230.54,test,True
BUILD-0036,package_build,89.78,package,False
BUILD-0036,compile,149.29,build,False
BUILD-0037,security_scan,31.0,verification,False
BUILD-0037,compile,56.06,build,False
BUILD-0037,package_build,40.25,package,False
BUILD-0037,unit_tests,116.99,test,False
BUILD-0037,integration_tests,215.73,test,False
BUILD-0037,dependency_install,19.86,setup,False
BUILD-0037,deployment_validation,37.21,validate,False
BUILD-0038,compile,128.92,build,False
BUILD-0038,security_scan,85.72,verification,True
BUILD-0038,package_build,33.85,package,False
BUILD-0038,deployment_validation,65.52,validate,False
BUILD-0038,dependency_install,30.13,setup,False
BUILD-0038,integration_tests,284.46,test,True
BUILD-0039,unit_tests,96.62,test,False
BUILD-0039,package_build,54.97,package,False
BUILD-0039,integration_tests,222.82,test,False
BUILD-0039,security_scan,57.0,verification,False
BUILD-0039,compile,105.6,build,False
BUILD-0040,deployment_validation,42.64,validate,False
BUILD-0040,package_build,22.13,package,False
BUILD-0040,compile,74.16,build,False
BUILD-0040,dependency_install,20.88,setup,False
BUILD-0040,security_scan,79.29,verification,False
BUILD-0040,unit_tests,88.38,test,False
BUILD-0041,package_build,15.87,package,False
BUILD-0041,unit_tests,89.93,test,True
BUILD-0041,compile,32.0,build,False
BUILD-0041,dependency_install,54.8,setup,False
BUILD-0041,security_scan,25.83,verification,True
BUILD-0041,integration_tests,195.7,test,True
BUILD-0041,deployment_validation,36.22,validate,False
BUILD-0042,security_scan,27.72,verification,True
BUILD-0042,package_build,19.46,package,False
BUILD-0042,compile,30.56,build,False
BUILD-0042,integration_tests,179.44,test,True
BUILD-0042,unit_tests,96.67,test,True
BUILD-0042,dependency_install,18.77,setup,False
BUILD-0043,compile,38.95,build,False
BUILD-0043,integration_tests,174.54,test,False
BUILD-0043,package_build,21.77,package,False
BUILD-0043,dependency_install,52.42,setup,False
BUILD-0043,security_scan,35.4,verification,False
BUILD-0043,deployment_validation,44.88,validate,False
BUILD-0044,unit_tests,108.27,test,False
BUILD-0044,package_build,46.08,package,False
BUILD-0044,compile,41.13,build,False
BUILD-0044,dependency_install,19.52,setup,False
BUILD-0044,deployment_validation,45.12,validate,False
BUILD-0044,integration_tests,172.68,test,False
BUILD-0044,security_scan,28.6,verification,False
BUILD-0045,deployment_validation,43.57,validate,False
BUILD-0045,unit_tests,83.34,test,False
BUILD-0045,package_build,29.56,package,False
BUILD-0045,dependency_install,38.21,setup,False
BUILD-0045,compile,65.43,build,False
BUILD-0045,integration_tests,211.27,test,False
BUILD-0046,unit_tests,85.04,test,False
BUILD-0046,security_scan,31.46,verification,False
BUILD-0046,integration_tests,123.57,test,False
BUILD-0046,deployment_validation,50.62,validate,False
BUILD-0046,dependency_install,42.91,setup,False
BUILD-0046,package_build,25.21,package,False
BUILD-0046,compile,87.37,build,False
BUILD-0047,compile,120.13,build,False
BUILD-0047,security_scan,45.94,verification,True
BUILD-0047,deployment_validation,57.06,validate,False
BUILD-0047,integration_tests,296.28,test,True
BUILD-0047,package_build,64.74,package,False
BUILD-0048,package_build,39.44,package,False
BUILD-0048,unit_tests,85.53,test,True
BUILD-0048,dependency_install,18.96,setup,False
BUILD-0048,integration_tests,125.0,test,True
BUILD-0048,compile,34.59,build,False
BUILD-0048,security_scan,23.39,verification,True
BUILD-0048,deployment_validation,39.97,validate,False
BUILD-0049,dependency_install,20.1,setup,False
BUILD-0049,unit_tests,113.11,test,True
BUILD-0049,compile,171.61,build,False
BUILD-0049,security_scan,33.83,verification,True
BUILD-0049,package_build,50.67,package,False
BUILD-0049,integration_tests,535.83,test,True
BUILD-0049,deployment_validation,34.94,validate,False
BUILD-0050,dependency_install,119.16,setup,False
BUILD-0050,package_build,95.3,package,False
BUILD-0050,security_scan,173.09,verification,True
BUILD-0050,unit_tests,101.75,test,True
BUILD-0050,compile,165.96,build,False
BUILD-0050,deployment_validation,53.65,validate,False
BUILD-0050,integration_tests,190.97,test,True
BUILD-0051,dependency_install,25.9,setup,False
BUILD-0051,package_build,59.0,package,False
BUILD-0051,security_scan,40.08,verification,False
BUILD-0051,compile,78.67,build,False
BUILD-0051,integration_tests,206.36,test,False
BUILD-0051,unit_tests,74.3,test,False
BUILD-0051,deployment_validation,44.7,validate,False
BUILD-0052,unit_tests,87.51,test,True
BUILD-0052,compile,248.0,build,False
BUILD-0052,security_scan,71.58,verification,True
BUILD-0052,dependency_install,21.29,setup,False
BUILD-0052,deployment_validation,51.26,validate,False
BUILD-0052,package_build,57.13,package,False
BUILD-0052,integration_tests,474.77,test,True
BUILD-0053,compile,266.88,build,False
BUILD-0053,integration_tests,480.02,test,True
BUILD-0053,security_scan,40.15,verification,True
BUILD-0053,dependency_install,23.83,setup,False
BUILD-0053,unit_tests,88.31,test,True
BUILD-0053,deployment_validation,29.72,validate,False
BUILD-0053,package_build,60.15,package,False
BUILD-0054,unit_tests,112.64,test,True
BUILD-0054,security_scan,97.99,verification,True
BUILD-0054,package_build,45.5,package,False
BUILD-0054,dependency_install,96.34,setup,False
BUILD-0054,integration_tests,181.27,test,True
BUILD-0054,deployment_validation,37.3,validate,False
BUILD-0054,compile,186.44,build,False
BUILD-0055,compile,78.29,build,False
BUILD-0055,deployment_validation,40.72,validate,False
BUILD-0055,unit_tests,102.33,test,True
BUILD-0055,security_scan,150.34,verification,True
BUILD-0055,package_build,98.22,package,False
BUILD-0055,dependency_install,85.46,setup,False
BUILD-0056,dependency_install,47.24,setup,False
BUILD-0056,integration_tests,159.79,test,False
BUILD-0056,deployment_validation,49.31,validate,False
BUILD-0056,unit_tests,96.65,test,False
BUILD-0056,security_scan,82.38,verification,False
BUILD-0056,compile,36.36,build,False
BUILD-0057,security_scan,23.59,verification,True
BUILD-0057,package_build,57.29,package,False
BUILD-0057,dependency_install,17.27,setup,False
BUILD-0057,compile,33.75,build,False
BUILD-0057,integration_tests,153.95,test,True
BUILD-0058,security_scan,36.5,verification,False
BUILD-0058,package_build,16.56,package,False
BUILD-0058,deployment_validation,32.9,validate,False
BUILD-0058,unit_tests,65.94,test,False
BUILD-0058,integration_tests,172.73,test,False
BUILD-0058,compile,39.87,build,False
BUILD-0058,dependency_install,55.14,setup,False
BUILD-0059,security_scan,24.77,verification,True
BUILD-0059,deployment_validation,29.78,validate,False
BUILD-0059,package_build,49.58,package,False
BUILD-0059,integration_tests,190.37,test,True
BUILD-0059,compile,27.86,build,False
BUILD-0060,package_build,20.45,package,False
BUILD-0060,dependency_install,35.27,setup,False
BUILD-0060,security_scan,24.05,verification,True
BUILD-0060,compile,27.68,build,False
BUILD-0060,deployment_validation,33.39,validate,False
BUILD-0060,unit_tests,101.95,test,True
BUILD-0061,integration_tests,178.31,test,True
BUILD-0061,unit_tests,108.61,test,True
BUILD-0061,package_build,42.61,package,False
BUILD-0061,compile,30.12,build,False
BUILD-0061,deployment_validation,36.82,validate,False
BUILD-0061,dependency_install,13.88,setup,False
BUILD-0061,security_scan,24.11,verification,True
BUILD-0062,compile,73.36,build,False
BUILD-0062,deployment_validation,32.81,validate,False
BUILD-0062,unit_tests,123.0,test,False
BUILD-0062,integration_tests,180.95,test,False
BUILD-0062,dependency_install,18.12,setup,False
BUILD-0062,security_scan,32.51,verification,False
BUILD-0063,deployment_validation,39.33,validate,False
BUILD-0063,security_scan,23.69,verification,True
BUILD-0063,compile,30.58,build,False
BUILD-0063,integration_tests,200.45,test,True
BUILD-0063,dependency_install,14.5,setup,False
BUILD-0063,package_build,15.99,package,False
BUILD-0063,unit_tests,91.08,test,True
BUILD-0064,compile,27.82,build,False
BUILD-0064,deployment_validation,48.2,validate,False
BUILD-0064,security_scan,87.27,verification,True
BUILD-0064,package_build,21.66,package,False
BUILD-0064,integration_tests,195.57,test,True
BUILD-0064,dependency_install,21.2,setup,False
BUILD-0065,unit_tests,81.15,test,True
BUILD-0065,dependency_install,15.94,setup,False
BUILD-0065,integration_tests,221.14,test,True
BUILD-0065,package_build,31.57,package,False
BUILD-0065,compile,24.6,build,False
BUILD-0065,deployment_validation,34.57,validate,False
BUILD-0066,dependency_install,44.68,setup,False
BUILD-0066,unit_tests,79.88,test,True
BUILD-0066,compile,32.47,build,False
BUILD-0066,security_scan,27.85,verification,True
BUILD-0066,package_build,47.37,package,False
BUILD-0067,package_build,113.23,package,False
BUILD-0067,compile,216.05,build,False
BUILD-0067,unit_tests,104.31,test,True
BUILD-0067,integration_tests,156.4,test,True
BUILD-0067,dependency_install,44.98,setup,False
BUILD-0068,unit_tests,144.24,test,True
BUILD-0068,compile,113.45,build,False
BUILD-0068,dependency_install,76.28,setup,False
BUILD-0068,deployment_validation,55.97,validate,False
BUILD-0068,security_scan,44.73,verification,True
BUILD-0069,integration_tests,144.64,test,True
BUILD-0069,unit_tests,67.73,test,True
BUILD-0069,dependency_install,106.07,setup,False
BUILD-0069,compile,80.33,build,False
BUILD-0069,deployment_validation,40.76,validate,False
BUILD-0069,package_build,118.77,package,False
BUILD-0069,security_scan,169.8,verification,True
BUILD-0070,dependency_install,18.35,setup,False
BUILD-0070,deployment_validation,37.71,validate,False
BUILD-0070,unit_tests,89.11,test,False
BUILD-0070,security_scan,27.58,verification,False
BUILD-0070,compile,73.46,build,False
BUILD-0070,integration_tests,112.43,test,False
BUILD-0071,security_scan,27.02,verification,True
BUILD-0071,package_build,18.52,package,False
BUILD-0071,compile,27.64,build,False
BUILD-0071,dependency_install,16.31,setup,False
BUILD-0071,integration_tests,187.39,test,True
BUILD-0071,deployment_validation,35.66,validate,False
BUILD-0072,package_build,16.1,package,False
BUILD-0072,unit_tests,96.42,test,True
BUILD-0072,compile,31.16,build,False
BUILD-0072,dependency_install,11.81,setup,False
BUILD-0072,integration_tests,194.67,test,True
BUILD-0072,deployment_validation,36.02,validate,False
BUILD-0073,deployment_validation,35.42,validate,False
BUILD-0073,package_build,16.41,package,False
BUILD-0073,unit_tests,71.81,test,False
BUILD-0073,security_scan,31.73,verification,False
BUILD-0073,integration_tests,187.01,test,False
BUILD-0074,security_scan,26.12,verification,True
BUILD-0074,deployment_validation,41.61,validate,False
BUILD-0074,unit_tests,134.67,test,True
BUILD-0074,integration_tests,136.5,test,True
BUILD-0074,package_build,22.0,package,False
BUILD-0074,dependency_install,19.01,setup,False
BUILD-0075,package_build,25.07,package,False
BUILD-0075,security_scan,36.73,verification,False
BUILD-0075,compile,40.17,build,False
BUILD-0075,deployment_validation,35.66,validate,False
BUILD-0075,integration_tests,245.71,test,False
BUILD-0075,dependency_install,33.05,setup,False
BUILD-0075,unit_tests,80.29,test,False
BUILD-0076,compile,72.75,build,False
BUILD-0076,security_scan,31.91,verification,True
BUILD-0076,package_build,21.97,package,False
BUILD-0076,deployment_validation,47.01,validate,False
BUILD-0076,dependency_install,21.02,setup,False
BUILD-0076,integration_tests,189.12,test,True
BUILD-0076,unit_tests,89.13,test,True
BUILD-0077,integration_tests,168.32,test,False
BUILD-0077,dependency_install,21.45,setup,False
BUILD-0077,package_build,21.08,package,False
BUILD-0077,compile,37.56,build,False
BUILD-0077,deployment_validation,52.45,validate,False
BUILD-0077,unit_tests,107.41,test,False
BUILD-0078,compile,164.35,build,False
BUILD-0078,dependency_install,135.63,setup,False
BUILD-0078,package_build,114.43,package,False
BUILD-0078,unit_tests,63.22,test,True
BUILD-0078,deployment_validation,46.31,validate,False
BUILD-0079,compile,24.46,build,False
BUILD-0079,deployment_validation,41.96,validate,False
BUILD-0079,security_scan,23.69,verification,True
BUILD-0079,unit_tests,106.82,test,True
BUILD-0079,dependency_install,10.53,setup,False
BUILD-0079,integration_tests,186.36,test,True
BUILD-0080,compile,31.24,build,False
BUILD-0080,unit_tests,97.35,test,True
BUILD-0080,security_scan,26.59,verification,True
BUILD-0080,package_build,43.44,package,False
BUILD-0080,dependency_install,14.8,setup,False
BUILD-0080,deployment_validation,43.06,validate,False
BUILD-0080,integration_tests,213.68,test,True
BUILD-0081,compile,36.44,build,False
BUILD-0081,package_build,20.86,package,False
BUILD-0081,unit_tests,100.75,test,False
BUILD-0081,integration_tests,150.53,test,False
BUILD-0081,security_scan,27.64,verification,False
BUILD-0082,integration_tests,167.1,test,False
BUILD-0082,security_scan,33.76,verification,False
BUILD-0082,unit_tests,99.75,test,False
BUILD-0082,dependency_install,52.0,setup,False
BUILD-0082,package_build,46.17,package,False
BUILD-0083,dependency_install,18.9,setup,False
BUILD-0083,compile,106.02,build,False
BUILD-0083,deployment_validation,36.68,validate,False
BUILD-0083,integration_tests,791.03,test,True
BUILD-0083,package_build,25.79,package,False
BUILD-0083,unit_tests,114.75,test,True
BUILD-0083,security_scan,80.59,verification,True
BUILD-0084,package_build,35.72,package,False
BUILD-0084,deployment_validation,56.84,validate,False
BUILD-0084,unit_tests,124.44,test,True
BUILD-0084,integration_tests,261.33,test,True
BUILD-0084,dependency_install,70.03,setup,False
BUILD-0084,security_scan,38.94,verification,True
BUILD-0084,compile,87.19,build,False
BUILD-0085,unit_tests,98.99,test,True
BUILD-0085,integration_tests,149.61,test,True
BUILD-0085,deployment_validation,54.67,validate,False
BUILD-0085,package_build,17.84,package,False
BUILD-0085,dependency_install,16.01,setup,False
BUILD-0086,integration_tests,199.6,test,True
BUILD-0086,dependency_install,16.26,setup,False
BUILD-0086,compile,29.86,build,False
BUILD-0086,package_build,18.16,package,False
BUILD-0086,unit_tests,78.76,test,True
BUILD-0086,deployment_validation,31.95,validate,False
BUILD-0086,security_scan,31.43,verification,True
BUILD-0087,deployment_validation,40.6,validate,False
BUILD-0087,integration_tests,177.56,test,True
BUILD-0087,package_build,141.93,package,False
BUILD-0087,compile,199.65,build,False
BUILD-0087,unit_tests,102.47,test,True
BUILD-0088,package_build,17.09,package,False
BUILD-0088,integration_tests,168.47,test,True
BUILD-0088,unit_tests,80.58,test,True
BUILD-0088,compile,21.05,build,False
BUILD-0088,dependency_install,17.69,setup,False
BUILD-0089,compile,28.31,build,False
BUILD-0089,dependency_install,53.57,setup,False
BUILD-0089,unit_tests,83.34,test,True
BUILD-0089,integration_tests,139.43,test,True
BUILD-0089,package_build,16.82,package,False
BUILD-0089,deployment_validation,33.25,validate,False
BUILD-0090,deployment_validation,39.96,validate,False
BUILD-0090,unit_tests,76.2,test,False
BUILD-0090,dependency_install,50.43,setup,False
BUILD-0090,package_build,21.97,package,False
BUILD-0090,compile,41.83,build,False
BUILD-0090,security_scan,50.63,verification,False
BUILD-0090,integration_tests,152.54,test,False
BUILD-0091,dependency_install,95.71,setup,False
BUILD-0091,deployment_validation,33.36,validate,False
BUILD-0091,security_scan,97.02,verification,True
BUILD-0091,compile,182.93,build,False
BUILD-0091,unit_tests,95.2,test,True
BUILD-0091,package_build,49.82,package,False
BUILD-0091,integration_tests,185.35,test,True
BUILD-0092,compile,32.9,build,False
BUILD-0092,security_scan,28.92,verification,True
BUILD-0092,dependency_install,44.78,setup,False
BUILD-0092,package_build,45.92,package,False
BUILD-0092,deployment_validation,35.72,validate,False
BUILD-0092,unit_tests,96.52,test,True
BUILD-0092,integration_tests,173.12,test,True
BUILD-0093,integration_tests,108.42,test,True
BUILD-0093,dependency_install,52.37,setup,False
BUILD-0093,security_scan,175.68,verification,True
BUILD-0093,compile,55.12,build,False
BUILD-0093,unit_tests,90.12,test,True
BUILD-0093,deployment_validation,37.77,validate,False
BUILD-0094,unit_tests,83.92,test,True
BUILD-0094,compile,160.87,build,False
BUILD-0094,dependency_install,103.0,setup,False
BUILD-0094,security_scan,150.13,verification,True
BUILD-0094,deployment_validation,47.63,validate,False
BUILD-0095,deployment_validation,35.77,validate,False
BUILD-0095,package_build,15.59,package,False
BUILD-0095,security_scan,24.86,verification,True
BUILD-0095,unit_tests,93.14,test,True
BUILD-0095,integration_tests,193.51,test,True
BUILD-0096,package_build,21.32,package,False
BUILD-0096,deployment_validation,38.62,validate,False
BUILD-0096,integration_tests,201.97,test,True
BUILD-0096,unit_tests,81.6,test,True
BUILD-0096,security_scan,32.61,verification,True
BUILD-0096,compile,37.36,build,False
BUILD-0097,compile,67.91,build,False
BUILD-0097,unit_tests,85.63,test,False
BUILD-0097,deployment_validation,34.38,validate,False
BUILD-0097,package_build,37.48,package,False
BUILD-0097,integration_tests,227.65,test,False
BUILD-0097,dependency_install,16.48,setup,False
BUILD-0098,dependency_install,39.49,setup,False
BUILD-0098,compile,31.18,build,False
BUILD-0098,package_build,13.79,package,False
BUILD-0098,deployment_validation,47.48,validate,False
BUILD-0098,unit_tests,64.08,test,True
BUILD-0098,security_scan,18.06,verification,True
BUILD-0099,deployment_validation,36.73,validate,False
BUILD-0099,unit_tests,87.23,test,True
BUILD-0099,compile,29.68,build,False
BUILD-0099,package_build,17.4,package,False
BUILD-0099,security_scan,28.55,verification,True
BUILD-0099,integration_tests,183.08,test,True
BUILD-0100,unit_tests,89.82,test,True
BUILD-0100,deployment_validation,39.66,validate,False
BUILD-0100,integration_tests,188.31,test,True
BUILD-0100,security_scan,23.42,verification,True
BUILD-0100,compile,63.82,build,False
BUILD-0100,dependency_install,22.51,setup,False
BUILD-0100,package_build,51.28,package,False
BUILD-0101,dependency_install,20.31,setup,False
BUILD-0101,package_build,23.67,package,False
BUILD-0101,compile,33.09,build,False
BUILD-0101,deployment_validation,35.33,validate,False
BUILD-0101,integration_tests,185.29,test,True
BUILD-0102,unit_tests,81.06,test,True
BUILD-0102,dependency_install,20.49,setup,False
BUILD-0102,security_scan,27.14,verification,True
BUILD-0102,integration_tests,167.33,test,True
BUILD-0102,package_build,18.88,package,False
BUILD-0102,deployment_validation,49.72,validate,False
BUILD-0102,compile,34.6,build,False
BUILD-0103,deployment_validation,43.06,validate,False
BUILD-0103,dependency_install,19.77,setup,False
BUILD-0103,package_build,25.22,package,False
BUILD-0103,integration_tests,190.36,test,True
BUILD-0103,compile,23.2,build,False
BUILD-0103,unit_tests,90.04,test,True
BUILD-0103,security_scan,32.44,verification,True
BUILD-0104,integration_tests,163.49,test,True
BUILD-0104,unit_tests,74.96,test,True
BUILD-0104,dependency_install,13.57,setup,False
BUILD-0104,security_scan,19.53,verification,True
BUILD-0104,package_build,14.94,package,False
BUILD-0104,compile,32.43,build,False
BUILD-0104,deployment_validation,34.3,validate,False
BUILD-0105,deployment_validation,42.96,validate,False
BUILD-0105,package_build,23.12,package,False
BUILD-0105,dependency_install,17.64,setup,False
BUILD-0105,unit_tests,104.98,test,True
BUILD-0105,security_scan,28.78,verification,True
BUILD-0106,integration_tests,183.29,test,True
BUILD-0106,compile,20.9,build,False
BUILD-0106,security_scan,28.13,verification,True
BUILD-0106,deployment_validation,37.89,validate,False
BUILD-0106,dependency_install,16.32,setup,False
BUILD-0106,package_build,17.97,package,False
BUILD-0107,integration_tests,233.33,test,True
BUILD-0107,deployment_validation,39.72,validate,False
BUILD-0107,security_scan,53.64,verification,True
BUILD-0107,package_build,88.09,package,False
BUILD-0107,dependency_install,99.63,setup,False
BUILD-0108,compile,30.24,build,False
BUILD-0108,dependency_install,17.22,setup,False
BUILD-0108,deployment_validation,30.58,validate,False
BUILD-0108,integration_tests,160.37,test,True
BUILD-0108,security_scan,23.59,verification,True
BUILD-0108,unit_tests,93.94,test,True
BUILD-0109,integration_tests,184.8,test,True
BUILD-0109,unit_tests,75.97,test,True
BUILD-0109,deployment_validation,42.28,validate,False
BUILD-0109,compile,205.76,build,False
BUILD-0109,security_scan,147.36,verification,True
BUILD-0109,package_build,119.43,package,False
BUILD-0110,security_scan,22.83,verification,True
BUILD-0110,compile,30.66,build,False
BUILD-0110,deployment_validation,30.84,validate,False
BUILD-0110,dependency_install,15.61,setup,False
BUILD-0110,unit_tests,106.66,test,True
BUILD-0110,package_build,17.85,package,False
BUILD-0110,integration_tests,192.06,test,True
BUILD-0111,security_scan,23.72,verification,True
BUILD-0111,integration_tests,178.93,test,True
BUILD-0111,deployment_validation,44.09,validate,False
BUILD-0111,package_build,17.57,package,False
BUILD-0111,unit_tests,95.42,test,True
BUILD-0111,dependency_install,17.97,setup,False
BUILD-0112,deployment_validation,56.35,validate,False
BUILD-0112,integration_tests,267.82,test,True
BUILD-0112,dependency_install,64.08,setup,False
BUILD-0112,security_scan,41.71,verification,True
BUILD-0112,package_build,76.74,package,False
BUILD-0112,compile,52.67,build,False
BUILD-0113,integration_tests,155.85,test,True
BUILD-0113,unit_tests,92.34,test,True
BUILD-0113,deployment_validation,37.36,validate,False
BUILD-0113,dependency_install,54.77,setup,False
BUILD-0113,compile,82.36,build,False
BUILD-0113,package_build,104.97,package,False
BUILD-0113,security_scan,102.68,verification,True
BUILD-0114,integration_tests,204.02,test,True
BUILD-0114,deployment_validation,40.49,validate,False
BUILD-0114,dependency_install,23.49,setup,False
BUILD-0114,compile,33.21,build,False
BUILD-0114,package_build,27.26,package,False
BUILD-0114,unit_tests,127.76,test,True
BUILD-0114,security_scan,66.19,verification,True
BUILD-0115,package_build,13.09,package,False
BUILD-0115,unit_tests,69.94,test,True
BUILD-0115,security_scan,21.29,verification,True
BUILD-0115,integration_tests,201.43,test,True
BUILD-0115,deployment_validation,38.2,validate,False
BUILD-0115,compile,24.62,build,False
BUILD-0115,dependency_install,13.37,setup,False
BUILD-0116,integration_tests,151.63,test,True
BUILD-0116,deployment_validation,39.79,validate,False
BUILD-0116,security_scan,25.36,verification,True
BUILD-0116,compile,34.51,build,False
BUILD-0116,unit_tests,80.77,test,True
BUILD-0116,package_build,20.08,package,False
BUILD-0116,dependency_install,15.24,setup,False
BUILD-0117,security_scan,166.13,verification,True
BUILD-0117,package_build,41.58,package,False
BUILD-0117,integration_tests,190.33,test,True
BUILD-0117,deployment_validation,41.0,validate,False
BUILD-0117,unit_tests,102.02,test,True
BUILD-0117,compile,203.39,build,False
BUILD-0117,dependency_install,112.44,setup,False
BUILD-0118,deployment_validation,36.81,validate,False
BUILD-0118,package_build,20.4,package,False
BUILD-0118,integration_tests,165.0,test,True
BUILD-0118,compile,72.35,build,False
BUILD-0118,security_scan,82.48,verification,True
BUILD-0119,unit_tests,89.68,test,True
BUILD-0119,package_build,14.42,package,False
BUILD-0119,security_scan,27.42,verification,True
BUILD-0119,integration_tests,208.31,test,True
BUILD-0119,dependency_install,16.56,setup,False
BUILD-0119,deployment_validation,37.74,validate,False
BUILD-0119,compile,25.04,build,False
BUILD-0120,dependency_install,14.09,setup,False
BUILD-0120,unit_tests,117.05,test,True
BUILD-0120,compile,35.54,build,False
BUILD-0120,security_scan,22.25,verification,True
BUILD-0120,deployment_validation,37.67,validate,False
BUILD-0120,package_build,18.25,package,False
BUILD-0121,integration_tests,197.78,test,True
BUILD-0121,deployment_validation,52.06,validate,False
BUILD-0121,unit_tests,92.48,test,True
BUILD-0121,dependency_install,85.83,setup,False
BUILD-0121,security_scan,115.84,verification,True
BUILD-0121,package_build,44.52,package,False
BUILD-0122,package_build,28.56,package,False
BUILD-0122,dependency_install,41.51,setup,False
BUILD-0122,deployment_validation,41.34,validate,False
BUILD-0122,security_scan,31.42,verification,False
BUILD-0122,unit_tests,111.93,test,False
BUILD-0122,compile,49.65,build,False
BUILD-0123,compile,95.89,build,False
BUILD-0123,dependency_install,37.36,setup,False
BUILD-0123,integration_tests,135.74,test,True
BUILD-0123,unit_tests,101.59,test,True
BUILD-0123,security_scan,32.63,verification,True
BUILD-0123,package_build,23.53,package,False
BUILD-0123,deployment_validation,45.6,validate,False
BUILD-0124,dependency_install,21.48,setup,False
BUILD-0124,unit_tests,105.19,test,False
BUILD-0124,package_build,53.77,package,False
BUILD-0124,security_scan,79.0,verification,False
BUILD-0124,deployment_validation,46.05,validate,False
BUILD-0125,security_scan,30.71,verification,True
BUILD-0125,package_build,23.0,package,False
BUILD-0125,integration_tests,212.58,test,True
BUILD-0125,compile,70.2,build,False
BUILD-0125,dependency_install,21.37,setup,False
BUILD-0125,unit_tests,89.39,test,True
BUILD-0126,compile,27.05,build,False
BUILD-0126,security_scan,24.51,verification,True
BUILD-0126,package_build,19.65,package,False
BUILD-0126,deployment_validation,31.06,validate,False
BUILD-0126,unit_tests,95.35,test,True
BUILD-0126,integration_tests,182.43,test,True
BUILD-0127,integration_tests,220.33,test,True
BUILD-0127,unit_tests,151.84,test,True
BUILD-0127,security_scan,100.15,verification,True
BUILD-0127,compile,62.88,build,False
BUILD-0127,deployment_validation,53.18,validate,False
BUILD-0127,dependency_install,77.08,setup,False
BUILD-0127,package_build,33.3,package,False
BUILD-0128,package_build,39.19,package,False
BUILD-0128,deployment_validation,41.05,validate,False
BUILD-0128,dependency_install,47.76,setup,False
BUILD-0128,unit_tests,92.34,test,True
BUILD-0128,integration_tests,169.07,test,True
BUILD-0128,compile,163.6,build,False
BUILD-0128,security_scan,147.07,verification,True
BUILD-0129,compile,184.77,build,False
BUILD-0129,package_build,46.4,package,False
BUILD-0129,unit_tests,96.82,test,True
BUILD-0129,dependency_install,107.36,setup,False
BUILD-0129,integration_tests,165.8,test,True
BUILD-0129,deployment_validation,39.21,validate,False
BUILD-0130,deployment_validation,27.79,validate,False
BUILD-0130,dependency_install,14.44,setup,False
BUILD-0130,compile,102.57,build,False
BUILD-0130,package_build,13.7,package,False
BUILD-0130,security_scan,46.91,verification,True
BUILD-0131,dependency_install,41.61,setup,False
BUILD-0131,compile,125.45,build,False
BUILD-0131,package_build,24.89,package,False
BUILD-0131,deployment_validation,41.46,validate,False
BUILD-0131,security_scan,28.83,verification,True
BUILD-0131,integration_tests,498.42,test,True
BUILD-0131,unit_tests,107.43,test,True
BUILD-0132,dependency_install,44.33,setup,False
BUILD-0132,compile,45.97,build,False
BUILD-0132,security_scan,58.76,verification,True
BUILD-0132,unit_tests,73.26,test,True
BUILD-0132,integration_tests,161.32,test,True
BUILD-0132,deployment_validation,39.73,validate,False
BUILD-0133,integration_tests,173.49,test,True
BUILD-0133,package_build,23.69,package,False
BUILD-0133,unit_tests,77.17,test,True
BUILD-0133,deployment_validation,48.66,validate,False
BUILD-0133,security_scan,31.11,verification,True
BUILD-0133,dependency_install,23.64,setup,False
BUILD-0133,compile,37.85,build,False
BUILD-0134,compile,86.84,build,False
BUILD-0134,security_scan,158.76,verification,True
BUILD-0134,dependency_install,126.88,setup,False
BUILD-0134,deployment_validation,47.97,validate,False
BUILD-0134,package_build,105.35,package,False
BUILD-0135,integration_tests,199.14,test,True
BUILD-0135,security_scan,20.71,verification,True
BUILD-0135,dependency_install,15.63,setup,False
BUILD-0135,unit_tests,100.34,test,True
BUILD-0135,compile,24.82,build,False
BUILD-0135,package_build,13.93,package,False
BUILD-0136,package_build,16.67,package,False
BUILD-0136,deployment_validation,40.77,validate,False
BUILD-0136,dependency_install,14.14,setup,False
BUILD-0136,unit_tests,106.98,test,True
BUILD-0136,security_scan,22.1,verification,True
BUILD-0136,integration_tests,167.95,test,True
BUILD-0136,compile,20.06,build,False
BUILD-0137,compile,22.91,build,False
BUILD-0137,deployment_validation,30.5,validate,False
BUILD-0137,unit_tests,105.84,test,False
BUILD-0137,security_scan,35.21,verification,False
BUILD-0137,package_build,23.94,package,False
BUILD-0137,dependency_install,17.31,setup,False
BUILD-0138,deployment_validation,54.41,validate,False
BUILD-0138,package_build,22.42,package,False
BUILD-0138,unit_tests,102.48,test,True
BUILD-0138,integration_tests,228.1,test,True
BUILD-0138,security_scan,27.36,verification,True
BUILD-0138,compile,36.2,build,False
BUILD-0139,compile,78.97,build,False
BUILD-0139,package_build,48.66,package,False
BUILD-0139,deployment_validation,35.61,validate,False
BUILD-0139,unit_tests,97.78,test,True
BUILD-0139,integration_tests,151.31,test,True
BUILD-0140,package_build,16.0,package,False
BUILD-0140,unit_tests,103.16,test,True
BUILD-0140,security_scan,29.64,verification,True
BUILD-0140,dependency_install,51.24,setup,False
BUILD-0140,deployment_validation,40.36,validate,False
BUILD-0140,compile,25.28,build,False
BUILD-0140,integration_tests,198.85,test,True
BUILD-0141,package_build,143.7,package,False
BUILD-0141,compile,217.06,build,False
BUILD-0141,unit_tests,109.96,test,True
BUILD-0141,dependency_install,106.3,setup,False
BUILD-0141,integration_tests,215.57,test,True
BUILD-0141,security_scan,184.05,verification,True
BUILD-0142,security_scan,25.97,verification,True
BUILD-0142,unit_tests,126.1,test,True
BUILD-0142,compile,26.45,build,False
BUILD-0142,deployment_validation,41.23,validate,False
BUILD-0142,integration_tests,152.15,test,True
BUILD-0142,package_build,46.03,package,False
BUILD-0142,dependency_install,49.18,setup,False
BUILD-0143,package_build,32.51,package,False
BUILD-0143,dependency_install,44.35,setup,False
BUILD-0143,compile,68.8,build,False
BUILD-0143,unit_tests,105.73,test,False
BUILD-0143,security_scan,58.16,verification,False
BUILD-0143,deployment_validation,43.39,validate,False
BUILD-0144,package_build,16.87,package,False
BUILD-0144,integration_tests,190.78,test,True
BUILD-0144,compile,39.49,build,False
BUILD-0144,deployment_validation,37.1,validate,False
BUILD-0144,security_scan,86.53,verification,True
BUILD-0144,unit_tests,77.53,test,True
BUILD-0145,dependency_install,12.29,setup,False
BUILD-0145,unit_tests,72.74,test,True
BUILD-0145,compile,36.41,build,False
BUILD-0145,integration_tests,177.15,test,True
BUILD-0145,deployment_validation,50.68,validate,False
BUILD-0146,compile,107.89,build,False
BUILD-0146,integration_tests,581.53,test,True
BUILD-0146,security_scan,32.35,verification,True
BUILD-0146,unit_tests,102.59,test,True
BUILD-0146,package_build,40.6,package,False
BUILD-0147,unit_tests,106.07,test,True
BUILD-0147,integration_tests,190.84,test,True
BUILD-0147,package_build,20.19,package,False
BUILD-0147,security_scan,33.03,verification,True
BUILD-0147,deployment_validation,38.25,validate,False
BUILD-0148,compile,30.28,build,False
BUILD-0148,package_build,16.53,package,False
BUILD-0148,dependency_install,50.21,setup,False
BUILD-0148,security_scan,14.03,verification,True
BUILD-0148,unit_tests,111.37,test,True
BUILD-0149,dependency_install,42.55,setup,False
BUILD-0149,security_scan,26.21,verification,True
BUILD-0149,package_build,18.13,package,False
BUILD-0149,compile,132.2,build,False
BUILD-0149,deployment_validation,37.19,validate,False
BUILD-0149,integration_tests,555.42,test,True
BUILD-0149,unit_tests,94.33,test,True
BUILD-0150,security_scan,70.81,verification,True
BUILD-0150,integration_tests,145.36,test,True
BUILD-0150,dependency_install,117.22,setup,False
BUILD-0150,package_build,87.05,package,False
BUILD-0150,deployment_validation,30.66,validate,False
BUILD-0150,compile,74.86,build,False
BUILD-0151,security_scan,21.42,verification,True
BUILD-0151,deployment_validation,43.12,validate,False
BUILD-0151,integration_tests,202.87,test,True
BUILD-0151,dependency_install,18.64,setup,False
BUILD-0151,compile,33.1,build,False
BUILD-0152,integration_tests,280.26,test,True
BUILD-0152,unit_tests,189.03,test,True
BUILD-0152,package_build,31.42,package,False
BUILD-0152,deployment_validation,63.7,validate,False
BUILD-0152,security_scan,43.42,verification,True
BUILD-0152,dependency_install,30.03,setup,False
BUILD-0152,compile,57.43,build,False
BUILD-0153,security_scan,46.18,verification,True
BUILD-0153,integration_tests,256.09,test,True
BUILD-0153,dependency_install,29.31,setup,False
BUILD-0153,deployment_validation,61.38,validate,False
BUILD-0153,package_build,33.54,package,False
BUILD-0153,compile,58.85,build,False
BUILD-0154,dependency_install,21.62,setup,False
BUILD-0154,integration_tests,176.39,test,False
BUILD-0154,compile,93.03,build,False
BUILD-0154,security_scan,21.57,verification,False
BUILD-0154,unit_tests,136.86,test,False
BUILD-0154,deployment_validation,34.77,validate,False
BUILD-0154,package_build,53.03,package,False
BUILD-0155,dependency_install,37.98,setup,False
BUILD-0155,security_scan,34.4,verification,True
BUILD-0155,unit_tests,79.99,test,True
BUILD-0155,package_build,20.39,package,False
BUILD-0155,compile,46.34,build,False
BUILD-0156,integration_tests,835.62,test,True
BUILD-0156,package_build,25.44,package,False
BUILD-0156,unit_tests,102.06,test,True
BUILD-0156,compile,129.27,build,False
BUILD-0156,security_scan,33.22,verification,True
BUILD-0156,dependency_install,61.22,setup,False
BUILD-0156,deployment_validation,39.65,validate,False
BUILD-0157,integration_tests,902.09,test,True
BUILD-0157,compile,164.21,build,False
BUILD-0157,unit_tests,111.92,test,True
BUILD-0157,package_build,24.66,package,False
BUILD-0157,security_scan,58.0,verification,True
BUILD-0158,security_scan,57.96,verification,True
BUILD-0158,unit_tests,99.31,test,True
BUILD-0158,integration_tests,539.97,test,True
BUILD-0158,dependency_install,44.57,setup,False
BUILD-0158,deployment_validation,41.97,validate,False
BUILD-0158,package_build,52.41,package,False
BUILD-0159,security_scan,39.12,verification,True
BUILD-0159,compile,38.45,build,False
BUILD-0159,integration_tests,173.41,test,True
BUILD-0159,dependency_install,23.18,setup,False
BUILD-0159,deployment_validation,47.14,validate,False
BUILD-0160,package_build,14.28,package,False
BUILD-0160,compile,31.03,build,False
BUILD-0160,deployment_validation,43.81,validate,False
BUILD-0160,unit_tests,113.38,test,True
BUILD-0160,security_scan,23.54,verification,True
BUILD-0160,dependency_install,16.03,setup,False
BUILD-0160,integration_tests,152.23,test,True
BUILD-0161,deployment_validation,47.94,validate,False
BUILD-0161,integration_tests,211.12,test,True
BUILD-0161,dependency_install,39.79,setup,False
BUILD-0161,compile,37.77,build,False
BUILD-0161,security_scan,46.91,verification,True
BUILD-0162,unit_tests,86.44,test,True
BUILD-0162,integration_tests,184.58,test,True
BUILD-0162,compile,32.22,build,False
BUILD-0162,security_scan,36.65,verification,True
BUILD-0162,deployment_validation,49.2,validate,False
BUILD-0162,dependency_install,13.42,setup,False
BUILD-0162,package_build,20.19,package,False
BUILD-0163,compile,93.51,build,False
BUILD-0163,unit_tests,88.53,test,False
BUILD-0163,integration_tests,179.46,test,False
BUILD-0163,package_build,41.32,package,False
BUILD-0163,dependency_install,15.59,setup,False
BUILD-0163,security_scan,38.33,verification,False
BUILD-0163,deployment_validation,29.06,validate,False
BUILD-0164,integration_tests,195.23,test,True
BUILD-0164,unit_tests,103.48,test,True
BUILD-0164,package_build,25.38,package,False
BUILD-0164,deployment_validation,44.55,validate,False
BUILD-0164,dependency_install,21.1,setup,False
BUILD-0165,integration_tests,554.7,test,True
BUILD-0165,security_scan,27.94,verification,True
BUILD-0165,unit_tests,91.0,test,True
BUILD-0165,dependency_install,33.57,setup,False
BUILD-0165,compile,115.7,build,False
BUILD-0165,package_build,42.59,package,False
BUILD-0166,security_scan,20.44,verification,True
BUILD-0166,dependency_install,11.23,setup,False
BUILD-0166,compile,29.67,build,False
BUILD-0166,integration_tests,220.89,test,True
BUILD-0166,deployment_validation,44.64,validate,False
BUILD-0166,package_build,15.92,package,False
BUILD-0167,package_build,22.05,package,False
BUILD-0167,deployment_validation,39.04,validate,False
BUILD-0167,compile,68.37,build,False
BUILD-0167,integration_tests,194.88,test,False
BUILD-0167,security_scan,89.39,verification,False
BUILD-0167,unit_tests,98.17,test,False
BUILD-0168,compile,192.61,build,False
BUILD-0168,security_scan,69.79,verification,True
BUILD-0168,integration_tests,194.92,test,True
BUILD-0168,package_build,106.09,package,False
BUILD-0168,dependency_install,129.89,setup,False
BUILD-0168,unit_tests,96.78,test,True
BUILD-0168,deployment_validation,37.42,validate,False
BUILD-0169,unit_tests,102.74,test,True
BUILD-0169,deployment_validation,40.29,validate,False
BUILD-0169,dependency_install,20.37,setup,False
BUILD-0169,compile,124.12,build,False
BUILD-0169,integration_tests,634.98,test,True
BUILD-0169,package_build,39.48,package,False
BUILD-0170,package_build,18.3,package,False
BUILD-0170,integration_tests,685.28,test,True
BUILD-0170,dependency_install,18.07,setup,False
BUILD-0170,unit_tests,107.75,test,True
BUILD-0170,deployment_validation,38.23,validate,False
BUILD-0170,security_scan,83.1,verification,True
BUILD-0170,compile,101.1,build,False
BUILD-0171,integration_tests,187.53,test,True
BUILD-0171,security_scan,32.67,verification,True
BUILD-0171,deployment_validation,32.57,validate,False
BUILD-0171,compile,30.2,build,False
BUILD-0171,unit_tests,84.53,test,True
BUILD-0171,dependency_install,14.91,setup,False
BUILD-0171,package_build,18.69,package,False
BUILD-0172,package_build,27.98,package,False
BUILD-0172,security_scan,53.86,verification,False
BUILD-0172,unit_tests,98.82,test,False
BUILD-0172,deployment_validation,48.76,validate,False
BUILD-0172,integration_tests,134.5,test,False
BUILD-0172,dependency_install,47.12,setup,False
BUILD-0172,compile,79.97,build,False
BUILD-0173,security_scan,19.22,verification,True
BUILD-0173,deployment_validation,28.52,validate,False
BUILD-0173,integration_tests,206.36,test,True
BUILD-0173,unit_tests,110.73,test,True
BUILD-0173,compile,29.27,build,False
BUILD-0173,dependency_install,14.49,setup,False
BUILD-0174,deployment_validation,37.73,validate,False
BUILD-0174,integration_tests,174.5,test,True
BUILD-0174,dependency_install,14.38,setup,False
BUILD-0174,compile,23.74,build,False
BUILD-0174,unit_tests,85.75,test,True
BUILD-0174,package_build,14.29,package,False
BUILD-0175,package_build,44.23,package,False
BUILD-0175,deployment_validation,41.4,validate,False
BUILD-0175,unit_tests,72.83,test,True
BUILD-0175,compile,37.79,build,False
BUILD-0175,security_scan,35.44,verification,True
BUILD-0176,dependency_install,37.08,setup,False
BUILD-0176,unit_tests,77.42,test,True
BUILD-0176,integration_tests,198.76,test,True
BUILD-0176,compile,36.18,build,False
BUILD-0176,deployment_validation,38.44,validate,False
BUILD-0176,package_build,22.03,package,False
BUILD-0177,integration_tests,232.69,test,True
BUILD-0177,security_scan,98.54,verification,True
BUILD-0177,package_build,35.27,package,False
BUILD-0177,deployment_validation,57.98,validate,False
BUILD-0177,dependency_install,31.72,setup,False
BUILD-0178,integration_tests,171.72,test,True
BUILD-0178,unit_tests,113.72,test,True
BUILD-0178,security_scan,57.25,verification,True
BUILD-0178,package_build,46.0,package,False
BUILD-0178,dependency_install,15.98,setup,False
BUILD-0179,security_scan,28.96,verification,True
BUILD-0179,dependency_install,16.08,setup,False
BUILD-0179,package_build,23.59,package,False
BUILD-0179,compile,29.65,build,False
BUILD-0179,unit_tests,97.74,test,True
BUILD-0179,deployment_validation,38.15,validate,False
BUILD-0179,integration_tests,183.61,test,True
BUILD-0180,security_scan,23.94,verification,True
BUILD-0180,dependency_install,13.22,setup,False
BUILD-0180,deployment_validation,34.66,validate,False
BUILD-0180,compile,25.04,build,False
BUILD-0180,integration_tests,173.55,test,True
BUILD-0180,unit_tests,96.24,test,True
BUILD-0181,unit_tests,82.91,test,True
BUILD-0181,package_build,37.99,package,False
BUILD-0181,deployment_validation,52.93,validate,False
BUILD-0181,dependency_install,16.81,setup,False
BUILD-0181,compile,40.52,build,False
BUILD-0182,package_build,35.7,package,False
BUILD-0182,unit_tests,144.27,test,True
BUILD-0182,dependency_install,25.46,setup,False
BUILD-0182,compile,136.61,build,False
BUILD-0182,security_scan,90.55,verification,True
BUILD-0182,deployment_validation,77.1,validate,False
BUILD-0182,integration_tests,265.08,test,True
BUILD-0183,integration_tests,166.31,test,False
BUILD-0183,unit_tests,91.63,test,False
BUILD-0183,package_build,18.49,package,False
BUILD-0183,compile,34.09,build,False
BUILD-0183,security_scan,26.6,verification,False
BUILD-0183,dependency_install,24.24,setup,False
BUILD-0183,deployment_validation,40.3,validate,False
BUILD-0184,package_build,17.95,package,False
BUILD-0184,deployment_validation,54.79,validate,False
BUILD-0184,integration_tests,171.9,test,True
BUILD-0184,unit_tests,85.73,test,True
BUILD-0184,compile,30.22,build,False
BUILD-0185,package_build,50.48,package,False
BUILD-0185,deployment_validation,37.77,validate,False
BUILD-0185,dependency_install,17.24,setup,False
BUILD-0185,security_scan,75.33,verification,True
BUILD-0185,integration_tests,573.71,test,True
BUILD-0185,unit_tests,69.32,test,True
BUILD-0186,dependency_install,11.48,setup,False
BUILD-0186,package_build,23.49,package,False
BUILD-0186,compile,37.53,build,False
BUILD-0186,security_scan,61.67,verification,False
BUILD-0186,unit_tests,102.7,test,False
BUILD-0186,deployment_validation,32.31,validate,False
BUILD-0186,integration_tests,153.9,test,False
BUILD-0187,compile,29.75,build,False
BUILD-0187,security_scan,21.97,verification,True
BUILD-0187,unit_tests,94.11,test,True
BUILD-0187,integration_tests,164.78,test,True
BUILD-0187,deployment_validation,37.53,validate,False
BUILD-0187,package_build,16.54,package,False
BUILD-0187,dependency_install,40.23,setup,False
BUILD-0188,integration_tests,163.05,test,True
BUILD-0188,compile,36.08,build,False
BUILD-0188,security_scan,28.06,verification,True
BUILD-0188,deployment_validation,30.79,validate,False
BUILD-0188,package_build,25.58,package,False
BUILD-0188,unit_tests,102.12,test,True
BUILD-0189,package_build,23.51,package,False
BUILD-0189,compile,22.26,build,False
BUILD-0189,integration_tests,173.93,test,True
BUILD-0189,unit_tests,78.33,test,True
BUILD-0189,security_scan,17.88,verification,True
BUILD-0190,unit_tests,105.82,test,True
BUILD-0190,compile,168.83,build,False
BUILD-0190,security_scan,101.95,verification,True
BUILD-0190,integration_tests,165.25,test,True
BUILD-0190,deployment_validation,42.35,validate,False
BUILD-0191,security_scan,32.37,verification,True
BUILD-0191,unit_tests,94.78,test,True
BUILD-0191,compile,39.13,build,False
BUILD-0191,package_build,22.9,package,False
BUILD-0191,deployment_validation,34.16,validate,False
BUILD-0191,dependency_install,23.88,setup,False
BUILD-0191,integration_tests,175.72,test,True
BUILD-0192,security_scan,150.49,verification,True
BUILD-0192,deployment_validation,37.34,validate,False
BUILD-0192,dependency_install,83.64,setup,False
BUILD-0192,integration_tests,175.33,test,True
BUILD-0192,unit_tests,119.39,test,True
BUILD-0193,integration_tests,205.73,test,True
BUILD-0193,unit_tests,168.15,test,True
BUILD-0193,compile,107.1,build,False
BUILD-0193,dependency_install,26.66,setup,False
BUILD-0193,package_build,38.25,package,False
BUILD-0193,deployment_validation,51.08,validate,False
BUILD-0193,security_scan,60.77,verification,True
BUILD-0194,package_build,27.95,package,False
BUILD-0194,compile,170.95,build,False
BUILD-0194,dependency_install,63.23,setup,False
BUILD-0194,deployment_validation,58.71,validate,False
BUILD-0194,integration_tests,273.78,test,True
BUILD-0194,security_scan,130.05,verification,True
BUILD-0195,package_build,33.36,package,False
BUILD-0195,security_scan,97.03,verification,True
BUILD-0195,dependency_install,30.62,setup,False
BUILD-0195,compile,49.8,build,False
BUILD-0195,unit_tests,172.26,test,True
BUILD-0195,integration_tests,251.25,test,True
BUILD-0196,dependency_install,46.25,setup,False
BUILD-0196,security_scan,25.13,verification,True
BUILD-0196,unit_tests,81.15,test,True
BUILD-0196,package_build,26.55,package,False
BUILD-0196,compile,32.45,build,False
BUILD-0197,deployment_validation,69.28,validate,False
BUILD-0197,security_scan,62.5,verification,True
BUILD-0197,unit_tests,156.21,test,True
BUILD-0197,integration_tests,317.53,test,True
BUILD-0197,compile,41.84,build,False
BUILD-0197,package_build,23.49,package,False
BUILD-0197,dependency_install,93.6,setup,False
BUILD-0198,integration_tests,173.23,test,True
BUILD-0198,unit_tests,113.93,test,True
BUILD-0198,package_build,24.38,package,False
BUILD-0198,compile,85.47,build,False
BUILD-0198,security_scan,92.73,verification,True
BUILD-0199,dependency_install,51.26,setup,False
BUILD-0199,package_build,50.43,package,False
BUILD-0199,integration_tests,642.47,test,True
BUILD-0199,deployment_validation,49.17,validate,False
BUILD-0199,unit_tests,102.24,test,True
BUILD-0200,security_scan,21.36,verification,True
BUILD-0200,integration_tests,189.7,test,True
BUILD-0200,package_build,18.96,package,False
BUILD-0200,dependency_install,15.25,setup,False
BUILD-0200,unit_tests,86.52,test,True
BUILD-0201,compile,64.62,build,False
BUILD-0201,security_scan,32.06,verification,True
BUILD-0201,unit_tests,79.28,test,True
BUILD-0201,deployment_validation,38.67,validate,False
BUILD-0201,integration_tests,172.53,test,True
BUILD-0201,package_build,18.31,package,False
BUILD-0202,security_scan,79.03,verification,False
BUILD-0202,integration_tests,164.26,test,False
BUILD-0202,package_build,48.75,package,False
BUILD-0202,compile,37.53,build,False
BUILD-0202,dependency_install,19.49,setup,False
BUILD-0203,deployment_validation,49.64,validate,False
BUILD-0203,unit_tests,104.45,test,True
BUILD-0203,integration_tests,211.68,test,True
BUILD-0203,dependency_install,16.18,setup,False
BUILD-0203,compile,22.55,build,False
BUILD-0204,integration_tests,252.18,test,True
BUILD-0204,package_build,28.13,package,False
BUILD-0204,deployment_validation,70.63,validate,False
BUILD-0204,dependency_install,34.46,setup,False
BUILD-0204,compile,122.68,build,False
BUILD-0204,unit_tests,132.06,test,True
BUILD-0204,security_scan,53.97,verification,True
BUILD-0205,compile,111.22,build,False
BUILD-0205,package_build,24.41,package,False
BUILD-0205,deployment_validation,29.44,validate,False
BUILD-0205,unit_tests,105.74,test,False
BUILD-0205,integration_tests,190.29,test,False
BUILD-0206,package_build,17.14,package,False
BUILD-0206,integration_tests,146.94,test,True
BUILD-0206,unit_tests,92.02,test,True
BUILD-0206,compile,24.43,build,False
BUILD-0206,dependency_install,14.38,setup,False
BUILD-0207,security_scan,194.94,verification,True
BUILD-0207,deployment_validation,42.37,validate,False
BUILD-0207,integration_tests,147.71,test,True
BUILD-0207,package_build,116.55,package,False
BUILD-0207,unit_tests,112.05,test,True
BUILD-0208,integration_tests,163.54,test,True
BUILD-0208,deployment_validation,31.3,validate,False
BUILD-0208,unit_tests,79.24,test,True
BUILD-0208,dependency_install,14.68,setup,False
BUILD-0208,compile,24.55,build,False
BUILD-0208,security_scan,21.5,verification,True
BUILD-0208,package_build,12.0,package,False
BUILD-0209,package_build,23.64,package,False
BUILD-0209,unit_tests,70.79,test,True
BUILD-0209,deployment_validation,48.74,validate,False
BUILD-0209,security_scan,39.44,verification,True
BUILD-0209,compile,31.95,build,False
BUILD-0209,dependency_install,23.79,setup,False
BUILD-0209,integration_tests,164.53,test,True
BUILD-0210,package_build,29.47,package,False
BUILD-0210,dependency_install,85.4,setup,False
BUILD-0210,compile,58.45,build,False
BUILD-0210,deployment_validation,65.89,validate,False
BUILD-0210,integration_tests,231.18,test,True
BUILD-0210,unit_tests,198.99,test,True
BUILD-0211,integration_tests,802.81,test,True
BUILD-0211,deployment_validation,45.74,validate,False
BUILD-0211,compile,134.12,build,False
BUILD-0211,dependency_install,50.59,setup,False
BUILD-0211,package_build,22.48,package,False
BUILD-0212,compile,93.39,build,False
BUILD-0212,dependency_install,18.28,setup,False
BUILD-0212,deployment_validation,45.69,validate,False
BUILD-0212,integration_tests,198.41,test,False
BUILD-0212,security_scan,18.39,verification,False
BUILD-0212,package_build,25.2,package,False
BUILD-0212,unit_tests,88.85,test,False
BUILD-0213,dependency_install,20.0,setup,False
BUILD-0213,deployment_validation,39.27,validate,False
BUILD-0213,unit_tests,116.57,test,False
BUILD-0213,compile,39.41,build,False
BUILD-0213,security_scan,26.66,verification,False
BUILD-0213,package_build,28.76,package,False
BUILD-0213,integration_tests,212.97,test,False
BUILD-0214,security_scan,36.92,verification,True
BUILD-0214,package_build,21.47,package,False
BUILD-0214,integration_tests,763.72,test,True
BUILD-0214,compile,109.18,build,False
BUILD-0214,unit_tests,77.14,test,True
BUILD-0214,dependency_install,47.35,setup,False
BUILD-0215,compile,113.95,build,False
BUILD-0215,unit_tests,87.48,test,True
BUILD-0215,dependency_install,22.59,setup,False
BUILD-0215,integration_tests,384.85,test,True
BUILD-0215,security_scan,32.3,verification,True
BUILD-0215,deployment_validation,46.2,validate,False
BUILD-0215,package_build,21.84,package,False
BUILD-0216,compile,84.82,build,False
BUILD-0216,security_scan,67.98,verification,True
BUILD-0216,dependency_install,24.47,setup,False
BUILD-0216,package_build,18.75,package,False
BUILD-0216,integration_tests,178.61,test,True
BUILD-0216,deployment_validation,41.23,validate,False
BUILD-0217,dependency_install,14.86,setup,False
BUILD-0217,compile,34.98,build,False
BUILD-0217,security_scan,22.82,verification,True
BUILD-0217,deployment_validation,36.39,validate,False
BUILD-0217,integration_tests,192.66,test,True
BUILD-0217,unit_tests,80.77,test,True
BUILD-0218,compile,40.14,build,False
BUILD-0218,deployment_validation,47.36,validate,False
BUILD-0218,security_scan,31.03,verification,False
BUILD-0218,integration_tests,174.5,test,False
BUILD-0218,unit_tests,82.49,test,False
BUILD-0219,security_scan,27.53,verification,False
BUILD-0219,compile,31.02,build,False
BUILD-0219,deployment_validation,38.18,validate,False
BUILD-0219,package_build,61.76,package,False
BUILD-0219,integration_tests,165.8,test,False
BUILD-0219,unit_tests,94.8,test,False
BUILD-0220,deployment_validation,45.3,validate,False
BUILD-0220,package_build,55.53,package,False
BUILD-0220,unit_tests,90.99,test,True
BUILD-0220,compile,154.39,build,False
BUILD-0220,dependency_install,109.85,setup,False
BUILD-0221,security_scan,135.67,verification,True
BUILD-0221,package_build,141.99,package,False
BUILD-0221,unit_tests,77.13,test,True
BUILD-0221,dependency_install,117.63,setup,False
BUILD-0221,deployment_validation,31.86,validate,False
BUILD-0222,unit_tests,94.49,test,True
BUILD-0222,security_scan,137.8,verification,True
BUILD-0222,compile,225.76,build,False
BUILD-0222,package_build,83.29,package,False
BUILD-0222,dependency_install,96.02,setup,False
BUILD-0223,package_build,26.38,package,False
BUILD-0223,security_scan,26.7,verification,True
BUILD-0223,compile,80.74,build,False
BUILD-0223,deployment_validation,42.57,validate,False
BUILD-0223,dependency_install,22.36,setup,False
BUILD-0223,unit_tests,97.51,test,True
BUILD-0224,security_scan,23.15,verification,True
BUILD-0224,compile,27.65,build,False
BUILD-0224,integration_tests,157.62,test,True
BUILD-0224,dependency_install,12.76,setup,False
BUILD-0224,deployment_validation,39.65,validate,False
BUILD-0224,unit_tests,88.61,test,True
BUILD-0225,compile,101.24,build,False
BUILD-0225,deployment_validation,33.79,validate,False
BUILD-0225,security_scan,62.54,verification,False
BUILD-0225,unit_tests,96.05,test,False
BUILD-0225,integration_tests,217.73,test,False
BUILD-0225,package_build,22.69,package,False
BUILD-0225,dependency_install,40.63,setup,False
BUILD-0226,deployment_validation,39.65,validate,False
BUILD-0226,package_build,15.64,package,False
BUILD-0226,unit_tests,87.73,test,True
BUILD-0226,dependency_install,18.5,setup,False
BUILD-0226,integration_tests,159.25,test,True
BUILD-0226,compile,62.65,build,False
BUILD-0226,security_scan,24.85,verification,True
BUILD-0227,integration_tests,172.12,test,True
BUILD-0227,deployment_validation,30.62,validate,False
BUILD-0227,compile,31.71,build,False
BUILD-0227,dependency_install,15.57,setup,False
BUILD-0227,security_scan,68.1,verification,True
BUILD-0227,unit_tests,140.5,test,True
BUILD-0228,compile,32.36,build,False
BUILD-0228,dependency_install,16.94,setup,False
BUILD-0228,integration_tests,215.36,test,True
BUILD-0228,deployment_validation,36.59,validate,False
BUILD-0228,security_scan,17.77,verification,True
BUILD-0228,package_build,18.03,package,False
BUILD-0228,unit_tests,100.17,test,True
BUILD-0229,compile,149.95,build,False
BUILD-0229,unit_tests,169.58,test,True
BUILD-0229,dependency_install,33.09,setup,False
BUILD-0229,security_scan,100.43,verification,True
BUILD-0229,integration_tests,243.81,test,True
BUILD-0229,deployment_validation,68.11,validate,False
BUILD-0229,package_build,80.86,package,False
BUILD-0230,dependency_install,17.3,setup,False
BUILD-0230,package_build,16.62,package,False
BUILD-0230,integration_tests,169.1,test,True
BUILD-0230,compile,23.99,build,False
BUILD-0230,unit_tests,101.04,test,True
BUILD-0230,security_scan,32.08,verification,True
BUILD-0231,deployment_validation,40.15,validate,False
BUILD-0231,security_scan,38.17,verification,True
BUILD-0231,integration_tests,177.85,test,True
BUILD-0231,unit_tests,101.45,test,True
BUILD-0231,compile,67.25,build,False
BUILD-0231,dependency_install,21.55,setup,False
BUILD-0232,compile,23.01,build,False
BUILD-0232,security_scan,23.56,verification,True
BUILD-0232,package_build,17.59,package,False
BUILD-0232,integration_tests,172.79,test,True
BUILD-0232,unit_tests,120.55,test,True
BUILD-0233,integration_tests,158.25,test,True
BUILD-0233,dependency_install,22.06,setup,False
BUILD-0233,security_scan,32.78,verification,True
BUILD-0233,package_build,23.53,package,False
BUILD-0233,deployment_validation,50.85,validate,False
BUILD-0233,unit_tests,100.0,test,True
BUILD-0233,compile,34.36,build,False
BUILD-0234,unit_tests,67.14,test,True
BUILD-0234,dependency_install,10.74,setup,False
BUILD-0234,security_scan,22.27,verification,True
BUILD-0234,integration_tests,215.02,test,True
BUILD-0234,deployment_validation,39.86,validate,False
BUILD-0234,package_build,14.88,package,False
BUILD-0234,compile,25.88,build,False
BUILD-0235,dependency_install,21.91,setup,False
BUILD-0235,security_scan,30.37,verification,True
BUILD-0235,unit_tests,89.77,test,True
BUILD-0235,deployment_validation,37.65,validate,False
BUILD-0235,compile,68.93,build,False
BUILD-0236,package_build,47.58,package,False
BUILD-0236,security_scan,37.25,verification,False
BUILD-0236,compile,98.26,build,False
BUILD-0236,dependency_install,51.74,setup,False
BUILD-0236,integration_tests,168.35,test,False
BUILD-0236,unit_tests,100.75,test,False
BUILD-0236,deployment_validation,39.85,validate,False
BUILD-0237,security_scan,27.77,verification,False
BUILD-0237,deployment_validation,47.17,validate,False
BUILD-0237,compile,29.94,build,False
BUILD-0237,integration_tests,169.14,test,False
BUILD-0237,unit_tests,102.47,test,False
BUILD-0237,package_build,20.78,package,False
BUILD-0237,dependency_install,22.61,setup,False
BUILD-0238,dependency_install,26.14,setup,False
BUILD-0238,deployment_validation,34.0,validate,False
BUILD-0238,security_scan,28.3,verification,True
BUILD-0238,package_build,24.23,package,False
BUILD-0238,compile,82.15,build,False
BUILD-0238,unit_tests,100.0,test,True
BUILD-0238,integration_tests,193.21,test,True
BUILD-0239,dependency_install,12.89,setup,False
BUILD-0239,deployment_validation,45.01,validate,False
BUILD-0239,package_build,18.22,package,False
BUILD-0239,integration_tests,197.56,test,True
BUILD-0239,unit_tests,81.23,test,True
BUILD-0240,unit_tests,70.71,test,False
BUILD-0240,deployment_validation,26.34,validate,False
BUILD-0240,security_scan,32.17,verification,False
BUILD-0240,package_build,26.21,package,False
BUILD-0240,dependency_install,21.02,setup,False
BUILD-0241,compile,55.33,build,False
BUILD-0241,package_build,33.48,package,False
BUILD-0241,integration_tests,296.91,test,True
BUILD-0241,unit_tests,148.73,test,True
BUILD-0241,deployment_validation,57.87,validate,False
BUILD-0241,security_scan,45.07,verification,True
BUILD-0242,dependency_install,19.46,setup,False
BUILD-0242,unit_tests,105.53,test,True
BUILD-0242,package_build,24.58,package,False
BUILD-0242,deployment_validation,34.39,validate,False
BUILD-0242,compile,331.96,build,False
BUILD-0242,security_scan,28.97,verification,True
BUILD-0242,integration_tests,668.81,test,True
BUILD-0243,deployment_validation,42.04,validate,False
BUILD-0243,security_scan,22.13,verification,True
BUILD-0243,unit_tests,82.02,test,True
BUILD-0243,package_build,17.74,package,False
BUILD-0243,dependency_install,11.3,setup,False
BUILD-0243,integration_tests,172.0,test,True
BUILD-0243,compile,21.25,build,False
BUILD-0244,deployment_validation,46.3,validate,False
BUILD-0244,unit_tests,82.69,test,True
BUILD-0244,compile,174.99,build,False
BUILD-0244,package_build,107.48,package,False
BUILD-0244,dependency_install,51.09,setup,False
BUILD-0244,integration_tests,185.79,test,True
BUILD-0244,security_scan,140.83,verification,True
BUILD-0245,security_scan,63.18,verification,True
BUILD-0245,integration_tests,181.89,test,True
BUILD-0245,dependency_install,18.49,setup,False
BUILD-0245,compile,24.11,build,False
BUILD-0245,deployment_validation,41.43,validate,False
BUILD-0245,package_build,20.06,package,False
BUILD-0246,security_scan,32.4,verification,True
BUILD-0246,compile,41.41,build,False
BUILD-0246,dependency_install,26.75,setup,False
BUILD-0246,integration_tests,198.3,test,True
BUILD-0246,deployment_validation,36.08,validate,False
BUILD-0246,package_build,16.32,package,False
BUILD-0247,integration_tests,217.09,test,False
BUILD-0247,deployment_validation,39.18,validate,False
BUILD-0247,compile,41.15,build,False
BUILD-0247,unit_tests,117.97,test,False
BUILD-0247,security_scan,37.71,verification,False
BUILD-0247,dependency_install,56.07,setup,False
BUILD-0248,dependency_install,17.32,setup,False
BUILD-0248,unit_tests,95.43,test,False
BUILD-0248,compile,34.61,build,False
BUILD-0248,integration_tests,115.13,test,False
BUILD-0248,security_scan,74.45,verification,False
BUILD-0248,package_build,22.98,package,False
BUILD-0249,deployment_validation,50.17,validate,False
BUILD-0249,security_scan,121.28,verification,True
BUILD-0249,integration_tests,185.25,test,True
BUILD-0249,unit_tests,84.42,test,True
BUILD-0249,compile,154.24,build,False
BUILD-0249,dependency_install,98.32,setup,False
BUILD-0249,package_build,107.52,package,False
BUILD-0250,dependency_install,18.15,setup,False
BUILD-0250,security_scan,24.86,verification,True
BUILD-0250,package_build,22.22,package,False
BUILD-0250,integration_tests,139.37,test,True
BUILD-0250,deployment_validation,44.56,validate,False
BUILD-0250,compile,80.99,build,False
BUILD-0250,unit_tests,74.23,test,True
BUILD-0251,compile,148.21,build,False
BUILD-0251,package_build,106.4,package,False
BUILD-0251,deployment_validation,48.04,validate,False
BUILD-0251,integration_tests,129.37,test,True
BUILD-0251,dependency_install,87.0,setup,False
BUILD-0251,unit_tests,92.72,test,True
BUILD-0251,security_scan,77.05,verification,True
BUILD-0252,compile,108.72,build,False
BUILD-0252,integration_tests,656.03,test,True
BUILD-0252,security_scan,27.74,verification,True
BUILD-0252,package_build,58.07,package,False
BUILD-0252,unit_tests,95.3,test,True
BUILD-0252,deployment_validation,51.41,validate,False
BUILD-0252,dependency_install,20.07,setup,False
BUILD-0253,package_build,89.06,package,False
BUILD-0253,security_scan,119.24,verification,True
BUILD-0253,unit_tests,72.43,test,True
BUILD-0253,integration_tests,187.21,test,True
BUILD-0253,deployment_validation,43.05,validate,False
BUILD-0253,dependency_install,76.6,setup,False
BUILD-0253,compile,207.83,build,False
BUILD-0254,package_build,35.68,package,False
BUILD-0254,security_scan,132.93,verification,True
BUILD-0254,unit_tests,152.69,test,True
BUILD-0254,deployment_validation,61.23,validate,False
BUILD-0254,dependency_install,23.0,setup,False
BUILD-0255,integration_tests,160.58,test,False
BUILD-0255,unit_tests,91.99,test,False
BUILD-0255,compile,30.67,build,False
BUILD-0255,package_build,22.06,package,False
BUILD-0255,deployment_validation,40.46,validate,False
BUILD-0255,dependency_install,19.57,setup,False
BUILD-0255,security_scan,63.17,verification,False
BUILD-0256,dependency_install,23.76,setup,False
BUILD-0256,package_build,26.47,package,False
BUILD-0256,unit_tests,70.29,test,True
BUILD-0256,deployment_validation,41.24,validate,False
BUILD-0256,integration_tests,200.49,test,True
BUILD-0256,security_scan,33.3,verification,True
BUILD-0257,integration_tests,803.56,test,True
BUILD-0257,package_build,19.99,package,False
BUILD-0257,unit_tests,70.82,test,True
BUILD-0257,dependency_install,40.64,setup,False
BUILD-0257,deployment_validation,56.07,validate,False
BUILD-0257,compile,142.16,build,False
BUILD-0258,dependency_install,117.29,setup,False
BUILD-0258,package_build,134.28,package,False
BUILD-0258,deployment_validation,47.72,validate,False
BUILD-0258,security_scan,136.94,verification,True
BUILD-0258,integration_tests,202.83,test,True
BUILD-0258,compile,188.39,build,False
BUILD-0258,unit_tests,84.38,test,True
BUILD-0259,dependency_install,16.93,setup,False
BUILD-0259,package_build,48.01,package,False
BUILD-0259,compile,43.74,build,False
BUILD-0259,unit_tests,102.52,test,True
BUILD-0259,security_scan,75.13,verification,True
BUILD-0260,unit_tests,85.12,test,True
BUILD-0260,deployment_validation,28.99,validate,False
BUILD-0260,compile,42.32,build,False
BUILD-0260,integration_tests,222.81,test,True
BUILD-0260,dependency_install,50.26,setup,False
BUILD-0261,package_build,61.12,package,False
BUILD-0261,unit_tests,91.39,test,True
BUILD-0261,integration_tests,147.21,test,True
BUILD-0261,dependency_install,38.49,setup,False
BUILD-0261,compile,33.68,build,False
BUILD-0261,security_scan,70.52,verification,True
BUILD-0261,deployment_validation,39.03,validate,False
BUILD-0262,integration_tests,212.76,test,True
BUILD-0262,package_build,21.99,package,False
BUILD-0262,deployment_validation,35.72,validate,False
BUILD-0262,dependency_install,52.49,setup,False
BUILD-0262,unit_tests,78.14,test,True
BUILD-0263,compile,297.69,build,False
BUILD-0263,security_scan,89.86,verification,True
BUILD-0263,dependency_install,18.85,setup,False
BUILD-0263,integration_tests,609.7,test,True
BUILD-0263,unit_tests,78.66,test,True
BUILD-0264,security_scan,154.5,verification,True
BUILD-0264,integration_tests,177.24,test,True
BUILD-0264,dependency_install,94.06,setup,False
BUILD-0264,deployment_validation,33.41,validate,False
BUILD-0264,compile,167.85,build,False
BUILD-0264,package_build,91.04,package,False
BUILD-0265,dependency_install,14.91,setup,False
BUILD-0265,compile,30.93,build,False
BUILD-0265,deployment_validation,38.0,validate,False
BUILD-0265,unit_tests,111.72,test,True
BUILD-0265,security_scan,25.86,verification,True
BUILD-0266,dependency_install,48.02,setup,False
BUILD-0266,package_build,17.2,package,False
BUILD-0266,security_scan,26.18,verification,True
BUILD-0266,compile,88.81,build,False
BUILD-0266,integration_tests,644.57,test,True
BUILD-0266,deployment_validation,50.4,validate,False
BUILD-0267,dependency_install,21.02,setup,False
BUILD-0267,compile,27.08,build,False
BUILD-0267,deployment_validation,47.37,validate,False
BUILD-0267,unit_tests,79.85,test,True
BUILD-0267,package_build,15.21,package,False
BUILD-0268,package_build,17.06,package,False
BUILD-0268,unit_tests,88.27,test,True
BUILD-0268,deployment_validation,28.12,validate,False
BUILD-0268,integration_tests,200.19,test,True
BUILD-0268,dependency_install,13.22,setup,False
BUILD-0269,package_build,18.13,package,False
BUILD-0269,integration_tests,174.46,test,True
BUILD-0269,deployment_validation,54.0,validate,False
BUILD-0269,compile,29.23,build,False
BUILD-0269,dependency_install,17.87,setup,False
BUILD-0270,dependency_install,12.85,setup,False
BUILD-0270,deployment_validation,42.98,validate,False
BUILD-0270,compile,26.05,build,False
BUILD-0270,integration_tests,177.14,test,True
BUILD-0270,unit_tests,132.68,test,True
BUILD-0270,security_scan,18.98,verification,True
BUILD-0270,package_build,18.17,package,False
BUILD-0271,compile,360.44,build,False
BUILD-0271,integration_tests,574.19,test,True
BUILD-0271,unit_tests,99.39,test,True
BUILD-0271,deployment_validation,37.65,validate,False
BUILD-0271,package_build,23.41,package,False
BUILD-0271,dependency_install,42.68,setup,False
BUILD-0272,security_scan,66.12,verification,True
BUILD-0272,deployment_validation,42.26,validate,False
BUILD-0272,compile,35.84,build,False
BUILD-0272,dependency_install,52.6,setup,False
BUILD-0272,package_build,22.33,package,False
BUILD-0273,dependency_install,24.08,setup,False
BUILD-0273,integration_tests,562.26,test,True
BUILD-0273,deployment_validation,36.08,validate,False
BUILD-0273,security_scan,63.75,verification,True
BUILD-0273,compile,182.21,build,False
BUILD-0273,package_build,15.29,package,False
BUILD-0273,unit_tests,139.71,test,True
BUILD-0274,package_build,23.25,package,False
BUILD-0274,security_scan,69.42,verification,False
BUILD-0274,dependency_install,21.12,setup,False
BUILD-0274,integration_tests,194.07,test,False
BUILD-0274,compile,87.74,build,False
BUILD-0274,deployment_validation,43.33,validate,False
BUILD-0274,unit_tests,96.28,test,False
BUILD-0275,deployment_validation,38.77,validate,False
BUILD-0275,package_build,48.99,package,False
BUILD-0275,dependency_install,23.3,setup,False
BUILD-0275,unit_tests,128.25,test,True
BUILD-0275,integration_tests,185.19,test,True
BUILD-0276,security_scan,24.43,verification,True
BUILD-0276,package_build,16.48,package,False
BUILD-0276,compile,32.72,build,False
BUILD-0276,deployment_validation,45.69,validate,False
BUILD-0276,integration_tests,159.13,test,True
BUILD-0277,integration_tests,190.99,test,True
BUILD-0277,deployment_validation,46.87,validate,False
BUILD-0277,security_scan,22.55,verification,True
BUILD-0277,dependency_install,13.64,setup,False
BUILD-0277,compile,25.13,build,False
BUILD-0277,unit_tests,87.37,test,True
BUILD-0278,package_build,36.56,package,False
BUILD-0278,compile,125.55,build,False
BUILD-0278,integration_tests,290.24,test,True
BUILD-0278,deployment_validation,49.29,validate,False
BUILD-0278,dependency_install,32.18,setup,False
BUILD-0279,package_build,111.23,package,False
BUILD-0279,deployment_validation,42.7,validate,False
BUILD-0279,security_scan,122.74,verification,True
BUILD-0279,integration_tests,185.72,test,True
BUILD-0279,compile,142.46,build,False
BUILD-0279,unit_tests,94.66,test,True
BUILD-0279,dependency_install,65.1,setup,False
BUILD-0280,security_scan,18.5,verification,True
BUILD-0280,compile,24.67,build,False
BUILD-0280,integration_tests,171.69,test,True
BUILD-0280,unit_tests,68.02,test,True
BUILD-0280,package_build,18.06,package,False
BUILD-0280,dependency_install,45.01,setup,False
BUILD-0281,security_scan,124.6,verification,True
BUILD-0281,deployment_validation,76.15,validate,False
BUILD-0281,unit_tests,103.49,test,True
BUILD-0281,package_build,26.8,package,False
BUILD-0281,compile,93.14,build,False
BUILD-0281,integration_tests,208.24,test,True
BUILD-0281,dependency_install,29.83,setup,False
BUILD-0282,package_build,16.99,package,False
BUILD-0282,deployment_validation,30.76,validate,False
BUILD-0282,dependency_install,15.44,setup,False
BUILD-0282,integration_tests,182.13,test,True
BUILD-0282,security_scan,70.24,verification,True
BUILD-0282,compile,60.16,build,False
BUILD-0283,integration_tests,249.74,test,True
BUILD-0283,package_build,76.97,package,False
BUILD-0283,deployment_validation,61.64,validate,False
BUILD-0283,security_scan,49.2,verification,True
BUILD-0283,compile,81.06,build,False
BUILD-0283,dependency_install,52.05,setup,False
BUILD-0283,unit_tests,131.74,test,True
BUILD-0284,integration_tests,185.11,test,True
BUILD-0284,dependency_install,17.66,setup,False
BUILD-0284,unit_tests,81.13,test,True
BUILD-0284,security_scan,26.25,verification,True
BUILD-0284,compile,30.12,build,False
BUILD-0284,deployment_validation,46.36,validate,False
BUILD-0284,package_build,70.7,package,False
BUILD-0285,security_scan,21.78,verification,True
BUILD-0285,package_build,19.84,package,False
BUILD-0285,unit_tests,68.87,test,True
BUILD-0285,integration_tests,179.24,test,True
BUILD-0285,deployment_validation,42.01,validate,False
BUILD-0286,compile,24.02,build,False
BUILD-0286,unit_tests,83.28,test,True
BUILD-0286,deployment_validation,46.73,validate,False
BUILD-0286,dependency_install,45.0,setup,False
BUILD-0286,security_scan,24.47,verification,True
BUILD-0286,package_build,16.64,package,False
BUILD-0286,integration_tests,184.19,test,True
BUILD-0287,unit_tests,82.64,test,True
BUILD-0287,package_build,45.06,package,False
BUILD-0287,deployment_validation,38.18,validate,False
BUILD-0287,dependency_install,16.16,setup,False
BUILD-0287,security_scan,27.63,verification,True
BUILD-0287,compile,114.8,build,False
BUILD-0288,security_scan,72.76,verification,False
BUILD-0288,package_build,51.45,package,False
BUILD-0288,dependency_install,22.83,setup,False
BUILD-0288,integration_tests,176.29,test,False
BUILD-0288,compile,38.11,build,False
BUILD-0288,deployment_validation,39.38,validate,False
BUILD-0288,unit_tests,98.78,test,False
BUILD-0289,package_build,27.79,package,False
BUILD-0289,compile,187.94,build,False
BUILD-0289,unit_tests,102.44,test,True
BUILD-0289,deployment_validation,35.1,validate,False
BUILD-0289,dependency_install,46.29,setup,False
BUILD-0290,dependency_install,45.46,setup,False
BUILD-0290,deployment_validation,40.53,validate,False
BUILD-0290,unit_tests,97.81,test,True
BUILD-0290,package_build,15.88,package,False
BUILD-0290,integration_tests,171.47,test,True
BUILD-0290,security_scan,76.47,verification,True
BUILD-0291,security_scan,68.54,verification,True
BUILD-0291,compile,33.57,build,False
BUILD-0291,package_build,50.0,package,False
BUILD-0291,unit_tests,103.57,test,True
BUILD-0291,dependency_install,15.86,setup,False
BUILD-0292,compile,121.66,build,False
BUILD-0292,integration_tests,502.02,test,True
BUILD-0292,dependency_install,18.71,setup,False
BUILD-0292,unit_tests,92.89,test,True
BUILD-0292,security_scan,65.24,verification,True
BUILD-0292,deployment_validation,48.71,validate,False
BUILD-0292,package_build,23.6,package,False
BUILD-0293,package_build,18.29,package,False
BUILD-0293,unit_tests,89.72,test,True
BUILD-0293,compile,36.84,build,False
BUILD-0293,dependency_install,15.1,setup,False
BUILD-0293,deployment_validation,42.19,validate,False
BUILD-0293,security_scan,28.07,verification,True
BUILD-0294,dependency_install,19.54,setup,False
BUILD-0294,compile,29.58,build,False
BUILD-0294,integration_tests,155.64,test,True
BUILD-0294,security_scan,60.87,verification,True
BUILD-0294,package_build,20.45,package,False
BUILD-0294,unit_tests,78.05,test,True
BUILD-0295,package_build,19.46,package,False
BUILD-0295,dependency_install,22.19,setup,False
BUILD-0295,deployment_validation,38.03,validate,False
BUILD-0295,integration_tests,196.29,test,False
BUILD-0295,unit_tests,87.25,test,False
BUILD-0296,security_scan,68.29,verification,True
BUILD-0296,unit_tests,105.56,test,True
BUILD-0296,deployment_validation,36.92,validate,False
BUILD-0296,package_build,16.9,package,False
BUILD-0296,integration_tests,153.15,test,True
BUILD-0296,dependency_install,9.7,setup,False
BUILD-0297,deployment_validation,54.48,validate,False
BUILD-0297,dependency_install,22.63,setup,False
BUILD-0297,security_scan,69.8,verification,False
BUILD-0297,integration_tests,172.9,test,False
BUILD-0297,unit_tests,95.32,test,False
BUILD-0297,compile,38.95,build,False
BUILD-0298,security_scan,77.51,verification,True
BUILD-0298,dependency_install,17.45,setup,False
BUILD-0298,unit_tests,101.25,test,True
BUILD-0298,integration_tests,180.53,test,True
BUILD-0298,package_build,19.27,package,False
BUILD-0298,compile,30.49,build,False
BUILD-0298,deployment_validation,37.88,validate,False
BUILD-0299,security_scan,22.39,verification,True
BUILD-0299,deployment_validation,45.89,validate,False
BUILD-0299,integration_tests,159.96,test,True
BUILD-0299,unit_tests,64.2,test,True
BUILD-0299,dependency_install,46.73,setup,False
BUILD-0299,compile,32.15,build,False
BUILD-0300,package_build,24.76,package,False
BUILD-0300,dependency_install,49.57,setup,False
BUILD-0300,security_scan,20.76,verification,False
BUILD-0300,compile,30.94,build,False
BUILD-0300,integration_tests,169.31,test,False
BUILD-0300,unit_tests,92.44,test,False
BUILD-0301,security_scan,23.74,verification,False
BUILD-0301,unit_tests,92.49,test,False
BUILD-0301,integration_tests,224.86,test,False
BUILD-0301,package_build,22.57,package,False
BUILD-0301,dependency_install,20.95,setup,False
BUILD-0301,compile,64.88,build,False
BUILD-0302,security_scan,44.99,verification,True
BUILD-0302,package_build,30.14,package,False
BUILD-0302,dependency_install,31.61,setup,False
BUILD-0302,compile,71.21,build,False
BUILD-0302,integration_tests,260.8,test,True
BUILD-0302,unit_tests,131.46,test,True
BUILD-0303,integration_tests,222.67,test,True
BUILD-0303,security_scan,20.77,verification,True
BUILD-0303,deployment_validation,35.13,validate,False
BUILD-0303,package_build,14.2,package,False
BUILD-0303,unit_tests,91.67,test,True
BUILD-0303,dependency_install,16.85,setup,False
BUILD-0304,unit_tests,93.92,test,True
BUILD-0304,package_build,107.43,package,False
BUILD-0304,dependency_install,87.29,setup,False
BUILD-0304,integration_tests,157.45,test,True
BUILD-0304,deployment_validation,52.54,validate,False
BUILD-0304,security_scan,120.28,verification,True
BUILD-0305,unit_tests,163.76,test,True
BUILD-0305,integration_tests,272.69,test,True
BUILD-0305,package_build,34.53,package,False
BUILD-0305,deployment_validation,57.48,validate,False
BUILD-0305,security_scan,45.66,verification,True
BUILD-0306,integration_tests,120.28,test,True
BUILD-0306,unit_tests,116.85,test,True
BUILD-0306,package_build,17.69,package,False
BUILD-0306,dependency_install,43.2,setup,False
BUILD-0306,security_scan,29.47,verification,True
BUILD-0306,deployment_validation,43.53,validate,False
BUILD-0306,compile,60.82,build,False
BUILD-0307,deployment_validation,52.15,validate,False
BUILD-0307,dependency_install,35.8,setup,False
BUILD-0307,unit_tests,97.7,test,False
BUILD-0307,package_build,45.04,package,False
BUILD-0307,compile,38.3,build,False
BUILD-0307,security_scan,31.59,verification,False
BUILD-0308,compile,29.29,build,False
BUILD-0308,package_build,19.25,package,False
BUILD-0308,integration_tests,202.43,test,False
BUILD-0308,deployment_validation,48.35,validate,False
BUILD-0308,dependency_install,23.82,setup,False
BUILD-0308,security_scan,32.6,verification,False
BUILD-0308,unit_tests,77.86,test,False
BUILD-0309,security_scan,69.99,verification,True
BUILD-0309,unit_tests,77.18,test,True
BUILD-0309,package_build,139.38,package,False
BUILD-0309,compile,179.33,build,False
BUILD-0309,dependency_install,106.49,setup,False
BUILD-0309,integration_tests,167.31,test,True
BUILD-0309,deployment_validation,41.6,validate,False
BUILD-0310,unit_tests,94.06,test,True
BUILD-0310,compile,225.98,build,False
BUILD-0310,security_scan,145.8,verification,True
BUILD-0310,dependency_install,80.68,setup,False
BUILD-0310,integration_tests,162.52,test,True
BUILD-0311,compile,77.83,build,False
BUILD-0311,integration_tests,162.47,test,True
BUILD-0311,deployment_validation,47.93,validate,False
BUILD-0311,package_build,27.29,package,False
BUILD-0311,dependency_install,18.43,setup,False
BUILD-0311,unit_tests,68.4,test,True
BUILD-0311,security_scan,36.26,verification,True
BUILD-0312,dependency_install,50.34,setup,False
BUILD-0312,deployment_validation,28.18,validate,False
BUILD-0312,security_scan,35.72,verification,True
BUILD-0312,package_build,18.41,package,False
BUILD-0312,integration_tests,199.73,test,True
BUILD-0312,compile,36.08,build,False
BUILD-0313,dependency_install,31.39,setup,False
BUILD-0313,security_scan,49.58,verification,True
BUILD-0313,compile,49.62,build,False
BUILD-0313,unit_tests,136.15,test,True
BUILD-0313,deployment_validation,70.07,validate,False
BUILD-0313,package_build,63.09,package,False
BUILD-0313,integration_tests,357.67,test,True
BUILD-0314,deployment_validation,34.61,validate,False
BUILD-0314,package_build,18.01,package,False
BUILD-0314,integration_tests,174.89,test,True
BUILD-0314,dependency_install,23.05,setup,False
BUILD-0314,security_scan,30.9,verification,True
BUILD-0314,unit_tests,116.53,test,True
BUILD-0314,compile,62.59,build,False
BUILD-0315,dependency_install,16.45,setup,False
BUILD-0315,unit_tests,100.18,test,False
BUILD-0315,deployment_validation,45.32,validate,False
BUILD-0315,compile,33.73,build,False
BUILD-0315,integration_tests,109.69,test,False
BUILD-0316,deployment_validation,37.13,validate,False
BUILD-0316,integration_tests,205.86,test,True
BUILD-0316,dependency_install,23.4,setup,False
BUILD-0316,unit_tests,105.55,test,True
BUILD-0316,security_scan,60.0,verification,True
BUILD-0317,security_scan,32.02,verification,True
BUILD-0317,package_build,57.89,package,False
BUILD-0317,dependency_install,41.13,setup,False
BUILD-0317,unit_tests,71.25,test,True
BUILD-0317,deployment_validation,44.14,validate,False
BUILD-0317,compile,98.23,build,False
BUILD-0318,dependency_install,91.5,setup,False
BUILD-0318,deployment_validation,33.82,validate,False
BUILD-0318,compile,134.67,build,False
BUILD-0318,security_scan,177.64,verification,True
BUILD-0318,integration_tests,202.15,test,True
BUILD-0318,unit_tests,91.41,test,True
BUILD-0319,dependency_install,17.02,setup,False
BUILD-0319,integration_tests,542.26,test,True
BUILD-0319,unit_tests,107.31,test,True
BUILD-0319,compile,387.35,build,False
BUILD-0319,package_build,20.95,package,False
BUILD-0319,security_scan,58.08,verification,True
BUILD-0320,deployment_validation,36.41,validate,False
BUILD-0320,compile,33.97,build,False
BUILD-0320,security_scan,88.26,verification,True
BUILD-0320,integration_tests,206.43,test,True
BUILD-0320,package_build,17.72,package,False
BUILD-0320,dependency_install,13.84,setup,False
BUILD-0321,dependency_install,48.53,setup,False
BUILD-0321,deployment_validation,42.51,validate,False
BUILD-0321,integration_tests,217.84,test,True
BUILD-0321,unit_tests,104.27,test,True
BUILD-0321,compile,27.88,build,False
BUILD-0321,security_scan,81.05,verification,True
BUILD-0322,integration_tests,153.05,test,True
BUILD-0322,dependency_install,15.83,setup,False
BUILD-0322,package_build,14.99,package,False
BUILD-0322,compile,18.3,build,False
BUILD-0322,unit_tests,97.24,test,True
BUILD-0323,dependency_install,17.01,setup,False
BUILD-0323,deployment_validation,45.33,validate,False
BUILD-0323,compile,26.65,build,False
BUILD-0323,package_build,22.21,package,False
BUILD-0323,integration_tests,186.21,test,True
BUILD-0324,integration_tests,193.44,test,True
BUILD-0324,deployment_validation,37.46,validate,False
BUILD-0324,package_build,19.28,package,False
BUILD-0324,dependency_install,14.48,setup,False
BUILD-0324,compile,30.27,build,False
BUILD-0324,security_scan,19.73,verification,True
BUILD-0324,unit_tests,77.58,test,True
BUILD-0325,package_build,127.9,package,False
BUILD-0325,integration_tests,197.11,test,True
BUILD-0325,compile,187.94,build,False
BUILD-0325,dependency_install,54.65,setup,False
BUILD-0325,unit_tests,93.93,test,True
BUILD-0325,deployment_validation,42.73,validate,False
BUILD-0325,security_scan,149.18,verification,True
BUILD-0326,package_build,99.35,package,False
BUILD-0326,integration_tests,284.3,test,True
BUILD-0326,compile,138.3,build,False
BUILD-0326,unit_tests,173.66,test,True
BUILD-0326,deployment_validation,52.64,validate,False
BUILD-0326,security_scan,101.78,verification,True
BUILD-0326,dependency_install,38.01,setup,False
BUILD-0327,deployment_validation,40.24,validate,False
BUILD-0327,security_scan,154.85,verification,True
BUILD-0327,dependency_install,46.82,setup,False
BUILD-0327,package_build,103.98,package,False
BUILD-0327,compile,201.42,build,False
BUILD-0328,security_scan,104.08,verification,True
BUILD-0328,dependency_install,28.06,setup,False
BUILD-0328,deployment_validation,48.07,validate,False
BUILD-0328,package_build,35.1,package,False
BUILD-0328,unit_tests,169.72,test,True
BUILD-0328,integration_tests,217.66,test,True
BUILD-0328,compile,62.62,build,False
BUILD-0329,unit_tests,112.27,test,True
BUILD-0329,package_build,18.19,package,False
BUILD-0329,integration_tests,170.03,test,True
BUILD-0329,deployment_validation,40.86,validate,False
BUILD-0329,security_scan,17.97,verification,True
BUILD-0329,dependency_install,16.72,setup,False
BUILD-0330,dependency_install,16.14,setup,False
BUILD-0330,deployment_validation,30.87,validate,False
BUILD-0330,unit_tests,110.86,test,False
BUILD-0330,security_scan,63.39,verification,False
BUILD-0330,compile,98.4,build,False
BUILD-0330,package_build,20.69,package,False
BUILD-0330,integration_tests,133.9,test,False
BUILD-0331,security_scan,68.29,verification,True
BUILD-0331,deployment_validation,43.25,validate,False
BUILD-0331,compile,35.17,build,False
BUILD-0331,integration_tests,217.46,test,True
BUILD-0331,package_build,26.37,package,False
BUILD-0331,dependency_install,16.65,setup,False
BUILD-0332,unit_tests,116.66,test,True
BUILD-0332,compile,33.33,build,False
BUILD-0332,dependency_install,43.01,setup,False
BUILD-0332,deployment_validation,36.83,validate,False
BUILD-0332,integration_tests,166.31,test,True
BUILD-0332,package_build,16.87,package,False
BUILD-0332,security_scan,25.22,verification,True
BUILD-0333,integration_tests,220.87,test,True
BUILD-0333,unit_tests,86.26,test,True
BUILD-0333,security_scan,125.8,verification,True
BUILD-0333,dependency_install,127.95,setup,False
BUILD-0333,compile,170.09,build,False
BUILD-0334,integration_tests,157.63,test,True
BUILD-0334,dependency_install,40.53,setup,False
BUILD-0334,compile,112.4,build,False
BUILD-0334,deployment_validation,39.23,validate,False
BUILD-0334,security_scan,148.92,verification,True
BUILD-0334,package_build,85.64,package,False
BUILD-0335,integration_tests,287.04,test,True
BUILD-0335,package_build,74.64,package,False
BUILD-0335,deployment_validation,60.94,validate,False
BUILD-0335,compile,48.67,build,False
BUILD-0335,unit_tests,127.1,test,True
BUILD-0336,dependency_install,105.37,setup,False
BUILD-0336,compile,206.57,build,False
BUILD-0336,package_build,57.6,package,False
BUILD-0336,integration_tests,137.48,test,True
BUILD-0336,deployment_validation,45.56,validate,False
BUILD-0336,security_scan,191.93,verification,True
BUILD-0337,package_build,21.77,package,False
BUILD-0337,integration_tests,187.47,test,True
BUILD-0337,compile,99.97,build,False
BUILD-0337,unit_tests,105.33,test,True
BUILD-0337,dependency_install,17.62,setup,False
BUILD-0337,security_scan,39.51,verification,True
BUILD-0338,security_scan,67.31,verification,False
BUILD-0338,deployment_validation,38.04,validate,False
BUILD-0338,dependency_install,15.32,setup,False
BUILD-0338,compile,78.68,build,False
BUILD-0338,integration_tests,193.43,test,False
BUILD-0338,package_build,21.2,package,False
BUILD-0338,unit_tests,100.99,test,False
BUILD-0339,unit_tests,92.52,test,False
BUILD-0339,integration_tests,186.08,test,False
BUILD-0339,compile,75.57,build,False
BUILD-0339,package_build,22.06,package,False
BUILD-0339,dependency_install,22.76,setup,False
BUILD-0340,unit_tests,87.98,test,True
BUILD-0340,compile,170.82,build,False
BUILD-0340,dependency_install,93.29,setup,False
BUILD-0340,security_scan,164.01,verification,True
BUILD-0340,package_build,143.33,package,False
BUILD-0340,deployment_validation,44.85,validate,False
BUILD-0340,integration_tests,153.72,test,True
BUILD-0341,compile,29.24,build,False
BUILD-0341,dependency_install,15.2,setup,False
BUILD-0341,unit_tests,83.83,test,True
BUILD-0341,package_build,15.69,package,False
BUILD-0341,integration_tests,155.26,test,True
BUILD-0341,security_scan,21.44,verification,True
BUILD-0341,deployment_validation,39.6,validate,False
BUILD-0342,unit_tests,84.8,test,True
BUILD-0342,package_build,21.74,package,False
BUILD-0342,compile,32.19,build,False
BUILD-0342,dependency_install,16.71,setup,False
BUILD-0342,integration_tests,192.22,test,True
BUILD-0342,security_scan,19.35,verification,True
BUILD-0342,deployment_validation,41.24,validate,False
BUILD-0343,integration_tests,198.4,test,True
BUILD-0343,compile,36.83,build,False
BUILD-0343,security_scan,87.98,verification,True
BUILD-0343,unit_tests,92.36,test,True
BUILD-0343,deployment_validation,36.28,validate,False
BUILD-0343,package_build,51.15,package,False
BUILD-0344,integration_tests,133.62,test,True
BUILD-0344,security_scan,32.85,verification,True
BUILD-0344,deployment_validation,44.86,validate,False
BUILD-0344,package_build,47.98,package,False
BUILD-0344,unit_tests,110.77,test,True
BUILD-0345,dependency_install,26.75,setup,False
BUILD-0345,deployment_validation,35.5,validate,False
BUILD-0345,integration_tests,573.61,test,True
BUILD-0345,unit_tests,80.5,test,True
BUILD-0345,package_build,17.05,package,False
BUILD-0345,compile,109.19,build,False
BUILD-0345,security_scan,34.04,verification,True
BUILD-0346,integration_tests,184.97,test,True
BUILD-0346,dependency_install,14.45,setup,False
BUILD-0346,unit_tests,107.25,test,True
BUILD-0346,deployment_validation,37.68,validate,False
BUILD-0346,package_build,17.38,package,False
BUILD-0346,security_scan,24.59,verification,True
BUILD-0346,compile,19.94,build,False
BUILD-0347,package_build,19.58,package,False
BUILD-0347,dependency_install,15.71,setup,False
BUILD-0347,unit_tests,98.59,test,True
BUILD-0347,integration_tests,169.84,test,True
BUILD-0347,compile,35.35,build,False
BUILD-0347,security_scan,20.76,verification,True
BUILD-0347,deployment_validation,35.8,validate,False
BUILD-0348,package_build,16.21,package,False
BUILD-0348,compile,31.32,build,False
BUILD-0348,integration_tests,189.18,test,True
BUILD-0348,dependency_install,17.1,setup,False
BUILD-0348,security_scan,28.06,verification,True
BUILD-0349,deployment_validation,48.47,validate,False
BUILD-0349,compile,39.91,build,False
BUILD-0349,dependency_install,56.2,setup,False
BUILD-0349,integration_tests,344.27,test,True
BUILD-0349,security_scan,112.23,verification,True
BUILD-0349,package_build,26.49,package,False
BUILD-0349,unit_tests,118.08,test,True
BUILD-0350,integration_tests,695.73,test,True
BUILD-0350,deployment_validation,43.29,validate,False
BUILD-0350,package_build,21.64,package,False
BUILD-0350,dependency_install,19.87,setup,False
BUILD-0350,compile,112.35,build,False
BUILD-0350,security_scan,31.91,verification,True
BUILD-0351,compile,53.37,build,False
BUILD-0351,unit_tests,110.17,test,True
BUILD-0351,security_scan,16.63,verification,True
BUILD-0351,integration_tests,142.18,test,True
BUILD-0351,package_build,17.54,package,False
BUILD-0352,deployment_validation,45.53,validate,False
BUILD-0352,dependency_install,16.89,setup,False
BUILD-0352,integration_tests,191.34,test,True
BUILD-0352,unit_tests,103.65,test,True
BUILD-0352,package_build,22.9,package,False
BUILD-0352,security_scan,20.34,verification,True
BUILD-0352,compile,29.99,build,False
BUILD-0353,integration_tests,154.99,test,True
BUILD-0353,compile,23.64,build,False
BUILD-0353,dependency_install,17.51,setup,False
BUILD-0353,package_build,17.79,package,False
BUILD-0353,unit_tests,119.86,test,True
BUILD-0354,dependency_install,40.21,setup,False
BUILD-0354,compile,22.71,build,False
BUILD-0354,unit_tests,91.91,test,True
BUILD-0354,integration_tests,171.67,test,True
BUILD-0354,deployment_validation,54.56,validate,False
BUILD-0354,package_build,18.64,package,False
BUILD-0354,security_scan,19.44,verification,True
BUILD-0355,package_build,16.02,package,False
BUILD-0355,dependency_install,16.02,setup,False
BUILD-0355,unit_tests,101.34,test,True
BUILD-0355,compile,19.21,build,False
BUILD-0355,integration_tests,218.15,test,True
BUILD-0355,security_scan,84.09,verification,True
BUILD-0356,unit_tests,61.79,test,True
BUILD-0356,security_scan,21.31,verification,True
BUILD-0356,integration_tests,194.43,test,True
BUILD-0356,compile,16.93,build,False
BUILD-0356,dependency_install,15.76,setup,False
BUILD-0356,deployment_validation,41.97,validate,False
BUILD-0357,security_scan,26.71,verification,True
BUILD-0357,integration_tests,182.31,test,True
BUILD-0357,deployment_validation,34.45,validate,False
BUILD-0357,unit_tests,98.64,test,True
BUILD-0357,compile,31.17,build,False
BUILD-0358,deployment_validation,37.55,validate,False
BUILD-0358,compile,26.01,build,False
BUILD-0358,integration_tests,145.32,test,True
BUILD-0358,package_build,17.15,package,False
BUILD-0358,security_scan,71.86,verification,True
BUILD-0358,unit_tests,56.74,test,True
BUILD-0359,integration_tests,178.77,test,True
BUILD-0359,unit_tests,84.1,test,True
BUILD-0359,deployment_validation,52.17,validate,False
BUILD-0359,package_build,25.73,package,False
BUILD-0359,compile,30.08,build,False
BUILD-0359,security_scan,35.46,verification,True
BUILD-0360,security_scan,25.53,verification,True
BUILD-0360,compile,35.39,build,False
BUILD-0360,unit_tests,100.3,test,True
BUILD-0360,package_build,18.52,package,False
BUILD-0360,deployment_validation,39.68,validate,False
BUILD-0361,deployment_validation,46.58,validate,False
BUILD-0361,security_scan,63.43,verification,True
BUILD-0361,dependency_install,16.24,setup,False
BUILD-0361,integration_tests,703.26,test,True
BUILD-0361,unit_tests,83.6,test,True
BUILD-0361,package_build,22.29,package,False
BUILD-0362,integration_tests,167.65,test,False
BUILD-0362,security_scan,31.3,verification,False
BUILD-0362,dependency_install,45.39,setup,False
BUILD-0362,unit_tests,107.09,test,False
BUILD-0362,package_build,14.92,package,False
BUILD-0362,deployment_validation,36.36,validate,False
BUILD-0363,deployment_validation,41.27,validate,False
BUILD-0363,dependency_install,11.32,setup,False
BUILD-0363,compile,30.6,build,False
BUILD-0363,security_scan,22.17,verification,True
BUILD-0363,integration_tests,147.88,test,True
BUILD-0363,unit_tests,86.1,test,True
BUILD-0363,package_build,17.02,package,False
BUILD-0364,dependency_install,13.55,setup,False
BUILD-0364,integration_tests,753.88,test,True
BUILD-0364,unit_tests,113.17,test,True
BUILD-0364,compile,141.2,build,False
BUILD-0364,deployment_validation,33.17,validate,False
BUILD-0365,compile,29.13,build,False
BUILD-0365,deployment_validation,49.08,validate,False
BUILD-0365,unit_tests,114.9,test,True
BUILD-0365,integration_tests,191.2,test,True
BUILD-0365,security_scan,27.26,verification,True
BUILD-0366,security_scan,26.79,verification,True
BUILD-0366,unit_tests,100.84,test,True
BUILD-0366,deployment_validation,34.83,validate,False
BUILD-0366,integration_tests,217.89,test,True
BUILD-0366,compile,30.93,build,False
BUILD-0367,integration_tests,184.07,test,True
BUILD-0367,deployment_validation,39.29,validate,False
BUILD-0367,package_build,18.43,package,False
BUILD-0367,compile,28.92,build,False
BUILD-0367,unit_tests,102.72,test,True
BUILD-0367,dependency_install,19.16,setup,False
BUILD-0367,security_scan,27.38,verification,True
BUILD-0368,integration_tests,188.39,test,True
BUILD-0368,deployment_validation,33.8,validate,False
BUILD-0368,compile,29.67,build,False
BUILD-0368,unit_tests,120.78,test,True
BUILD-0368,dependency_install,15.23,setup,False
BUILD-0368,package_build,15.27,package,False
BUILD-0369,dependency_install,76.17,setup,False
BUILD-0369,security_scan,61.76,verification,True
BUILD-0369,compile,172.69,build,False
BUILD-0369,integration_tests,142.05,test,True
BUILD-0369,deployment_validation,40.09,validate,False
BUILD-0370,security_scan,27.82,verification,True
BUILD-0370,compile,28.93,build,False
BUILD-0370,integration_tests,167.06,test,True
BUILD-0370,dependency_install,18.48,setup,False
BUILD-0370,unit_tests,89.0,test,True
BUILD-0370,deployment_validation,46.65,validate,False
BUILD-0370,package_build,19.07,package,False
BUILD-0371,dependency_install,70.89,setup,False
BUILD-0371,package_build,114.14,package,False
BUILD-0371,compile,79.37,build,False
BUILD-0371,security_scan,122.99,verification,True
BUILD-0371,deployment_validation,46.63,validate,False
BUILD-0372,package_build,109.67,package,False
BUILD-0372,security_scan,153.88,verification,True
BUILD-0372,unit_tests,104.99,test,True
BUILD-0372,dependency_install,84.43,setup,False
BUILD-0372,integration_tests,196.68,test,True
BUILD-0372,deployment_validation,46.27,validate,False
BUILD-0373,unit_tests,102.65,test,True
BUILD-0373,package_build,15.67,package,False
BUILD-0373,integration_tests,195.71,test,True
BUILD-0373,dependency_install,16.37,setup,False
BUILD-0373,compile,25.74,build,False
BUILD-0373,security_scan,20.79,verification,True
BUILD-0373,deployment_validation,28.22,validate,False
BUILD-0374,unit_tests,90.26,test,True
BUILD-0374,compile,30.06,build,False
BUILD-0374,package_build,16.09,package,False
BUILD-0374,integration_tests,181.81,test,True
BUILD-0374,dependency_install,36.66,setup,False
BUILD-0374,deployment_validation,46.99,validate,False
BUILD-0375,compile,76.49,build,False
BUILD-0375,deployment_validation,37.19,validate,False
BUILD-0375,security_scan,76.77,verification,True
BUILD-0375,dependency_install,18.1,setup,False
BUILD-0375,unit_tests,96.79,test,True
BUILD-0375,integration_tests,211.36,test,True
BUILD-0376,compile,24.59,build,False
BUILD-0376,dependency_install,13.35,setup,False
BUILD-0376,deployment_validation,38.54,validate,False
BUILD-0376,security_scan,24.36,verification,True
BUILD-0376,package_build,17.15,package,False
BUILD-0377,integration_tests,800.03,test,True
BUILD-0377,deployment_validation,46.49,validate,False
BUILD-0377,compile,260.19,build,False
BUILD-0377,package_build,54.67,package,False
BUILD-0377,security_scan,83.95,verification,True
BUILD-0377,unit_tests,100.51,test,True
BUILD-0378,security_scan,91.13,verification,True
BUILD-0378,integration_tests,207.64,test,True
BUILD-0378,dependency_install,46.68,setup,False
BUILD-0378,unit_tests,109.89,test,True
BUILD-0378,deployment_validation,40.87,validate,False
BUILD-0378,compile,80.29,build,False
BUILD-0378,package_build,112.74,package,False
BUILD-0379,compile,122.52,build,False
BUILD-0379,deployment_validation,49.19,validate,False
BUILD-0379,integration_tests,560.77,test,True
BUILD-0379,unit_tests,75.06,test,True
BUILD-0379,security_scan,33.24,verification,True
BUILD-0379,package_build,15.41,package,False
BUILD-0379,dependency_install,22.15,setup,False
BUILD-0380,security_scan,144.71,verification,True
BUILD-0380,package_build,112.79,package,False
BUILD-0380,compile,103.45,build,False
BUILD-0380,dependency_install,102.46,setup,False
BUILD-0380,integration_tests,151.41,test,True
BUILD-0380,unit_tests,116.11,test,True
BUILD-0380,deployment_validation,51.78,validate,False
BUILD-0381,deployment_validation,40.02,validate,False
BUILD-0381,compile,22.49,build,False
BUILD-0381,unit_tests,107.36,test,True
BUILD-0381,package_build,18.56,package,False
BUILD-0381,security_scan,20.74,verification,True
BUILD-0381,integration_tests,147.44,test,True
BUILD-0382,compile,29.57,build,False
BUILD-0382,integration_tests,233.65,test,True
BUILD-0382,deployment_validation,36.81,validate,False
BUILD-0382,dependency_install,14.96,setup,False
BUILD-0382,security_scan,25.76,verification,True
BUILD-0383,dependency_install,16.99,setup,False
BUILD-0383,unit_tests,113.96,test,True
BUILD-0383,deployment_validation,45.08,validate,False
BUILD-0383,package_build,18.81,package,False
BUILD-0383,security_scan,20.9,verification,True
BUILD-0383,integration_tests,262.67,test,True
BUILD-0384,integration_tests,171.56,test,True
BUILD-0384,unit_tests,71.42,test,True
BUILD-0384,security_scan,75.66,verification,True
BUILD-0384,deployment_validation,40.91,validate,False
BUILD-0384,compile,40.13,build,False
BUILD-0384,package_build,16.63,package,False
BUILD-0385,dependency_install,39.55,setup,False
BUILD-0385,security_scan,30.8,verification,False
BUILD-0385,deployment_validation,45.59,validate,False
BUILD-0385,unit_tests,98.72,test,False
BUILD-0385,integration_tests,188.96,test,False
BUILD-0386,unit_tests,103.97,test,True
BUILD-0386,package_build,43.97,package,False
BUILD-0386,integration_tests,204.17,test,True
BUILD-0386,compile,72.42,build,False
BUILD-0386,deployment_validation,41.52,validate,False
BUILD-0386,security_scan,35.38,verification,True
BUILD-0386,dependency_install,44.77,setup,False
BUILD-0387,security_scan,26.17,verification,True
BUILD-0387,package_build,17.02,package,False
BUILD-0387,deployment_validation,37.09,validate,False
BUILD-0387,dependency_install,16.56,setup,False
BUILD-0387,integration_tests,188.33,test,True
BUILD-0387,compile,25.2,build,False
BUILD-0387,unit_tests,92.47,test,True
BUILD-0388,integration_tests,160.97,test,False
BUILD-0388,unit_tests,70.35,test,False
BUILD-0388,compile,77.23,build,False
BUILD-0388,package_build,37.23,package,False
BUILD-0388,deployment_validation,37.22,validate,False
BUILD-0388,security_scan,63.57,verification,False
BUILD-0389,package_build,20.86,package,False
BUILD-0389,integration_tests,170.5,test,False
BUILD-0389,security_scan,27.86,verification,False
BUILD-0389,deployment_validation,32.22,validate,False
BUILD-0389,dependency_install,18.86,setup,False
BUILD-0389,unit_tests,97.59,test,False
BUILD-0389,compile,87.14,build,False
BUILD-0390,deployment_validation,45.29,validate,False
BUILD-0390,integration_tests,169.73,test,True
BUILD-0390,package_build,35.61,package,False
BUILD-0390,unit_tests,92.86,test,True
BUILD-0390,compile,96.22,build,False
BUILD-0391,integration_tests,187.62,test,True
BUILD-0391,package_build,17.98,package,False
BUILD-0391,deployment_validation,56.16,validate,False
BUILD-0391,compile,29.47,build,False
BUILD-0391,unit_tests,80.69,test,True
BUILD-0392,compile,58.69,build,False
BUILD-0392,package_build,49.4,package,False
BUILD-0392,deployment_validation,35.0,validate,False
BUILD-0392,security_scan,79.61,verification,False
BUILD-0392,unit_tests,87.17,test,False
BUILD-0392,dependency_install,44.21,setup,False
BUILD-0393,dependency_install,48.66,setup,False
BUILD-0393,security_scan,39.25,verification,False
BUILD-0393,unit_tests,111.09,test,False
BUILD-0393,package_build,24.8,package,False
BUILD-0393,integration_tests,168.82,test,False
BUILD-0393,deployment_validation,44.84,validate,False
BUILD-0394,compile,23.03,build,False
BUILD-0394,deployment_validation,37.0,validate,False
BUILD-0394,package_build,21.97,package,False
BUILD-0394,security_scan,24.23,verification,True
BUILD-0394,unit_tests,47.62,test,True
BUILD-0394,dependency_install,12.28,setup,False
BUILD-0395,security_scan,49.04,verification,True
BUILD-0395,integration_tests,245.31,test,True
BUILD-0395,compile,64.14,build,False
BUILD-0395,package_build,73.6,package,False
BUILD-0395,dependency_install,53.85,setup,False
BUILD-0395,unit_tests,117.55,test,True
BUILD-0396,compile,29.45,build,False
BUILD-0396,dependency_install,57.85,setup,False
BUILD-0396,security_scan,30.48,verification,True
BUILD-0396,integration_tests,239.91,test,True
BUILD-0396,deployment_validation,39.05,validate,False
BUILD-0396,package_build,18.28,package,False
BUILD-0396,unit_tests,73.39,test,True
BUILD-0397,dependency_install,37.12,setup,False
BUILD-0397,security_scan,140.5,verification,True
BUILD-0397,package_build,101.94,package,False
BUILD-0397,deployment_validation,36.47,validate,False
BUILD-0397,integration_tests,157.39,test,True
BUILD-0397,unit_tests,86.34,test,True
BUILD-0398,dependency_install,41.3,setup,False
BUILD-0398,compile,184.53,build,False
BUILD-0398,unit_tests,79.26,test,True
BUILD-0398,deployment_validation,41.32,validate,False
BUILD-0398,security_scan,215.04,verification,True
BUILD-0398,package_build,101.92,package,False
BUILD-0398,integration_tests,160.62,test,True
BUILD-0399,package_build,26.48,package,False
BUILD-0399,security_scan,32.42,verification,False
BUILD-0399,integration_tests,165.66,test,False
BUILD-0399,dependency_install,48.27,setup,False
BUILD-0399,unit_tests,79.29,test,False
BUILD-0400,package_build,47.3,package,False
BUILD-0400,unit_tests,102.68,test,True
BUILD-0400,security_scan,32.9,verification,True
BUILD-0400,compile,84.5,build,False
BUILD-0400,integration_tests,216.56,test,True
BUILD-0401,compile,154.86,build,False
BUILD-0401,deployment_validation,32.9,validate,False
BUILD-0401,unit_tests,84.82,test,True
BUILD-0401,dependency_install,104.89,setup,False
BUILD-0401,integration_tests,202.39,test,True
BUILD-0401,package_build,49.8,package,False
BUILD-0402,compile,32.04,build,False
BUILD-0402,unit_tests,94.01,test,True
BUILD-0402,security_scan,79.34,verification,True
BUILD-0402,integration_tests,222.96,test,True
BUILD-0402,deployment_validation,38.77,validate,False
BUILD-0402,dependency_install,44.7,setup,False
BUILD-0403,unit_tests,122.63,test,False
BUILD-0403,integration_tests,142.17,test,False
BUILD-0403,security_scan,37.04,verification,False
BUILD-0403,deployment_validation,37.81,validate,False
BUILD-0403,compile,72.81,build,False
BUILD-0403,package_build,41.67,package,False
BUILD-0404,compile,28.09,build,False
BUILD-0404,security_scan,79.31,verification,True
BUILD-0404,dependency_install,14.21,setup,False
BUILD-0404,package_build,17.5,package,False
BUILD-0404,unit_tests,95.8,test,True
BUILD-0405,dependency_install,41.54,setup,False
BUILD-0405,package_build,16.75,package,False
BUILD-0405,integration_tests,187.76,test,True
BUILD-0405,unit_tests,94.35,test,True
BUILD-0405,deployment_validation,37.45,validate,False
BUILD-0405,security_scan,22.41,verification,True
BUILD-0405,compile,29.38,build,False
BUILD-0406,deployment_validation,61.65,validate,False
BUILD-0406,dependency_install,30.29,setup,False
BUILD-0406,unit_tests,109.43,test,True
BUILD-0406,security_scan,92.82,verification,True
BUILD-0406,compile,148.07,build,False
BUILD-0406,integration_tests,217.56,test,True
BUILD-0406,package_build,35.21,package,False
BUILD-0407,security_scan,140.76,verification,True
BUILD-0407,deployment_validation,44.11,validate,False
BUILD-0407,compile,204.38,build,False
BUILD-0407,integration_tests,175.26,test,True
BUILD-0407,dependency_install,103.95,setup,False
BUILD-0408,compile,197.31,build,False
BUILD-0408,dependency_install,40.15,setup,False
BUILD-0408,deployment_validation,44.47,validate,False
BUILD-0408,unit_tests,92.23,test,True
BUILD-0408,package_build,126.7,package,False
BUILD-0408,integration_tests,182.48,test,True
BUILD-0408,security_scan,187.89,verification,True
BUILD-0409,dependency_install,20.9,setup,False
BUILD-0409,deployment_validation,49.47,validate,False
BUILD-0409,package_build,25.83,package,False
BUILD-0409,compile,90.43,build,False
BUILD-0409,security_scan,29.35,verification,True
BUILD-0410,compile,41.16,build,False
BUILD-0410,deployment_validation,45.26,validate,False
BUILD-0410,unit_tests,115.99,test,True
BUILD-0410,dependency_install,40.92,setup,False
BUILD-0410,package_build,48.28,package,False
BUILD-0410,integration_tests,135.73,test,True
BUILD-0410,security_scan,65.88,verification,True
BUILD-0411,integration_tests,167.4,test,False
BUILD-0411,dependency_install,49.32,setup,False
BUILD-0411,security_scan,30.6,verification,False
BUILD-0411,compile,37.75,build,False
BUILD-0411,package_build,41.39,package,False
BUILD-0412,package_build,17.72,package,False
BUILD-0412,integration_tests,99.24,test,True
BUILD-0412,compile,27.22,build,False
BUILD-0412,unit_tests,71.77,test,True
BUILD-0412,dependency_install,18.6,setup,False
BUILD-0412,deployment_validation,44.66,validate,False
BUILD-0413,deployment_validation,49.13,validate,False
BUILD-0413,compile,138.65,build,False
BUILD-0413,unit_tests,119.9,test,True
BUILD-0413,security_scan,149.19,verification,True
BUILD-0413,integration_tests,173.61,test,True
BUILD-0413,package_build,58.52,package,False
BUILD-0413,dependency_install,85.63,setup,False
BUILD-0414,security_scan,28.62,verification,False
BUILD-0414,package_build,20.71,package,False
BUILD-0414,compile,30.29,build,False
BUILD-0414,dependency_install,53.26,setup,False
BUILD-0414,integration_tests,173.01,test,False
BUILD-0415,deployment_validation,29.08,validate,False
BUILD-0415,dependency_install,16.39,setup,False
BUILD-0415,compile,19.97,build,False
BUILD-0415,unit_tests,94.02,test,True
BUILD-0415,integration_tests,143.06,test,True
BUILD-0415,package_build,22.72,package,False
BUILD-0415,security_scan,27.85,verification,True
BUILD-0416,dependency_install,53.53,setup,False
BUILD-0416,compile,69.84,build,False
BUILD-0416,security_scan,75.71,verification,True
BUILD-0416,package_build,23.17,package,False
BUILD-0416,unit_tests,98.76,test,True
BUILD-0417,package_build,20.84,package,False
BUILD-0417,compile,27.09,build,False
BUILD-0417,unit_tests,107.25,test,True
BUILD-0417,deployment_validation,42.8,validate,False
BUILD-0417,integration_tests,193.67,test,True
BUILD-0418,unit_tests,78.89,test,True
BUILD-0418,package_build,68.09,package,False
BUILD-0418,compile,34.37,build,False
BUILD-0418,integration_tests,196.26,test,True
BUILD-0418,deployment_validation,40.43,validate,False
BUILD-0418,security_scan,23.72,verification,True
BUILD-0418,dependency_install,13.5,setup,False
BUILD-0419,security_scan,24.78,verification,True
BUILD-0419,compile,20.67,build,False
BUILD-0419,integration_tests,195.72,test,True
BUILD-0419,package_build,17.33,package,False
BUILD-0419,deployment_validation,42.7,validate,False
BUILD-0419,unit_tests,88.86,test,True
BUILD-0419,dependency_install,15.4,setup,False
BUILD-0420,compile,26.26,build,False
BUILD-0420,package_build,22.46,package,False
BUILD-0420,unit_tests,102.93,test,True
BUILD-0420,dependency_install,12.59,setup,False
BUILD-0420,deployment_validation,42.92,validate,False
BUILD-0420,integration_tests,138.22,test,True
BUILD-0420,security_scan,28.48,verification,True
BUILD-0421,deployment_validation,37.17,validate,False
BUILD-0421,dependency_install,10.64,setup,False
BUILD-0421,package_build,16.64,package,False
BUILD-0421,compile,93.84,build,False
BUILD-0421,security_scan,22.59,verification,True
BUILD-0422,dependency_install,40.7,setup,False
BUILD-0422,security_scan,31.18,verification,True
BUILD-0422,unit_tests,82.87,test,True
BUILD-0422,deployment_validation,47.4,validate,False
BUILD-0422,integration_tests,589.03,test,True
BUILD-0423,package_build,18.11,package,False
BUILD-0423,deployment_validation,42.91,validate,False
BUILD-0423,dependency_install,48.12,setup,False
BUILD-0423,integration_tests,158.61,test,False
BUILD-0423,security_scan,20.93,verification,False
BUILD-0423,unit_tests,100.85,test,False
BUILD-0424,package_build,103.72,package,False
BUILD-0424,deployment_validation,42.7,validate,False
BUILD-0424,unit_tests,87.74,test,True
BUILD-0424,security_scan,147.43,verification,True
BUILD-0424,compile,126.63,build,False
BUILD-0425,unit_tests,101.46,test,True
BUILD-0425,compile,104.35,build,False
BUILD-0425,dependency_install,20.43,setup,False
BUILD-0425,deployment_validation,42.68,validate,False
BUILD-0425,security_scan,66.4,verification,True
BUILD-0425,integration_tests,705.73,test,True
BUILD-0425,package_build,19.25,package,False
BUILD-0426,security_scan,23.74,verification,True
BUILD-0426,package_build,17.97,package,False
BUILD-0426,compile,30.05,build,False
BUILD-0426,dependency_install,15.24,setup,False
BUILD-0426,integration_tests,162.98,test,True
BUILD-0426,deployment_validation,26.89,validate,False
BUILD-0426,unit_tests,111.3,test,True
BUILD-0427,compile,29.79,build,False
BUILD-0427,dependency_install,18.58,setup,False
BUILD-0427,deployment_validation,31.77,validate,False
BUILD-0427,integration_tests,160.85,test,True
BUILD-0427,unit_tests,90.89,test,True
BUILD-0427,package_build,15.44,package,False
BUILD-0427,security_scan,30.88,verification,True
BUILD-0428,package_build,45.83,package,False
BUILD-0428,unit_tests,97.91,test,True
BUILD-0428,integration_tests,147.54,test,True
BUILD-0428,security_scan,65.85,verification,True
BUILD-0428,deployment_validation,41.9,validate,False
BUILD-0428,compile,34.2,build,False
BUILD-0428,dependency_install,19.97,setup,False
BUILD-0429,unit_tests,73.42,test,True
BUILD-0429,package_build,23.59,package,False
BUILD-0429,compile,101.06,build,False
BUILD-0429,integration_tests,180.5,test,True
BUILD-0429,dependency_install,20.93,setup,False
BUILD-0429,security_scan,34.77,verification,True
BUILD-0429,deployment_validation,32.38,validate,False
BUILD-0430,compile,82.43,build,False
BUILD-0430,dependency_install,56.02,setup,False
BUILD-0430,unit_tests,84.55,test,True
BUILD-0430,integration_tests,229.09,test,True
BUILD-0430,package_build,138.27,package,False
BUILD-0430,deployment_validation,43.32,validate,False
BUILD-0431,security_scan,25.06,verification,True
BUILD-0431,dependency_install,18.71,setup,False
BUILD-0431,deployment_validation,38.61,validate,False
BUILD-0431,integration_tests,211.44,test,True
BUILD-0431,package_build,55.49,package,False
BUILD-0431,unit_tests,91.96,test,True
BUILD-0431,compile,30.75,build,False
BUILD-0432,dependency_install,111.38,setup,False
BUILD-0432,security_scan,42.02,verification,True
BUILD-0432,integration_tests,198.17,test,True
BUILD-0432,package_build,68.49,package,False
BUILD-0432,unit_tests,91.78,test,True
BUILD-0433,integration_tests,290.45,test,True
BUILD-0433,compile,113.64,build,False
BUILD-0433,unit_tests,158.6,test,True
BUILD-0433,security_scan,44.05,verification,True
BUILD-0433,package_build,45.52,package,False
BUILD-0433,deployment_validation,63.08,validate,False
BUILD-0434,unit_tests,126.58,test,True
BUILD-0434,dependency_install,35.96,setup,False
BUILD-0434,package_build,96.0,package,False
BUILD-0434,compile,52.07,build,False
BUILD-0434,deployment_validation,50.54,validate,False
BUILD-0434,integration_tests,211.45,test,True
BUILD-0435,unit_tests,80.34,test,True
BUILD-0435,package_build,14.45,package,False
BUILD-0435,dependency_install,15.08,setup,False
BUILD-0435,security_scan,23.39,verification,True
BUILD-0435,deployment_validation,32.74,validate,False
BUILD-0435,integration_tests,190.5,test,True
BUILD-0436,dependency_install,43.69,setup,False
BUILD-0436,deployment_validation,35.47,validate,False
BUILD-0436,compile,190.15,build,False
BUILD-0436,package_build,136.63,package,False
BUILD-0436,security_scan,141.59,verification,True
BUILD-0436,unit_tests,86.28,test,True
BUILD-0437,compile,47.96,build,False
BUILD-0437,dependency_install,26.44,setup,False
BUILD-0437,deployment_validation,64.97,validate,False
BUILD-0437,package_build,50.64,package,False
BUILD-0437,unit_tests,187.58,test,True
BUILD-0437,security_scan,106.85,verification,True
BUILD-0438,integration_tests,177.59,test,False
BUILD-0438,unit_tests,94.46,test,False
BUILD-0438,security_scan,51.82,verification,False
BUILD-0438,deployment_validation,48.97,validate,False
BUILD-0438,dependency_install,20.38,setup,False
BUILD-0438,package_build,24.0,package,False
BUILD-0438,compile,91.42,build,False
BUILD-0439,integration_tests,173.47,test,False
BUILD-0439,unit_tests,106.12,test,False
BUILD-0439,security_scan,28.52,verification,False
BUILD-0439,dependency_install,20.46,setup,False
BUILD-0439,compile,42.54,build,False
BUILD-0439,deployment_validation,38.39,validate,False
BUILD-0439,package_build,45.57,package,False
BUILD-0440,security_scan,169.52,verification,True
BUILD-0440,dependency_install,100.46,setup,False
BUILD-0440,integration_tests,202.73,test,True
BUILD-0440,deployment_validation,37.78,validate,False
BUILD-0440,compile,114.64,build,False
BUILD-0440,unit_tests,89.66,test,True
BUILD-0441,dependency_install,33.99,setup,False
BUILD-0441,deployment_validation,32.58,validate,False
BUILD-0441,package_build,22.87,package,False
BUILD-0441,security_scan,83.95,verification,True
BUILD-0441,unit_tests,99.46,test,True
BUILD-0442,dependency_install,15.34,setup,False
BUILD-0442,compile,27.29,build,False
BUILD-0442,integration_tests,158.23,test,True
BUILD-0442,deployment_validation,31.93,validate,False
BUILD-0442,package_build,21.96,package,False
BUILD-0442,unit_tests,82.67,test,True
BUILD-0443,dependency_install,17.64,setup,False
BUILD-0443,integration_tests,667.3,test,True
BUILD-0443,deployment_validation,33.17,validate,False
BUILD-0443,security_scan,75.5,verification,True
BUILD-0443,package_build,47.56,package,False
BUILD-0444,integration_tests,196.47,test,False
BUILD-0444,compile,33.47,build,False
BUILD-0444,deployment_validation,31.43,validate,False
BUILD-0444,package_build,25.07,package,False
BUILD-0444,security_scan,57.97,verification,False
BUILD-0444,unit_tests,102.36,test,False
BUILD-0444,dependency_install,23.21,setup,False
BUILD-0445,package_build,18.76,package,False
BUILD-0445,security_scan,62.69,verification,True
BUILD-0445,compile,33.89,build,False
BUILD-0445,dependency_install,13.05,setup,False
BUILD-0445,unit_tests,89.63,test,True
BUILD-0446,deployment_validation,38.76,validate,False
BUILD-0446,integration_tests,204.11,test,True
BUILD-0446,unit_tests,121.07,test,True
BUILD-0446,dependency_install,14.78,setup,False
BUILD-0446,compile,30.99,build,False
BUILD-0446,package_build,23.49,package,False
BUILD-0446,security_scan,22.23,verification,True
BUILD-0447,integration_tests,129.24,test,True
BUILD-0447,package_build,139.01,package,False
BUILD-0447,dependency_install,69.77,setup,False
BUILD-0447,compile,75.53,build,False
BUILD-0447,unit_tests,101.23,test,True
BUILD-0448,package_build,80.17,package,False
BUILD-0448,unit_tests,136.11,test,True
BUILD-0448,dependency_install,77.55,setup,False
BUILD-0448,compile,40.48,build,False
BUILD-0448,deployment_validation,47.92,validate,False
BUILD-0448,security_scan,43.91,verification,True
BUILD-0448,integration_tests,285.3,test,True
BUILD-0449,unit_tests,88.54,test,True
BUILD-0449,integration_tests,204.16,test,True
BUILD-0449,dependency_install,17.88,setup,False
BUILD-0449,deployment_validation,50.13,validate,False
BUILD-0449,security_scan,30.47,verification,True
BUILD-0449,package_build,19.91,package,False
BUILD-0449,compile,20.77,build,False
BUILD-0450,unit_tests,121.04,test,True
BUILD-0450,security_scan,21.8,verification,True
BUILD-0450,integration_tests,199.48,test,True
BUILD-0450,deployment_validation,33.7,validate,False
BUILD-0450,package_build,19.49,package,False
BUILD-0450,compile,33.76,build,False
BUILD-0450,dependency_install,17.39,setup,False
BUILD-0451,compile,32.51,build,False
BUILD-0451,security_scan,25.7,verification,True
BUILD-0451,dependency_install,15.07,setup,False
BUILD-0451,integration_tests,122.9,test,True
BUILD-0451,deployment_validation,38.75,validate,False
BUILD-0451,package_build,18.9,package,False
BUILD-0452,integration_tests,151.09,test,True
BUILD-0452,dependency_install,20.27,setup,False
BUILD-0452,unit_tests,76.75,test,True
BUILD-0452,deployment_validation,41.14,validate,False
BUILD-0452,package_build,20.14,package,False
BUILD-0452,security_scan,19.89,verification,True
BUILD-0453,dependency_install,51.33,setup,False
BUILD-0453,unit_tests,95.18,test,True
BUILD-0453,deployment_validation,57.21,validate,False
BUILD-0453,security_scan,23.62,verification,True
BUILD-0453,compile,170.26,build,False
BUILD-0453,integration_tests,656.8,test,True
BUILD-0453,package_build,25.11,package,False
BUILD-0454,dependency_install,13.39,setup,False
BUILD-0454,unit_tests,109.77,test,True
BUILD-0454,integration_tests,231.34,test,True
BUILD-0454,compile,29.03,build,False
BUILD-0454,deployment_validation,40.67,validate,False
BUILD-0455,unit_tests,97.17,test,True
BUILD-0455,package_build,52.76,package,False
BUILD-0455,security_scan,25.04,verification,True
BUILD-0455,integration_tests,156.21,test,True
BUILD-0455,compile,25.01,build,False
BUILD-0455,dependency_install,18.55,setup,False
BUILD-0456,integration_tests,173.57,test,True
BUILD-0456,compile,36.25,build,False
BUILD-0456,dependency_install,38.89,setup,False
BUILD-0456,unit_tests,111.71,test,True
BUILD-0456,package_build,54.99,package,False
BUILD-0456,security_scan,90.38,verification,True
BUILD-0456,deployment_validation,34.73,validate,False
BUILD-0457,deployment_validation,37.73,validate,False
BUILD-0457,security_scan,21.71,verification,True
BUILD-0457,package_build,18.25,package,False
BUILD-0457,unit_tests,116.88,test,True
BUILD-0457,compile,25.24,build,False
BUILD-0458,unit_tests,81.94,test,True
BUILD-0458,security_scan,29.48,verification,True
BUILD-0458,dependency_install,18.51,setup,False
BUILD-0458,compile,28.56,build,False
BUILD-0458,integration_tests,182.15,test,True
BUILD-0458,package_build,18.95,package,False
BUILD-0458,deployment_validation,34.83,validate,False
BUILD-0459,unit_tests,64.33,test,True
BUILD-0459,dependency_install,50.92,setup,False
BUILD-0459,package_build,38.29,package,False
BUILD-0459,integration_tests,220.59,test,True
BUILD-0459,deployment_validation,38.02,validate,False
BUILD-0459,compile,77.46,build,False
BUILD-0460,unit_tests,94.55,test,True
BUILD-0460,compile,29.15,build,False
BUILD-0460,dependency_install,18.28,setup,False
BUILD-0460,security_scan,24.84,verification,True
BUILD-0460,package_build,16.02,package,False
BUILD-0460,integration_tests,207.4,test,True
BUILD-0460,deployment_validation,35.09,validate,False
BUILD-0461,integration_tests,135.92,test,True
BUILD-0461,package_build,14.47,package,False
BUILD-0461,unit_tests,111.21,test,True
BUILD-0461,compile,29.42,build,False
BUILD-0461,dependency_install,13.53,setup,False
BUILD-0461,deployment_validation,41.3,validate,False
BUILD-0461,security_scan,59.23,verification,True
BUILD-0462,integration_tests,208.66,test,True
BUILD-0462,dependency_install,98.76,setup,False
BUILD-0462,package_build,116.1,package,False
BUILD-0462,security_scan,214.17,verification,True
BUILD-0462,unit_tests,95.0,test,True
BUILD-0463,unit_tests,101.41,test,True
BUILD-0463,security_scan,91.9,verification,True
BUILD-0463,package_build,83.77,package,False
BUILD-0463,integration_tests,170.24,test,True
BUILD-0463,dependency_install,99.72,setup,False
BUILD-0463,compile,79.35,build,False
BUILD-0463,deployment_validation,34.11,validate,False
BUILD-0464,security_scan,144.91,verification,True
BUILD-0464,compile,52.27,build,False
BUILD-0464,unit_tests,125.79,test,True
BUILD-0464,deployment_validation,48.54,validate,False
BUILD-0464,package_build,38.18,package,False
BUILD-0464,integration_tests,339.49,test,True
BUILD-0465,package_build,22.49,package,False
BUILD-0465,compile,32.82,build,False
BUILD-0465,unit_tests,79.44,test,False
BUILD-0465,integration_tests,202.54,test,False
BUILD-0465,deployment_validation,45.48,validate,False
BUILD-0465,dependency_install,15.55,setup,False
BUILD-0465,security_scan,39.01,verification,False
BUILD-0466,compile,33.2,build,False
BUILD-0466,dependency_install,26.82,setup,False
BUILD-0466,unit_tests,103.53,test,True
BUILD-0466,deployment_validation,34.48,validate,False
BUILD-0466,security_scan,21.93,verification,True
BUILD-0466,package_build,25.23,package,False
BUILD-0466,integration_tests,169.9,test,True
BUILD-0467,deployment_validation,44.6,validate,False
BUILD-0467,security_scan,157.96,verification,True
BUILD-0467,compile,192.95,build,False
BUILD-0467,package_build,89.34,package,False
BUILD-0467,integration_tests,218.5,test,True
BUILD-0467,dependency_install,41.09,setup,False
BUILD-0468,integration_tests,148.18,test,False
BUILD-0468,dependency_install,46.47,setup,False
BUILD-0468,security_scan,26.88,verification,False
BUILD-0468,package_build,22.2,package,False
BUILD-0468,compile,37.83,build,False
BUILD-0468,deployment_validation,38.91,validate,False
BUILD-0469,integration_tests,192.37,test,False
BUILD-0469,dependency_install,17.27,setup,False
BUILD-0469,package_build,41.35,package,False
BUILD-0469,security_scan,23.53,verification,False
BUILD-0469,compile,58.47,build,False
BUILD-0469,deployment_validation,31.87,validate,False
BUILD-0469,unit_tests,84.9,test,False
BUILD-0470,unit_tests,122.83,test,True
BUILD-0470,package_build,18.55,package,False
BUILD-0470,deployment_validation,40.79,validate,False
BUILD-0470,dependency_install,15.57,setup,False
BUILD-0470,compile,22.98,build,False
BUILD-0471,integration_tests,131.49,test,True
BUILD-0471,compile,34.26,build,False
BUILD-0471,package_build,15.31,package,False
BUILD-0471,unit_tests,89.85,test,True
BUILD-0471,deployment_validation,33.29,validate,False
BUILD-0471,security_scan,23.18,verification,True
BUILD-0472,integration_tests,198.26,test,True
BUILD-0472,unit_tests,96.15,test,True
BUILD-0472,package_build,96.06,package,False
BUILD-0472,deployment_validation,45.98,validate,False
BUILD-0472,compile,83.06,build,False
BUILD-0472,dependency_install,73.26,setup,False
BUILD-0472,security_scan,79.66,verification,True
BUILD-0473,security_scan,21.5,verification,True
BUILD-0473,deployment_validation,40.47,validate,False
BUILD-0473,compile,31.62,build,False
BUILD-0473,unit_tests,96.98,test,True
BUILD-0473,integration_tests,137.42,test,True
BUILD-0473,package_build,15.39,package,False
BUILD-0474,integration_tests,240.56,test,True
BUILD-0474,deployment_validation,74.11,validate,False
BUILD-0474,security_scan,41.97,verification,True
BUILD-0474,compile,59.92,build,False
BUILD-0474,unit_tests,153.17,test,True
BUILD-0474,package_build,49.5,package,False
BUILD-0475,unit_tests,102.0,test,True
BUILD-0475,dependency_install,48.85,setup,False
BUILD-0475,package_build,23.16,package,False
BUILD-0475,security_scan,68.96,verification,True
BUILD-0475,compile,38.35,build,False
BUILD-0475,deployment_validation,24.81,validate,False
BUILD-0475,integration_tests,198.42,test,True
BUILD-0476,dependency_install,19.57,setup,False
BUILD-0476,security_scan,41.17,verification,True
BUILD-0476,deployment_validation,35.95,validate,False
BUILD-0476,package_build,21.14,package,False
BUILD-0476,integration_tests,233.77,test,True
BUILD-0477,unit_tests,87.16,test,True
BUILD-0477,security_scan,30.81,verification,True
BUILD-0477,package_build,25.34,package,False
BUILD-0477,compile,108.41,build,False
BUILD-0477,dependency_install,36.27,setup,False
BUILD-0477,integration_tests,547.74,test,True
BUILD-0478,dependency_install,20.02,setup,False
BUILD-0478,security_scan,33.51,verification,True
BUILD-0478,package_build,53.14,package,False
BUILD-0478,compile,26.41,build,False
BUILD-0478,unit_tests,110.16,test,True
BUILD-0478,integration_tests,186.82,test,True
BUILD-0479,unit_tests,101.33,test,True
BUILD-0479,package_build,26.22,package,False
BUILD-0479,dependency_install,21.67,setup,False
BUILD-0479,compile,337.27,build,False
BUILD-0479,integration_tests,850.15,test,True
BUILD-0479,security_scan,68.97,verification,True
BUILD-0479,deployment_validation,53.63,validate,False
BUILD-0480,dependency_install,21.99,setup,False
BUILD-0480,deployment_validation,32.34,validate,False
BUILD-0480,package_build,18.15,package,False
BUILD-0480,compile,83.51,build,False
BUILD-0480,unit_tests,97.07,test,False
BUILD-0481,unit_tests,86.25,test,True
BUILD-0481,deployment_validation,44.17,validate,False
BUILD-0481,compile,23.21,build,False
BUILD-0481,package_build,17.21,package,False
BUILD-0481,security_scan,21.54,verification,True
BUILD-0481,dependency_install,14.83,setup,False
BUILD-0481,integration_tests,168.83,test,True
BUILD-0482,unit_tests,87.33,test,True
BUILD-0482,deployment_validation,39.18,validate,False
BUILD-0482,security_scan,25.55,verification,True
BUILD-0482,compile,17.51,build,False
BUILD-0482,integration_tests,115.84,test,True
BUILD-0483,unit_tests,92.18,test,True
BUILD-0483,package_build,109.45,package,False
BUILD-0483,compile,156.0,build,False
BUILD-0483,deployment_validation,40.06,validate,False
BUILD-0483,security_scan,71.33,verification,True
BUILD-0483,dependency_install,99.03,setup,False
BUILD-0483,integration_tests,207.36,test,True
BUILD-0484,deployment_validation,43.28,validate,False
BUILD-0484,dependency_install,20.46,setup,False
BUILD-0484,unit_tests,124.98,test,False
BUILD-0484,security_scan,76.26,verification,False
BUILD-0484,integration_tests,166.82,test,False
BUILD-0484,compile,40.43,build,False
BUILD-0485,unit_tests,93.85,test,True
BUILD-0485,dependency_install,103.08,setup,False
BUILD-0485,security_scan,122.01,verification,True
BUILD-0485,deployment_validation,35.7,validate,False
BUILD-0485,package_build,86.68,package,False
BUILD-0485,compile,218.64,build,False
BUILD-0485,integration_tests,123.15,test,True
BUILD-0486,compile,164.24,build,False
BUILD-0486,dependency_install,27.42,setup,False
BUILD-0486,unit_tests,76.17,test,True
BUILD-0486,security_scan,42.0,verification,True
BUILD-0486,package_build,69.34,package,False
BUILD-0487,integration_tests,182.98,test,True
BUILD-0487,package_build,18.83,package,False
BUILD-0487,security_scan,21.13,verification,True
BUILD-0487,compile,32.76,build,False
BUILD-0487,deployment_validation,31.64,validate,False
BUILD-0487,dependency_install,14.41,setup,False
BUILD-0488,dependency_install,23.41,setup,False
BUILD-0488,compile,201.3,build,False
BUILD-0488,security_scan,97.77,verification,True
BUILD-0488,integration_tests,694.41,test,True
BUILD-0488,unit_tests,76.3,test,True
BUILD-0488,package_build,24.2,package,False
BUILD-0488,deployment_validation,37.91,validate,False
BUILD-0489,deployment_validation,43.57,validate,False
BUILD-0489,package_build,38.55,package,False
BUILD-0489,integration_tests,134.04,test,True
BUILD-0489,dependency_install,18.44,setup,False
BUILD-0489,unit_tests,110.36,test,True
BUILD-0489,compile,33.01,build,False
BUILD-0490,compile,34.72,build,False
BUILD-0490,security_scan,26.1,verification,True
BUILD-0490,dependency_install,16.87,setup,False
BUILD-0490,package_build,15.41,package,False
BUILD-0490,unit_tests,101.05,test,True
BUILD-0490,integration_tests,214.55,test,True
BUILD-0491,security_scan,16.35,verification,True
BUILD-0491,deployment_validation,40.94,validate,False
BUILD-0491,package_build,17.52,package,False
BUILD-0491,integration_tests,190.76,test,True
BUILD-0491,unit_tests,83.2,test,True
BUILD-0492,integration_tests,172.34,test,True
BUILD-0492,unit_tests,114.5,test,True
BUILD-0492,dependency_install,92.93,setup,False
BUILD-0492,compile,100.91,build,False
BUILD-0492,deployment_validation,36.87,validate,False
BUILD-0493,security_scan,23.31,verification,True
BUILD-0493,unit_tests,78.18,test,True
BUILD-0493,package_build,23.39,package,False
BUILD-0493,deployment_validation,55.42,validate,False
BUILD-0493,compile,28.67,build,False
BUILD-0494,package_build,19.28,package,False
BUILD-0494,integration_tests,158.07,test,True
BUILD-0494,dependency_install,44.67,setup,False
BUILD-0494,compile,27.33,build,False
BUILD-0494,security_scan,25.72,verification,True
BUILD-0494,deployment_validation,48.71,validate,False
BUILD-0494,unit_tests,107.53,test,True
BUILD-0495,dependency_install,54.29,setup,False
BUILD-0495,package_build,23.56,package,False
BUILD-0495,deployment_validation,44.12,validate,False
BUILD-0495,security_scan,85.4,verification,True
BUILD-0495,unit_tests,79.16,test,True
BUILD-0495,compile,281.73,build,False
BUILD-0495,integration_tests,660.98,test,True
BUILD-0496,compile,174.46,build,False
BUILD-0496,security_scan,242.65,verification,True
BUILD-0496,package_build,89.6,package,False
BUILD-0496,unit_tests,94.54,test,True
BUILD-0496,dependency_install,101.52,setup,False
BUILD-0496,integration_tests,183.32,test,True
BUILD-0497,integration_tests,144.92,test,True
BUILD-0497,compile,193.17,build,False
BUILD-0497,package_build,44.32,package,False
BUILD-0497,unit_tests,63.79,test,True
BUILD-0497,security_scan,203.97,verification,True
BUILD-0497,dependency_install,93.77,setup,False
BUILD-0498,integration_tests,181.39,test,True
BUILD-0498,package_build,19.96,package,False
BUILD-0498,deployment_validation,41.11,validate,False
BUILD-0498,compile,95.04,build,False
BUILD-0498,security_scan,25.94,verification,True
BUILD-0498,unit_tests,117.21,test,True
BUILD-0498,dependency_install,14.71,setup,False
BUILD-0499,integration_tests,202.32,test,True
BUILD-0499,package_build,45.71,package,False
BUILD-0499,security_scan,27.77,verification,True
BUILD-0499,dependency_install,18.34,setup,False
BUILD-0499,unit_tests,84.32,test,True
BUILD-0499,compile,86.27,build,False
BUILD-0500,package_build,12.68,package,False
BUILD-0500,compile,36.07,build,False
BUILD-0500,unit_tests,77.57,test,True
BUILD-0500,integration_tests,181.92,test,True
BUILD-0500,dependency_install,12.69,setup,False
BUILD-0501,unit_tests,81.92,test,False
BUILD-0501,security_scan,37.36,verification,False
BUILD-0501,integration_tests,169.3,test,False
BUILD-0501,compile,92.82,build,False
BUILD-0501,deployment_validation,43.62,validate,False
BUILD-0501,package_build,67.28,package,False
BUILD-0501,dependency_install,35.01,setup,False
BUILD-0502,integration_tests,153.72,test,True
BUILD-0502,deployment_validation,46.04,validate,False
BUILD-0502,unit_tests,99.79,test,True
BUILD-0502,compile,27.04,build,False
BUILD-0502,security_scan,21.47,verification,True
BUILD-0502,package_build,15.61,package,False
BUILD-0503,dependency_install,15.75,setup,False
BUILD-0503,security_scan,28.73,verification,True
BUILD-0503,unit_tests,78.86,test,True
BUILD-0503,package_build,19.49,package,False
BUILD-0503,integration_tests,201.38,test,True
BUILD-0503,compile,31.3,build,False
BUILD-0504,security_scan,23.5,verification,True
BUILD-0504,deployment_validation,43.36,validate,False
BUILD-0504,unit_tests,97.67,test,True
BUILD-0504,compile,182.9,build,False
BUILD-0504,package_build,20.14,package,False
BUILD-0505,deployment_validation,46.33,validate,False
BUILD-0505,package_build,22.18,package,False
BUILD-0505,compile,38.25,build,False
BUILD-0505,unit_tests,100.44,test,True
BUILD-0505,dependency_install,39.46,setup,False
BUILD-0505,security_scan,75.58,verification,True
BUILD-0506,deployment_validation,49.73,validate,False
BUILD-0506,package_build,12.31,package,False
BUILD-0506,compile,28.2,build,False
BUILD-0506,dependency_install,20.23,setup,False
BUILD-0506,security_scan,21.02,verification,True
BUILD-0506,integration_tests,157.47,test,True
BUILD-0506,unit_tests,105.89,test,True
BUILD-0507,deployment_validation,36.2,validate,False
BUILD-0507,unit_tests,103.5,test,True
BUILD-0507,package_build,20.36,package,False
BUILD-0507,integration_tests,173.63,test,True
BUILD-0507,security_scan,35.02,verification,True
BUILD-0507,dependency_install,21.53,setup,False
BUILD-0507,compile,83.2,build,False
BUILD-0508,deployment_validation,42.22,validate,False
BUILD-0508,security_scan,136.42,verification,True
BUILD-0508,dependency_install,108.23,setup,False
BUILD-0508,integration_tests,166.58,test,True
BUILD-0508,package_build,100.47,package,False
BUILD-0508,unit_tests,80.89,test,True
BUILD-0509,deployment_validation,35.13,validate,False
BUILD-0509,compile,66.63,build,False
BUILD-0509,dependency_install,46.75,setup,False
BUILD-0509,integration_tests,185.74,test,True
BUILD-0509,package_build,25.14,package,False
BUILD-0509,unit_tests,88.86,test,True
BUILD-0509,security_scan,74.28,verification,True
BUILD-0510,integration_tests,192.01,test,True
BUILD-0510,security_scan,147.53,verification,True
BUILD-0510,package_build,51.12,package,False
BUILD-0510,dependency_install,91.73,setup,False
BUILD-0510,deployment_validation,40.04,validate,False
BUILD-0510,compile,141.67,build,False
BUILD-0510,unit_tests,97.29,test,True
BUILD-0511,package_build,23.31,package,False
BUILD-0511,deployment_validation,45.94,validate,False
BUILD-0511,unit_tests,86.23,test,True
BUILD-0511,security_scan,24.03,verification,True
BUILD-0511,integration_tests,189.2,test,True
BUILD-0511,compile,33.05,build,False
BUILD-0512,compile,59.26,build,False
BUILD-0512,security_scan,86.94,verification,True
BUILD-0512,integration_tests,271.91,test,True
BUILD-0512,dependency_install,55.18,setup,False
BUILD-0512,deployment_validation,68.29,validate,False
BUILD-0513,security_scan,75.81,verification,False
BUILD-0513,package_build,21.26,package,False
BUILD-0513,unit_tests,92.1,test,False
BUILD-0513,deployment_validation,50.84,validate,False
BUILD-0513,integration_tests,170.53,test,False
BUILD-0513,compile,41.67,build,False
BUILD-0514,security_scan,37.31,verification,True
BUILD-0514,deployment_validation,43.62,validate,False
BUILD-0514,package_build,19.63,package,False
BUILD-0514,unit_tests,130.41,test,True
BUILD-0514,integration_tests,187.15,test,True
BUILD-0514,compile,42.89,build,False
BUILD-0515,integration_tests,623.89,test,True
BUILD-0515,package_build,25.33,package,False
BUILD-0515,deployment_validation,47.31,validate,False
BUILD-0515,unit_tests,110.07,test,True
BUILD-0515,compile,372.33,build,False
BUILD-0515,dependency_install,19.29,setup,False
BUILD-0516,package_build,23.62,package,False
BUILD-0516,dependency_install,51.3,setup,False
BUILD-0516,security_scan,67.66,verification,True
BUILD-0516,integration_tests,858.06,test,True
BUILD-0516,unit_tests,115.7,test,True
BUILD-0516,compile,105.21,build,False
BUILD-0517,unit_tests,93.0,test,False
BUILD-0517,dependency_install,21.18,setup,False
BUILD-0517,deployment_validation,36.85,validate,False
BUILD-0517,security_scan,37.89,verification,False
BUILD-0517,integration_tests,191.45,test,False
BUILD-0517,package_build,22.63,package,False
BUILD-0518,compile,85.2,build,False
BUILD-0518,integration_tests,144.97,test,True
BUILD-0518,security_scan,127.39,verification,True
BUILD-0518,dependency_install,27.45,setup,False
BUILD-0518,package_build,42.66,package,False
BUILD-0518,deployment_validation,51.58,validate,False
BUILD-0519,compile,348.82,build,False
BUILD-0519,security_scan,28.85,verification,True
BUILD-0519,unit_tests,72.86,test,True
BUILD-0519,dependency_install,56.78,setup,False
BUILD-0519,package_build,27.22,package,False
BUILD-0519,deployment_validation,37.71,validate,False
BUILD-0519,integration_tests,782.71,test,True
BUILD-0520,integration_tests,166.91,test,True
BUILD-0520,security_scan,57.4,verification,True
BUILD-0520,dependency_install,10.28,setup,False
BUILD-0520,deployment_validation,45.15,validate,False
BUILD-0520,package_build,15.33,package,False
BUILD-0520,unit_tests,66.24,test,True
BUILD-0521,package_build,25.18,package,False
BUILD-0521,compile,107.39,build,False
BUILD-0521,deployment_validation,37.25,validate,False
BUILD-0521,unit_tests,92.73,test,True
BUILD-0521,dependency_install,19.12,setup,False
BUILD-0521,security_scan,25.13,verification,True
BUILD-0521,integration_tests,691.36,test,True
BUILD-0522,dependency_install,122.41,setup,False
BUILD-0522,security_scan,166.26,verification,True
BUILD-0522,integration_tests,153.13,test,True
BUILD-0522,compile,158.05,build,False
BUILD-0522,unit_tests,63.98,test,True
BUILD-0523,security_scan,25.16,verification,True
BUILD-0523,package_build,21.32,package,False
BUILD-0523,compile,31.39,build,False
BUILD-0523,integration_tests,177.12,test,True
BUILD-0523,dependency_install,14.68,setup,False
BUILD-0524,compile,93.12,build,False
BUILD-0524,integration_tests,231.42,test,False
BUILD-0524,security_scan,28.64,verification,False
BUILD-0524,deployment_validation,46.83,validate,False
BUILD-0524,dependency_install,20.34,setup,False
BUILD-0524,package_build,21.78,package,False
BUILD-0525,deployment_validation,49.03,validate,False
BUILD-0525,security_scan,25.41,verification,True
BUILD-0525,dependency_install,34.03,setup,False
BUILD-0525,integration_tests,187.79,test,True
BUILD-0525,compile,25.64,build,False
BUILD-0526,dependency_install,17.32,setup,False
BUILD-0526,unit_tests,87.12,test,True
BUILD-0526,compile,32.21,build,False
BUILD-0526,package_build,16.19,package,False
BUILD-0526,security_scan,21.63,verification,True
BUILD-0527,unit_tests,69.76,test,True
BUILD-0527,dependency_install,104.93,setup,False
BUILD-0527,integration_tests,130.56,test,True
BUILD-0527,security_scan,123.95,verification,True
BUILD-0527,deployment_validation,27.55,validate,False
BUILD-0528,package_build,21.99,package,False
BUILD-0528,security_scan,29.96,verification,False
BUILD-0528,dependency_install,37.96,setup,False
BUILD-0528,compile,29.67,build,False
BUILD-0528,unit_tests,101.62,test,False
BUILD-0528,deployment_validation,36.7,validate,False
BUILD-0528,integration_tests,188.54,test,False
BUILD-0529,compile,38.62,build,False
BUILD-0529,unit_tests,88.33,test,False
BUILD-0529,package_build,43.96,package,False
BUILD-0529,integration_tests,182.3,test,False
BUILD-0529,security_scan,30.54,verification,False
BUILD-0529,deployment_validation,41.32,validate,False
BUILD-0530,security_scan,66.58,verification,True
BUILD-0530,integration_tests,582.0,test,True
BUILD-0530,package_build,23.22,package,False
BUILD-0530,dependency_install,17.23,setup,False
BUILD-0530,compile,259.45,build,False
BUILD-0530,unit_tests,75.21,test,True
BUILD-0530,deployment_validation,30.4,validate,False
BUILD-0531,unit_tests,97.27,test,True
BUILD-0531,package_build,19.49,package,False
BUILD-0531,security_scan,33.93,verification,True
BUILD-0531,deployment_validation,40.21,validate,False
BUILD-0531,dependency_install,31.71,setup,False
BUILD-0532,security_scan,35.33,verification,False
BUILD-0532,unit_tests,80.84,test,False
BUILD-0532,compile,38.27,build,False
BUILD-0532,package_build,19.61,package,False
BUILD-0532,deployment_validation,40.59,validate,False
BUILD-0533,unit_tests,93.65,test,True
BUILD-0533,integration_tests,176.38,test,True
BUILD-0533,security_scan,33.45,verification,True
BUILD-0533,compile,39.01,build,False
BUILD-0533,deployment_validation,39.2,validate,False
BUILD-0533,package_build,23.86,package,False
BUILD-0534,compile,161.49,build,False
BUILD-0534,package_build,69.94,package,False
BUILD-0534,unit_tests,173.27,test,True
BUILD-0534,dependency_install,53.1,setup,False
BUILD-0534,deployment_validation,59.51,validate,False
BUILD-0535,compile,123.77,build,False
BUILD-0535,dependency_install,35.54,setup,False
BUILD-0535,integration_tests,203.3,test,True
BUILD-0535,deployment_validation,52.82,validate,False
BUILD-0535,security_scan,34.54,verification,True
BUILD-0535,unit_tests,181.11,test,True
BUILD-0536,deployment_validation,33.49,validate,False
BUILD-0536,package_build,93.57,package,False
BUILD-0536,integration_tests,211.91,test,True
BUILD-0536,compile,76.66,build,False
BUILD-0536,unit_tests,90.2,test,True
BUILD-0536,dependency_install,102.26,setup,False
BUILD-0537,security_scan,82.42,verification,True
BUILD-0537,unit_tests,118.85,test,True
BUILD-0537,deployment_validation,34.09,validate,False
BUILD-0537,integration_tests,217.93,test,True
BUILD-0537,compile,33.37,build,False
BUILD-0538,compile,220.93,build,False
BUILD-0538,deployment_validation,39.13,validate,False
BUILD-0538,integration_tests,171.15,test,True
BUILD-0538,security_scan,163.92,verification,True
BUILD-0538,package_build,41.68,package,False
BUILD-0538,dependency_install,135.45,setup,False
BUILD-0539,unit_tests,75.11,test,True
BUILD-0539,dependency_install,17.15,setup,False
BUILD-0539,security_scan,21.84,verification,True
BUILD-0539,deployment_validation,38.83,validate,False
BUILD-0539,compile,26.1,build,False
BUILD-0539,package_build,15.43,package,False
BUILD-0540,compile,77.41,build,False
BUILD-0540,deployment_validation,37.77,validate,False
BUILD-0540,security_scan,151.63,verification,True
BUILD-0540,integration_tests,188.63,test,True
BUILD-0540,unit_tests,118.56,test,True
BUILD-0540,dependency_install,101.49,setup,False
BUILD-0540,package_build,57.47,package,False
BUILD-0541,package_build,51.18,package,False
BUILD-0541,security_scan,26.31,verification,True
BUILD-0541,integration_tests,418.82,test,True
BUILD-0541,compile,122.49,build,False
BUILD-0541,dependency_install,53.05,setup,False
BUILD-0542,package_build,19.12,package,False
BUILD-0542,security_scan,30.05,verification,True
BUILD-0542,dependency_install,15.18,setup,False
BUILD-0542,deployment_validation,29.98,validate,False
BUILD-0542,compile,31.12,build,False
BUILD-0542,unit_tests,83.13,test,True
BUILD-0543,package_build,25.16,package,False
BUILD-0543,compile,363.7,build,False
BUILD-0543,unit_tests,93.55,test,True
BUILD-0543,integration_tests,519.2,test,True
BUILD-0543,security_scan,17.8,verification,True
BUILD-0544,dependency_install,19.48,setup,False
BUILD-0544,compile,98.16,build,False
BUILD-0544,package_build,23.84,package,False
BUILD-0544,unit_tests,87.29,test,True
BUILD-0544,deployment_validation,46.4,validate,False
BUILD-0544,integration_tests,211.08,test,True
BUILD-0544,security_scan,67.7,verification,True
BUILD-0545,dependency_install,18.56,setup,False
BUILD-0545,compile,36.86,build,False
BUILD-0545,security_scan,76.0,verification,False
BUILD-0545,unit_tests,106.18,test,False
BUILD-0545,deployment_validation,43.73,validate,False
BUILD-0546,deployment_validation,39.22,validate,False
BUILD-0546,security_scan,158.54,verification,True
BUILD-0546,integration_tests,154.55,test,True
BUILD-0546,compile,206.1,build,False
BUILD-0546,package_build,94.19,package,False
BUILD-0547,package_build,17.75,package,False
BUILD-0547,compile,173.04,build,False
BUILD-0547,unit_tests,84.5,test,True
BUILD-0547,dependency_install,15.95,setup,False
BUILD-0547,deployment_validation,41.31,validate,False
BUILD-0548,package_build,17.19,package,False
BUILD-0548,compile,34.99,build,False
BUILD-0548,deployment_validation,34.7,validate,False
BUILD-0548,integration_tests,110.11,test,True
BUILD-0548,dependency_install,15.89,setup,False
BUILD-0548,unit_tests,108.53,test,True
BUILD-0548,security_scan,20.77,verification,True
BUILD-0549,unit_tests,107.08,test,True
BUILD-0549,package_build,16.81,package,False
BUILD-0549,dependency_install,14.96,setup,False
BUILD-0549,compile,32.03,build,False
BUILD-0549,integration_tests,192.49,test,True
BUILD-0550,deployment_validation,41.03,validate,False
BUILD-0550,integration_tests,198.13,test,True
BUILD-0550,dependency_install,24.89,setup,False
BUILD-0550,unit_tests,107.65,test,True
BUILD-0550,compile,40.11,build,False
BUILD-0550,package_build,22.7,package,False
BUILD-0550,security_scan,33.33,verification,True
BUILD-0551,dependency_install,36.0,setup,False
BUILD-0551,unit_tests,90.02,test,True
BUILD-0551,security_scan,144.72,verification,True
BUILD-0551,integration_tests,190.24,test,True
BUILD-0551,compile,94.76,build,False
BUILD-0551,deployment_validation,36.42,validate,False
BUILD-0552,package_build,46.91,package,False
BUILD-0552,unit_tests,108.02,test,False
BUILD-0552,security_scan,34.04,verification,False
BUILD-0552,compile,38.31,build,False
BUILD-0552,deployment_validation,38.32,validate,False
BUILD-0553,integration_tests,188.49,test,True
BUILD-0553,unit_tests,121.19,test,True
BUILD-0553,package_build,41.24,package,False
BUILD-0553,compile,86.25,build,False
BUILD-0553,deployment_validation,43.78,validate,False
BUILD-0553,security_scan,22.63,verification,True
BUILD-0554,dependency_install,22.92,setup,False
BUILD-0554,package_build,24.49,package,False
BUILD-0554,compile,35.55,build,False
BUILD-0554,security_scan,73.5,verification,True
BUILD-0554,unit_tests,97.42,test,True
BUILD-0554,integration_tests,134.38,test,True
BUILD-0555,integration_tests,185.22,test,True
BUILD-0555,package_build,15.9,package,False
BUILD-0555,security_scan,73.81,verification,True
BUILD-0555,deployment_validation,41.87,validate,False
BUILD-0555,dependency_install,11.29,setup,False
BUILD-0555,compile,36.46,build,False
BUILD-0555,unit_tests,113.39,test,True
BUILD-0556,security_scan,35.1,verification,True
BUILD-0556,unit_tests,152.84,test,True
BUILD-0556,deployment_validation,65.04,validate,False
BUILD-0556,compile,53.25,build,False
BUILD-0556,package_build,32.79,package,False
BUILD-0557,unit_tests,76.84,test,True
BUILD-0557,deployment_validation,42.28,validate,False
BUILD-0557,compile,32.69,build,False
BUILD-0557,package_build,21.46,package,False
BUILD-0557,security_scan,23.58,verification,True
BUILD-0557,dependency_install,21.66,setup,False
BUILD-0558,security_scan,73.74,verification,True
BUILD-0558,unit_tests,74.87,test,True
BUILD-0558,dependency_install,45.61,setup,False
BUILD-0558,deployment_validation,36.87,validate,False
BUILD-0558,package_build,24.21,package,False
BUILD-0558,integration_tests,734.13,test,True
BUILD-0559,package_build,19.93,package,False
BUILD-0559,unit_tests,122.54,test,False
BUILD-0559,dependency_install,21.6,setup,False
BUILD-0559,compile,59.57,build,False
BUILD-0559,deployment_validation,43.3,validate,False
BUILD-0560,unit_tests,92.23,test,True
BUILD-0560,compile,32.97,build,False
BUILD-0560,security_scan,21.34,verification,True
BUILD-0560,deployment_validation,39.82,validate,False
BUILD-0560,integration_tests,165.26,test,True
BUILD-0561,deployment_validation,38.61,validate,False
BUILD-0561,compile,164.9,build,False
BUILD-0561,security_scan,132.11,verification,True
BUILD-0561,unit_tests,93.49,test,True
BUILD-0561,dependency_install,120.89,setup,False
BUILD-0562,dependency_install,47.55,setup,False
BUILD-0562,integration_tests,177.3,test,False
BUILD-0562,package_build,17.11,package,False
BUILD-0562,security_scan,27.91,verification,False
BUILD-0562,deployment_validation,39.24,validate,False
BUILD-0562,unit_tests,84.81,test,False
BUILD-0563,compile,30.68,build,False
BUILD-0563,deployment_validation,41.19,validate,False
BUILD-0563,dependency_install,44.47,setup,False
BUILD-0563,unit_tests,86.75,test,True
BUILD-0563,package_build,20.88,package,False
BUILD-0563,integration_tests,198.8,test,True
BUILD-0564,dependency_install,58.53,setup,False
BUILD-0564,package_build,40.89,package,False
BUILD-0564,integration_tests,213.4,test,True
BUILD-0564,security_scan,30.85,verification,True
BUILD-0564,deployment_validation,58.81,validate,False
BUILD-0564,compile,49.75,build,False
BUILD-0564,unit_tests,144.38,test,True
BUILD-0565,integration_tests,172.99,test,True
BUILD-0565,compile,245.29,build,False
BUILD-0565,unit_tests,106.43,test,True
BUILD-0565,deployment_validation,45.17,validate,False
BUILD-0565,security_scan,100.49,verification,True
BUILD-0566,dependency_install,19.58,setup,False
BUILD-0566,integration_tests,176.95,test,True
BUILD-0566,deployment_validation,34.22,validate,False
BUILD-0566,security_scan,20.26,verification,True
BUILD-0566,compile,31.67,build,False
BUILD-0567,package_build,108.43,package,False
BUILD-0567,dependency_install,118.59,setup,False
BUILD-0567,integration_tests,159.2,test,True
BUILD-0567,security_scan,57.08,verification,True
BUILD-0567,unit_tests,97.74,test,True
BUILD-0567,deployment_validation,46.87,validate,False
BUILD-0567,compile,68.71,build,False
BUILD-0568,compile,96.44,build,False
BUILD-0568,security_scan,23.78,verification,True
BUILD-0568,dependency_install,20.96,setup,False
BUILD-0568,integration_tests,165.42,test,True
BUILD-0568,unit_tests,96.77,test,True
BUILD-0568,package_build,55.32,package,False
BUILD-0568,deployment_validation,41.32,validate,False
BUILD-0569,dependency_install,58.35,setup,False
BUILD-0569,package_build,40.83,package,False
BUILD-0569,unit_tests,156.04,test,True
BUILD-0569,security_scan,55.59,verification,True
BUILD-0569,compile,56.31,build,False
BUILD-0569,deployment_validation,64.87,validate,False
BUILD-0570,deployment_validation,35.39,validate,False
BUILD-0570,security_scan,35.11,verification,True
BUILD-0570,compile,177.95,build,False
BUILD-0570,integration_tests,439.29,test,True
BUILD-0570,unit_tests,86.79,test,True
BUILD-0571,deployment_validation,49.72,validate,False
BUILD-0571,security_scan,194.89,verification,True
BUILD-0571,compile,130.61,build,False
BUILD-0571,package_build,127.08,package,False
BUILD-0571,unit_tests,91.5,test,True
BUILD-0571,integration_tests,148.32,test,True
BUILD-0571,dependency_install,96.31,setup,False
BUILD-0572,integration_tests,265.3,test,True
BUILD-0572,compile,49.23,build,False
BUILD-0572,package_build,44.87,package,False
BUILD-0572,deployment_validation,63.74,validate,False
BUILD-0572,dependency_install,63.94,setup,False
BUILD-0573,security_scan,29.11,verification,False
BUILD-0573,integration_tests,182.15,test,False
BUILD-0573,compile,80.78,build,False
BUILD-0573,package_build,50.6,package,False
BUILD-0573,deployment_validation,34.84,validate,False
BUILD-0573,dependency_install,43.61,setup,False
BUILD-0573,unit_tests,105.83,test,False
BUILD-0574,deployment_validation,41.0,validate,False
BUILD-0574,unit_tests,100.95,test,True
BUILD-0574,compile,30.35,build,False
BUILD-0574,dependency_install,15.34,setup,False
BUILD-0574,integration_tests,155.39,test,True
BUILD-0574,security_scan,20.02,verification,True
BUILD-0575,dependency_install,107.78,setup,False
BUILD-0575,deployment_validation,43.9,validate,False
BUILD-0575,package_build,145.7,package,False
BUILD-0575,integration_tests,175.64,test,True
BUILD-0575,security_scan,138.95,verification,True
BUILD-0575,compile,153.7,build,False
BUILD-0576,security_scan,37.23,verification,False
BUILD-0576,package_build,46.3,package,False
BUILD-0576,deployment_validation,46.33,validate,False
BUILD-0576,integration_tests,174.95,test,False
BUILD-0576,compile,71.89,build,False
BUILD-0576,dependency_install,16.93,setup,False
BUILD-0577,dependency_install,13.19,setup,False
BUILD-0577,unit_tests,125.16,test,True
BUILD-0577,integration_tests,157.3,test,True
BUILD-0577,deployment_validation,44.5,validate,False
BUILD-0577,package_build,17.12,package,False
BUILD-0577,compile,26.65,build,False
BUILD-0578,package_build,16.31,package,False
BUILD-0578,unit_tests,80.18,test,True
BUILD-0578,integration_tests,163.59,test,True
BUILD-0578,deployment_validation,39.18,validate,False
BUILD-0578,dependency_install,18.01,setup,False
BUILD-0578,compile,28.87,build,False
BUILD-0578,security_scan,25.63,verification,True
BUILD-0579,unit_tests,79.39,test,True
BUILD-0579,deployment_validation,50.18,validate,False
BUILD-0579,integration_tests,161.62,test,True
BUILD-0579,package_build,17.86,package,False
BUILD-0579,dependency_install,9.56,setup,False
BUILD-0579,security_scan,23.46,verification,True
BUILD-0580,integration_tests,182.66,test,True
BUILD-0580,unit_tests,94.2,test,True
BUILD-0580,compile,29.42,build,False
BUILD-0580,package_build,19.84,package,False
BUILD-0580,deployment_validation,40.03,validate,False
BUILD-0580,security_scan,26.77,verification,True
BUILD-0580,dependency_install,19.62,setup,False
BUILD-0581,compile,165.2,build,False
BUILD-0581,package_build,38.61,package,False
BUILD-0581,deployment_validation,24.22,validate,False
BUILD-0581,security_scan,134.57,verification,True
BUILD-0581,dependency_install,109.58,setup,False
BUILD-0581,integration_tests,166.1,test,True
BUILD-0582,deployment_validation,41.46,validate,False
BUILD-0582,unit_tests,84.09,test,True
BUILD-0582,integration_tests,179.07,test,True
BUILD-0582,package_build,11.73,package,False
BUILD-0582,compile,33.54,build,False
BUILD-0582,dependency_install,43.31,setup,False
BUILD-0583,package_build,18.34,package,False
BUILD-0583,unit_tests,85.74,test,True
BUILD-0583,security_scan,24.81,verification,True
BUILD-0583,compile,28.05,build,False
BUILD-0583,integration_tests,192.96,test,True
BUILD-0584,dependency_install,71.49,setup,False
BUILD-0584,package_build,119.42,package,False
BUILD-0584,unit_tests,106.31,test,True
BUILD-0584,security_scan,131.89,verification,True
BUILD-0584,integration_tests,173.35,test,True
BUILD-0584,deployment_validation,45.92,validate,False
BUILD-0585,deployment_validation,30.74,validate,False
BUILD-0585,unit_tests,92.71,test,True
BUILD-0585,security_scan,154.89,verification,True
BUILD-0585,dependency_install,87.78,setup,False
BUILD-0585,integration_tests,175.26,test,True
BUILD-0585,package_build,104.34,package,False
BUILD-0585,compile,79.89,build,False
BUILD-0586,dependency_install,114.57,setup,False
BUILD-0586,unit_tests,90.11,test,True
BUILD-0586,package_build,52.09,package,False
BUILD-0586,compile,144.86,build,False
BUILD-0586,security_scan,141.65,verification,True
BUILD-0587,dependency_install,14.37,setup,False
BUILD-0587,deployment_validation,39.41,validate,False
BUILD-0587,unit_tests,79.21,test,True
BUILD-0587,integration_tests,144.66,test,True
BUILD-0587,compile,103.21,build,False
BUILD-0587,package_build,17.08,package,False
BUILD-0587,security_scan,27.94,verification,True
BUILD-0588,deployment_validation,55.83,validate,False
BUILD-0588,integration_tests,204.12,test,True
BUILD-0588,dependency_install,43.28,setup,False
BUILD-0588,security_scan,66.79,verification,True
BUILD-0588,unit_tests,105.47,test,True
BUILD-0589,integration_tests,184.93,test,False
BUILD-0589,package_build,50.08,package,False
BUILD-0589,security_scan,34.15,verification,False
BUILD-0589,deployment_validation,29.55,validate,False
BUILD-0589,compile,34.0,build,False
BUILD-0589,dependency_install,15.25,setup,False
BUILD-0590,security_scan,32.02,verification,True
BUILD-0590,deployment_validation,36.24,validate,False
BUILD-0590,package_build,24.17,package,False
BUILD-0590,integration_tests,322.84,test,True
BUILD-0590,unit_tests,82.79,test,True
BUILD-0590,dependency_install,37.4,setup,False
BUILD-0590,compile,122.01,build,False
BUILD-0591,unit_tests,106.37,test,False
BUILD-0591,security_scan,22.71,verification,False
BUILD-0591,package_build,22.65,package,False
BUILD-0591,compile,39.02,build,False
BUILD-0591,deployment_validation,51.14,validate,False
BUILD-0592,dependency_install,26.29,setup,False
BUILD-0592,compile,48.31,build,False
BUILD-0592,deployment_validation,32.94,validate,False
BUILD-0592,integration_tests,170.94,test,False
BUILD-0592,security_scan,43.37,verification,False
BUILD-0592,unit_tests,94.42,test,False
BUILD-0592,package_build,23.32,package,False
BUILD-0593,deployment_validation,64.52,validate,False
BUILD-0593,integration_tests,252.91,test,True
BUILD-0593,dependency_install,57.4,setup,False
BUILD-0593,compile,152.49,build,False
BUILD-0593,security_scan,90.54,verification,True
BUILD-0593,unit_tests,159.55,test,True
BUILD-0594,integration_tests,157.02,test,True
BUILD-0594,dependency_install,11.24,setup,False
BUILD-0594,deployment_validation,39.49,validate,False
BUILD-0594,compile,34.34,build,False
BUILD-0594,unit_tests,100.06,test,True
BUILD-0594,package_build,60.25,package,False
BUILD-0594,security_scan,28.44,verification,True
BUILD-0595,deployment_validation,36.72,validate,False
BUILD-0595,compile,28.11,build,False
BUILD-0595,dependency_install,12.1,setup,False
BUILD-0595,integration_tests,184.44,test,True
BUILD-0595,security_scan,32.57,verification,True
BUILD-0595,unit_tests,102.03,test,True
BUILD-0596,security_scan,36.58,verification,True
BUILD-0596,compile,82.53,build,False
BUILD-0596,package_build,51.57,package,False
BUILD-0596,unit_tests,79.44,test,True
BUILD-0596,dependency_install,20.96,setup,False
BUILD-0596,integration_tests,207.96,test,True
BUILD-0596,deployment_validation,34.98,validate,False
BUILD-0597,deployment_validation,39.45,validate,False
BUILD-0597,integration_tests,156.03,test,False
BUILD-0597,dependency_install,23.28,setup,False
BUILD-0597,compile,34.45,build,False
BUILD-0597,unit_tests,105.82,test,False
BUILD-0598,compile,25.81,build,False
BUILD-0598,dependency_install,18.44,setup,False
BUILD-0598,deployment_validation,51.71,validate,False
BUILD-0598,package_build,23.41,package,False
BUILD-0598,security_scan,35.94,verification,True
BUILD-0599,package_build,17.19,package,False
BUILD-0599,compile,65.35,build,False
BUILD-0599,integration_tests,177.38,test,False
BUILD-0599,unit_tests,66.58,test,False
BUILD-0599,deployment_validation,33.96,validate,False
BUILD-0599,security_scan,28.73,verification,False
BUILD-0600,integration_tests,189.83,test,True
BUILD-0600,deployment_validation,52.56,validate,False
BUILD-0600,security_scan,24.36,verification,True
BUILD-0600,compile,42.26,build,False
BUILD-0600,package_build,25.78,package,False
BUILD-0601,compile,82.44,build,False
BUILD-0601,package_build,20.96,package,False
BUILD-0601,deployment_validation,41.11,validate,False
BUILD-0601,security_scan,85.85,verification,False
BUILD-0601,unit_tests,103.63,test,False
BUILD-0602,integration_tests,212.54,test,True
BUILD-0602,dependency_install,42.01,setup,False
BUILD-0602,compile,34.16,build,False
BUILD-0602,security_scan,64.05,verification,True
BUILD-0602,deployment_validation,33.28,validate,False
BUILD-0602,package_build,25.25,package,False
BUILD-0602,unit_tests,126.15,test,True
BUILD-0603,unit_tests,85.3,test,True
BUILD-0603,integration_tests,159.88,test,True
BUILD-0603,compile,173.19,build,False
BUILD-0603,security_scan,201.06,verification,True
BUILD-0603,package_build,44.61,package,False
BUILD-0603,deployment_validation,36.49,validate,False
BUILD-0604,unit_tests,77.32,test,True
BUILD-0604,dependency_install,40.75,setup,False
BUILD-0604,deployment_validation,44.39,validate,False
BUILD-0604,security_scan,23.78,verification,True
BUILD-0604,integration_tests,167.46,test,True
BUILD-0605,package_build,61.5,package,False
BUILD-0605,unit_tests,95.47,test,True
BUILD-0605,compile,28.43,build,False
BUILD-0605,dependency_install,16.0,setup,False
BUILD-0605,deployment_validation,48.37,validate,False
BUILD-0605,integration_tests,151.78,test,True
BUILD-0606,package_build,17.91,package,False
BUILD-0606,security_scan,23.26,verification,True
BUILD-0606,unit_tests,94.72,test,True
BUILD-0606,deployment_validation,39.36,validate,False
BUILD-0606,dependency_install,18.63,setup,False
BUILD-0606,compile,23.48,build,False
BUILD-0607,integration_tests,207.98,test,False
BUILD-0607,compile,32.78,build,False
BUILD-0607,unit_tests,107.83,test,False
BUILD-0607,security_scan,87.84,verification,False
BUILD-0607,dependency_install,19.03,setup,False
BUILD-0607,package_build,24.8,package,False
BUILD-0607,deployment_validation,33.08,validate,False
BUILD-0608,deployment_validation,42.84,validate,False
BUILD-0608,security_scan,22.13,verification,True
BUILD-0608,dependency_install,33.79,setup,False
BUILD-0608,package_build,18.82,package,False
BUILD-0608,compile,19.33,build,False
BUILD-0609,dependency_install,23.11,setup,False
BUILD-0609,integration_tests,185.18,test,True
BUILD-0609,deployment_validation,51.69,validate,False
BUILD-0609,unit_tests,109.61,test,True
BUILD-0609,package_build,20.29,package,False
BUILD-0609,security_scan,70.29,verification,True
BUILD-0610,dependency_install,15.44,setup,False
BUILD-0610,compile,30.92,build,False
BUILD-0610,security_scan,28.85,verification,True
BUILD-0610,integration_tests,125.02,test,True
BUILD-0610,unit_tests,95.68,test,True
BUILD-0610,package_build,48.13,package,False
BUILD-0610,deployment_validation,29.96,validate,False
BUILD-0611,package_build,15.92,package,False
BUILD-0611,security_scan,25.67,verification,True
BUILD-0611,compile,30.73,build,False
BUILD-0611,integration_tests,195.71,test,True
BUILD-0611,dependency_install,14.78,setup,False
BUILD-0611,deployment_validation,41.71,validate,False
BUILD-0612,deployment_validation,42.67,validate,False
BUILD-0612,compile,46.04,build,False
BUILD-0612,package_build,25.81,package,False
BUILD-0612,integration_tests,226.4,test,True
BUILD-0612,unit_tests,59.48,test,True
BUILD-0612,security_scan,31.96,verification,True
BUILD-0613,dependency_install,14.98,setup,False
BUILD-0613,integration_tests,132.96,test,True
BUILD-0613,unit_tests,87.22,test,True
BUILD-0613,deployment_validation,33.45,validate,False
BUILD-0613,security_scan,25.0,verification,True
BUILD-0614,package_build,24.68,package,False
BUILD-0614,unit_tests,61.2,test,False
BUILD-0614,integration_tests,235.14,test,False
BUILD-0614,deployment_validation,41.77,validate,False
BUILD-0614,security_scan,27.83,verification,False
BUILD-0614,compile,36.85,build,False
BUILD-0615,integration_tests,593.86,test,True
BUILD-0615,deployment_validation,36.3,validate,False
BUILD-0615,package_build,24.44,package,False
BUILD-0615,compile,106.88,build,False
BUILD-0615,dependency_install,52.57,setup,False
BUILD-0615,security_scan,33.25,verification,True
BUILD-0616,unit_tests,99.62,test,True
BUILD-0616,deployment_validation,36.8,validate,False
BUILD-0616,compile,31.53,build,False
BUILD-0616,dependency_install,12.54,setup,False
BUILD-0616,security_scan,60.54,verification,True
BUILD-0617,unit_tests,153.89,test,True
BUILD-0617,package_build,95.73,package,False
BUILD-0617,integration_tests,283.27,test,True
BUILD-0617,deployment_validation,60.6,validate,False
BUILD-0617,dependency_install,25.02,setup,False
BUILD-0618,unit_tests,93.22,test,True
BUILD-0618,integration_tests,202.87,test,True
BUILD-0618,compile,198.28,build,False
BUILD-0618,security_scan,166.31,verification,True
BUILD-0618,package_build,109.43,package,False
BUILD-0618,dependency_install,123.98,setup,False
BUILD-0619,integration_tests,178.35,test,True
BUILD-0619,compile,146.05,build,False
BUILD-0619,security_scan,111.95,verification,True
BUILD-0619,unit_tests,97.86,test,True
BUILD-0619,dependency_install,91.03,setup,False
BUILD-0620,integration_tests,159.83,test,True
BUILD-0620,security_scan,24.66,verification,True
BUILD-0620,compile,27.71,build,False
BUILD-0620,unit_tests,98.28,test,True
BUILD-0620,package_build,11.75,package,False
BUILD-0620,deployment_validation,37.99,validate,False
BUILD-0620,dependency_install,18.41,setup,False
BUILD-0621,unit_tests,80.87,test,True
BUILD-0621,deployment_validation,45.52,validate,False
BUILD-0621,compile,31.89,build,False
BUILD-0621,security_scan,66.07,verification,True
BUILD-0621,integration_tests,171.31,test,True
BUILD-0622,dependency_install,16.01,setup,False
BUILD-0622,unit_tests,69.62,test,True
BUILD-0622,integration_tests,119.78,test,True
BUILD-0622,package_build,18.1,package,False
BUILD-0622,deployment_validation,36.63,validate,False
BUILD-0622,compile,25.68,build,False
BUILD-0623,integration_tests,198.79,test,True
BUILD-0623,compile,29.31,build,False
BUILD-0623,unit_tests,72.5,test,True
BUILD-0623,dependency_install,15.25,setup,False
BUILD-0623,security_scan,28.83,verification,True
BUILD-0623,package_build,19.07,package,False
BUILD-0624,unit_tests,66.16,test,True
BUILD-0624,dependency_install,16.89,setup,False
BUILD-0624,integration_tests,220.41,test,True
BUILD-0624,deployment_validation,37.03,validate,False
BUILD-0624,package_build,16.19,package,False
BUILD-0624,compile,32.83,build,False
BUILD-0625,dependency_install,16.45,setup,False
BUILD-0625,deployment_validation,40.57,validate,False
BUILD-0625,compile,72.88,build,False
BUILD-0625,integration_tests,165.46,test,True
BUILD-0625,package_build,57.45,package,False
BUILD-0625,unit_tests,110.6,test,True
BUILD-0625,security_scan,18.22,verification,True
BUILD-0626,compile,32.99,build,False
BUILD-0626,deployment_validation,51.1,validate,False
BUILD-0626,security_scan,27.6,verification,True
BUILD-0626,integration_tests,211.4,test,True
BUILD-0626,dependency_install,14.38,setup,False
BUILD-0627,deployment_validation,45.1,validate,False
BUILD-0627,security_scan,149.39,verification,True
BUILD-0627,unit_tests,96.53,test,True
BUILD-0627,package_build,52.91,package,False
BUILD-0627,dependency_install,86.01,setup,False
BUILD-0628,unit_tests,113.29,test,True
BUILD-0628,package_build,19.36,package,False
BUILD-0628,compile,32.11,build,False
BUILD-0628,deployment_validation,43.83,validate,False
BUILD-0628,security_scan,26.15,verification,True
BUILD-0628,integration_tests,204.26,test,True
BUILD-0628,dependency_install,12.52,setup,False
BUILD-0629,integration_tests,177.81,test,True
BUILD-0629,deployment_validation,40.47,validate,False
BUILD-0629,security_scan,130.23,verification,True
BUILD-0629,unit_tests,102.42,test,True
BUILD-0629,package_build,109.99,package,False
BUILD-0630,integration_tests,179.08,test,True
BUILD-0630,package_build,13.31,package,False
BUILD-0630,unit_tests,100.99,test,True
BUILD-0630,dependency_install,14.38,setup,False
BUILD-0630,compile,31.7,build,False
BUILD-0631,dependency_install,47.67,setup,False
BUILD-0631,package_build,19.27,package,False
BUILD-0631,compile,93.15,build,False
BUILD-0631,integration_tests,487.36,test,True
BUILD-0631,unit_tests,107.21,test,True
BUILD-0632,package_build,21.9,package,False
BUILD-0632,dependency_install,14.55,setup,False
BUILD-0632,unit_tests,68.5,test,True
BUILD-0632,security_scan,25.34,verification,True
BUILD-0632,integration_tests,178.79,test,True
BUILD-0633,unit_tests,80.13,test,True
BUILD-0633,dependency_install,22.89,setup,False
BUILD-0633,security_scan,22.26,verification,True
BUILD-0633,deployment_validation,41.89,validate,False
BUILD-0633,compile,77.75,build,False
BUILD-0633,integration_tests,193.42,test,True
BUILD-0634,deployment_validation,41.76,validate,False
BUILD-0634,integration_tests,159.95,test,False
BUILD-0634,security_scan,31.27,verification,False
BUILD-0634,package_build,53.67,package,False
BUILD-0634,compile,36.81,build,False
BUILD-0634,unit_tests,100.42,test,False
BUILD-0634,dependency_install,17.43,setup,False
BUILD-0635,compile,35.04,build,False
BUILD-0635,deployment_validation,34.52,validate,False
BUILD-0635,integration_tests,168.73,test,True
BUILD-0635,dependency_install,21.3,setup,False
BUILD-0635,package_build,23.68,package,False
BUILD-0635,security_scan,27.26,verification,True
BUILD-0635,unit_tests,88.05,test,True
BUILD-0636,package_build,24.18,package,False
BUILD-0636,integration_tests,236.03,test,True
BUILD-0636,dependency_install,52.97,setup,False
BUILD-0636,compile,93.73,build,False
BUILD-0636,unit_tests,75.22,test,True
BUILD-0636,deployment_validation,44.58,validate,False
BUILD-0637,security_scan,28.07,verification,True
BUILD-0637,package_build,17.21,package,False
BUILD-0637,dependency_install,18.63,setup,False
BUILD-0637,compile,29.07,build,False
BUILD-0637,deployment_validation,46.54,validate,False
BUILD-0638,integration_tests,150.55,test,True
BUILD-0638,package_build,116.46,package,False
BUILD-0638,security_scan,148.36,verification,True
BUILD-0638,dependency_install,110.35,setup,False
BUILD-0638,unit_tests,96.81,test,True
BUILD-0638,compile,173.28,build,False
BUILD-0638,deployment_validation,49.14,validate,False
BUILD-0639,deployment_validation,29.67,validate,False
BUILD-0639,package_build,15.98,package,False
BUILD-0639,dependency_install,23.5,setup,False
BUILD-0639,integration_tests,159.12,test,False
BUILD-0639,compile,36.71,build,False
BUILD-0639,unit_tests,93.37,test,False
BUILD-0639,security_scan,27.31,verification,False
BUILD-0640,security_scan,74.31,verification,True
BUILD-0640,integration_tests,173.76,test,True
BUILD-0640,deployment_validation,48.36,validate,False
BUILD-0640,dependency_install,125.79,setup,False
BUILD-0640,compile,90.47,build,False
BUILD-0640,package_build,91.55,package,False
BUILD-0640,unit_tests,93.87,test,True
BUILD-0641,deployment_validation,38.2,validate,False
BUILD-0641,package_build,18.23,package,False
BUILD-0641,security_scan,66.8,verification,True
BUILD-0641,integration_tests,198.88,test,True
BUILD-0641,dependency_install,12.88,setup,False
BUILD-0641,compile,34.84,build,False
BUILD-0642,dependency_install,19.51,setup,False
BUILD-0642,integration_tests,191.73,test,True
BUILD-0642,package_build,20.18,package,False
BUILD-0642,deployment_validation,34.94,validate,False
BUILD-0642,compile,82.67,build,False
BUILD-0642,unit_tests,96.11,test,True
BUILD-0642,security_scan,70.06,verification,True
BUILD-0643,unit_tests,89.38,test,True
BUILD-0643,security_scan,33.01,verification,True
BUILD-0643,deployment_validation,36.96,validate,False
BUILD-0643,integration_tests,157.07,test,True
BUILD-0643,dependency_install,19.39,setup,False
BUILD-0643,package_build,20.82,package,False
BUILD-0643,compile,33.58,build,False
BUILD-0644,deployment_validation,38.48,validate,False
BUILD-0644,integration_tests,162.1,test,True
BUILD-0644,compile,175.37,build,False
BUILD-0644,security_scan,71.09,verification,True
BUILD-0644,unit_tests,78.09,test,True
BUILD-0645,compile,75.94,build,False
BUILD-0645,package_build,21.92,package,False
BUILD-0645,integration_tests,199.59,test,False
BUILD-0645,unit_tests,96.95,test,False
BUILD-0645,dependency_install,53.29,setup,False
BUILD-0646,integration_tests,207.58,test,True
BUILD-0646,security_scan,183.85,verification,True
BUILD-0646,package_build,103.21,package,False
BUILD-0646,deployment_validation,33.52,validate,False
BUILD-0646,unit_tests,86.26,test,True
BUILD-0647,deployment_validation,41.18,validate,False
BUILD-0647,unit_tests,97.04,test,True
BUILD-0647,package_build,17.53,package,False
BUILD-0647,security_scan,29.44,verification,True
BUILD-0647,compile,27.54,build,False
BUILD-0647,integration_tests,217.12,test,True
BUILD-0647,dependency_install,15.01,setup,False
BUILD-0648,unit_tests,98.26,test,True
BUILD-0648,deployment_validation,50.38,validate,False
BUILD-0648,package_build,17.52,package,False
BUILD-0648,compile,29.72,build,False
BUILD-0648,integration_tests,229.45,test,True
BUILD-0648,security_scan,28.04,verification,True
BUILD-0648,dependency_install,40.48,setup,False
BUILD-0649,security_scan,24.75,verification,True
BUILD-0649,deployment_validation,27.88,validate,False
BUILD-0649,unit_tests,115.55,test,True
BUILD-0649,compile,25.85,build,False
BUILD-0649,integration_tests,181.51,test,True
BUILD-0649,dependency_install,15.02,setup,False
BUILD-0649,package_build,20.51,package,False
BUILD-0650,security_scan,40.89,verification,True
BUILD-0650,dependency_install,74.12,setup,False
BUILD-0650,unit_tests,131.2,test,True
BUILD-0650,package_build,48.05,package,False
BUILD-0650,compile,44.03,build,False
BUILD-0650,deployment_validation,61.58,validate,False
BUILD-0651,dependency_install,12.55,setup,False
BUILD-0651,deployment_validation,42.49,validate,False
BUILD-0651,unit_tests,104.12,test,True
BUILD-0651,package_build,14.05,package,False
BUILD-0651,security_scan,23.37,verification,True
BUILD-0652,deployment_validation,43.6,validate,False
BUILD-0652,unit_tests,89.37,test,False
BUILD-0652,security_scan,28.68,verification,False
BUILD-0652,package_build,29.08,package,False
BUILD-0652,dependency_install,15.85,setup,False
BUILD-0652,integration_tests,178.4,test,False
BUILD-0652,compile,62.42,build,False
BUILD-0653,compile,33.52,build,False
BUILD-0653,deployment_validation,56.61,validate,False
BUILD-0653,integration_tests,163.98,test,True
BUILD-0653,package_build,22.09,package,False
BUILD-0653,dependency_install,14.83,setup,False
BUILD-0653,unit_tests,91.67,test,True
BUILD-0654,deployment_validation,39.03,validate,False
BUILD-0654,integration_tests,142.89,test,False
BUILD-0654,dependency_install,46.9,setup,False
BUILD-0654,unit_tests,92.54,test,False
BUILD-0654,security_scan,33.23,verification,False
BUILD-0654,compile,35.28,build,False
BUILD-0654,package_build,29.98,package,False
BUILD-0655,unit_tests,90.51,test,True
BUILD-0655,compile,68.71,build,False
BUILD-0655,deployment_validation,41.48,validate,False
BUILD-0655,package_build,43.98,package,False
BUILD-0655,integration_tests,220.01,test,True
BUILD-0655,security_scan,30.16,verification,True
BUILD-0656,integration_tests,167.27,test,False
BUILD-0656,unit_tests,105.24,test,False
BUILD-0656,package_build,21.97,package,False
BUILD-0656,compile,72.3,build,False
BUILD-0656,deployment_validation,49.99,validate,False
BUILD-0657,security_scan,36.02,verification,True
BUILD-0657,package_build,43.07,package,False
BUILD-0657,deployment_validation,41.22,validate,False
BUILD-0657,dependency_install,16.43,setup,False
BUILD-0657,compile,39.95,build,False
BUILD-0658,compile,251.19,build,False
BUILD-0658,unit_tests,109.71,test,True
BUILD-0658,security_scan,38.89,verification,True
BUILD-0658,integration_tests,434.66,test,True
BUILD-0658,deployment_validation,35.27,validate,False
BUILD-0658,dependency_install,51.06,setup,False
BUILD-0658,package_build,26.31,package,False
BUILD-0659,security_scan,27.99,verification,True
BUILD-0659,dependency_install,18.27,setup,False
BUILD-0659,deployment_validation,30.37,validate,False
BUILD-0659,package_build,40.46,package,False
BUILD-0659,compile,29.26,build,False
BUILD-0659,integration_tests,172.06,test,True
BUILD-0660,dependency_install,16.39,setup,False
BUILD-0660,integration_tests,193.77,test,True
BUILD-0660,compile,33.34,build,False
BUILD-0660,deployment_validation,40.76,validate,False
BUILD-0660,security_scan,22.78,verification,True
BUILD-0661,deployment_validation,31.33,validate,False
BUILD-0661,integration_tests,197.99,test,True
BUILD-0661,compile,86.94,build,False
BUILD-0661,dependency_install,22.0,setup,False
BUILD-0661,package_build,49.04,package,False
BUILD-0661,unit_tests,115.05,test,True
BUILD-0661,security_scan,29.21,verification,True
BUILD-0662,deployment_validation,39.77,validate,False
BUILD-0662,unit_tests,86.33,test,True
BUILD-0662,integration_tests,849.89,test,True
BUILD-0662,compile,123.42,build,False
BUILD-0662,dependency_install,47.41,setup,False
BUILD-0662,package_build,22.77,package,False
BUILD-0662,security_scan,31.32,verification,True
BUILD-0663,security_scan,137.96,verification,True
BUILD-0663,unit_tests,157.09,test,True
BUILD-0663,package_build,32.97,package,False
BUILD-0663,integration_tests,345.76,test,True
BUILD-0663,dependency_install,66.26,setup,False
BUILD-0664,unit_tests,90.67,test,True
BUILD-0664,deployment_validation,39.51,validate,False
BUILD-0664,package_build,56.29,package,False
BUILD-0664,dependency_install,108.3,setup,False
BUILD-0664,security_scan,155.64,verification,True
BUILD-0664,integration_tests,223.0,test,True
BUILD-0664,compile,208.52,build,False
BUILD-0665,unit_tests,94.29,test,True
BUILD-0665,dependency_install,17.07,setup,False
BUILD-0665,compile,38.56,build,False
BUILD-0665,security_scan,73.05,verification,True
BUILD-0665,integration_tests,205.86,test,True
BUILD-0666,compile,28.09,build,False
BUILD-0666,integration_tests,195.02,test,True
BUILD-0666,deployment_validation,41.16,validate,False
BUILD-0666,package_build,15.79,package,False
BUILD-0666,dependency_install,17.57,setup,False
BUILD-0667,security_scan,16.85,verification,False
BUILD-0667,deployment_validation,40.77,validate,False
BUILD-0667,unit_tests,87.1,test,False
BUILD-0667,compile,38.06,build,False
BUILD-0667,dependency_install,26.32,setup,False
BUILD-0667,package_build,29.34,package,False
BUILD-0667,integration_tests,175.54,test,False
BUILD-0668,compile,121.99,build,False
BUILD-0668,dependency_install,19.01,setup,False
BUILD-0668,security_scan,28.97,verification,True
BUILD-0668,unit_tests,99.2,test,True
BUILD-0668,deployment_validation,31.02,validate,False
BUILD-0668,integration_tests,776.37,test,True
BUILD-0669,unit_tests,105.29,test,False
BUILD-0669,compile,29.14,build,False
BUILD-0669,integration_tests,198.06,test,False
BUILD-0669,security_scan,34.67,verification,False
BUILD-0669,package_build,52.88,package,False
BUILD-0670,dependency_install,38.29,setup,False
BUILD-0670,compile,29.05,build,False
BUILD-0670,security_scan,20.15,verification,True
BUILD-0670,integration_tests,173.18,test,True
BUILD-0670,package_build,20.2,package,False
BUILD-0670,deployment_validation,44.78,validate,False
BUILD-0670,unit_tests,95.22,test,True
BUILD-0671,dependency_install,49.36,setup,False
BUILD-0671,deployment_validation,40.12,validate,False
BUILD-0671,security_scan,20.54,verification,True
BUILD-0671,package_build,25.14,package,False
BUILD-0671,integration_tests,591.02,test,True
BUILD-0671,unit_tests,112.13,test,True
BUILD-0671,compile,127.04,build,False
BUILD-0672,deployment_validation,41.67,validate,False
BUILD-0672,unit_tests,99.15,test,False
BUILD-0672,compile,59.71,build,False
BUILD-0672,integration_tests,153.58,test,False
BUILD-0672,security_scan,44.52,verification,False
BUILD-0672,package_build,47.71,package,False
BUILD-0673,dependency_install,30.89,setup,False
BUILD-0673,security_scan,23.87,verification,True
BUILD-0673,deployment_validation,38.41,validate,False
BUILD-0673,compile,26.32,build,False
BUILD-0673,package_build,17.2,package,False
BUILD-0674,package_build,21.99,package,False
BUILD-0674,dependency_install,16.41,setup,False
BUILD-0674,unit_tests,101.93,test,True
BUILD-0674,compile,56.61,build,False
BUILD-0674,integration_tests,124.64,test,True
BUILD-0674,deployment_validation,44.44,validate,False
BUILD-0675,integration_tests,177.32,test,True
BUILD-0675,package_build,18.49,package,False
BUILD-0675,unit_tests,82.74,test,True
BUILD-0675,compile,24.59,build,False
BUILD-0675,dependency_install,55.68,setup,False
BUILD-0675,security_scan,23.55,verification,True
BUILD-0675,deployment_validation,43.97,validate,False
BUILD-0676,dependency_install,103.82,setup,False
BUILD-0676,deployment_validation,37.98,validate,False
BUILD-0676,integration_tests,161.76,test,True
BUILD-0676,compile,206.87,build,False
BUILD-0676,package_build,99.42,package,False
BUILD-0676,unit_tests,99.28,test,True
BUILD-0677,dependency_install,16.48,setup,False
BUILD-0677,unit_tests,91.47,test,True
BUILD-0677,package_build,20.97,package,False
BUILD-0677,deployment_validation,34.75,validate,False
BUILD-0677,compile,87.53,build,False
BUILD-0677,integration_tests,172.45,test,True
BUILD-0678,unit_tests,92.38,test,True
BUILD-0678,integration_tests,499.33,test,True
BUILD-0678,deployment_validation,39.92,validate,False
BUILD-0678,dependency_install,44.58,setup,False
BUILD-0678,security_scan,32.64,verification,True
BUILD-0678,package_build,22.79,package,False
BUILD-0678,compile,116.14,build,False
BUILD-0679,compile,30.33,build,False
BUILD-0679,security_scan,35.6,verification,True
BUILD-0679,package_build,18.5,package,False
BUILD-0679,unit_tests,103.38,test,True
BUILD-0679,dependency_install,22.13,setup,False
BUILD-0679,integration_tests,128.39,test,True
BUILD-0679,deployment_validation,40.56,validate,False
BUILD-0680,compile,31.9,build,False
BUILD-0680,package_build,27.06,package,False
BUILD-0680,deployment_validation,36.08,validate,False
BUILD-0680,unit_tests,83.51,test,True
BUILD-0680,dependency_install,20.48,setup,False
BUILD-0680,security_scan,34.74,verification,True
BUILD-0681,security_scan,23.98,verification,True
BUILD-0681,deployment_validation,39.06,validate,False
BUILD-0681,integration_tests,217.9,test,True
BUILD-0681,dependency_install,13.83,setup,False
BUILD-0681,compile,26.79,build,False
BUILD-0682,deployment_validation,60.83,validate,False
BUILD-0682,package_build,73.3,package,False
BUILD-0682,security_scan,34.15,verification,True
BUILD-0682,compile,79.0,build,False
BUILD-0682,integration_tests,238.92,test,True
BUILD-0682,unit_tests,150.17,test,True
BUILD-0682,dependency_install,79.12,setup,False
BUILD-0683,compile,36.31,build,False
BUILD-0683,dependency_install,18.19,setup,False
BUILD-0683,security_scan,74.36,verification,False
BUILD-0683,unit_tests,91.07,test,False
BUILD-0683,package_build,52.02,package,False
BUILD-0683,deployment_validation,33.72,validate,False
BUILD-0684,unit_tests,83.19,test,True
BUILD-0684,compile,17.19,build,False
BUILD-0684,deployment_validation,38.16,validate,False
BUILD-0684,integration_tests,165.58,test,True
BUILD-0684,package_build,17.9,package,False
BUILD-0684,dependency_install,45.3,setup,False
BUILD-0684,security_scan,29.12,verification,True
BUILD-0685,unit_tests,111.21,test,False
BUILD-0685,deployment_validation,37.28,validate,False
BUILD-0685,compile,74.08,build,False
BUILD-0685,dependency_install,22.89,setup,False
BUILD-0685,integration_tests,134.55,test,False
BUILD-0686,unit_tests,108.79,test,True
BUILD-0686,deployment_validation,45.96,validate,False
BUILD-0686,security_scan,37.99,verification,True
BUILD-0686,dependency_install,17.66,setup,False
BUILD-0686,package_build,53.57,package,False
BUILD-0687,dependency_install,18.81,setup,False
BUILD-0687,security_scan,61.9,verification,True
BUILD-0687,deployment_validation,49.66,validate,False
BUILD-0687,package_build,23.27,package,False
BUILD-0687,compile,39.43,build,False
BUILD-0688,deployment_validation,32.68,validate,False
BUILD-0688,package_build,20.58,package,False
BUILD-0688,security_scan,68.7,verification,False
BUILD-0688,compile,67.23,build,False
BUILD-0688,integration_tests,179.73,test,False
BUILD-0688,dependency_install,15.12,setup,False
BUILD-0688,unit_tests,79.04,test,False
BUILD-0689,security_scan,23.06,verification,True
BUILD-0689,unit_tests,80.5,test,True
BUILD-0689,package_build,14.8,package,False
BUILD-0689,compile,26.43,build,False
BUILD-0689,deployment_validation,43.87,validate,False
BUILD-0689,dependency_install,17.94,setup,False
BUILD-0690,compile,96.45,build,False
BUILD-0690,package_build,33.01,package,False
BUILD-0690,dependency_install,23.09,setup,False
BUILD-0690,security_scan,86.79,verification,True
BUILD-0690,unit_tests,166.88,test,True
BUILD-0691,deployment_validation,40.95,validate,False
BUILD-0691,package_build,18.21,package,False
BUILD-0691,compile,82.54,build,False
BUILD-0691,security_scan,81.16,verification,True
BUILD-0691,integration_tests,169.86,test,True
BUILD-0692,package_build,19.84,package,False
BUILD-0692,integration_tests,189.88,test,True
BUILD-0692,security_scan,24.86,verification,True
BUILD-0692,unit_tests,82.19,test,True
BUILD-0692,dependency_install,17.79,setup,False
BUILD-0693,deployment_validation,33.17,validate,False
BUILD-0693,integration_tests,189.84,test,False
BUILD-0693,package_build,24.7,package,False
BUILD-0693,unit_tests,107.57,test,False
BUILD-0693,dependency_install,44.49,setup,False
BUILD-0693,compile,31.37,build,False
BUILD-0694,package_build,15.1,package,False
BUILD-0694,integration_tests,221.43,test,True
BUILD-0694,dependency_install,23.66,setup,False
BUILD-0694,security_scan,65.17,verification,True
BUILD-0694,unit_tests,102.74,test,True
BUILD-0694,deployment_validation,40.02,validate,False
BUILD-0695,deployment_validation,59.69,validate,False
BUILD-0695,package_build,24.48,package,False
BUILD-0695,security_scan,108.35,verification,True
BUILD-0695,integration_tests,244.31,test,True
BUILD-0695,unit_tests,155.99,test,True
BUILD-0695,compile,49.21,build,False
BUILD-0696,deployment_validation,32.45,validate,False
BUILD-0696,compile,31.31,build,False
BUILD-0696,security_scan,28.26,verification,True
BUILD-0696,unit_tests,89.25,test,True
BUILD-0696,package_build,18.78,package,False
BUILD-0696,dependency_install,14.67,setup,False
BUILD-0697,compile,37.97,build,False
BUILD-0697,package_build,19.4,package,False
BUILD-0697,deployment_validation,44.02,validate,False
BUILD-0697,security_scan,81.12,verification,False
BUILD-0697,integration_tests,185.35,test,False
BUILD-0698,security_scan,20.33,verification,True
BUILD-0698,package_build,17.1,package,False
BUILD-0698,compile,30.2,build,False
BUILD-0698,dependency_install,15.45,setup,False
BUILD-0698,deployment_validation,44.8,validate,False
BUILD-0698,unit_tests,89.41,test,True
BUILD-0698,integration_tests,171.18,test,True
BUILD-0699,security_scan,163.27,verification,True
BUILD-0699,package_build,91.67,package,False
BUILD-0699,compile,183.64,build,False
BUILD-0699,dependency_install,40.35,setup,False
BUILD-0699,unit_tests,84.64,test,True
BUILD-0699,integration_tests,103.6,test,True
BUILD-0700,unit_tests,80.63,test,True
BUILD-0700,package_build,12.02,package,False
BUILD-0700,deployment_validation,31.17,validate,False
BUILD-0700,integration_tests,142.91,test,True
BUILD-0700,dependency_install,19.01,setup,False
BUILD-0701,compile,28.49,build,False
BUILD-0701,integration_tests,235.16,test,True
BUILD-0701,dependency_install,16.44,setup,False
BUILD-0701,package_build,15.07,package,False
BUILD-0701,security_scan,20.97,verification,True
BUILD-0702,compile,37.52,build,False
BUILD-0702,security_scan,89.51,verification,False
BUILD-0702,integration_tests,206.21,test,False
BUILD-0702,unit_tests,96.2,test,False
BUILD-0702,deployment_validation,37.99,validate,False
BUILD-0702,package_build,72.61,package,False
BUILD-0703,security_scan,46.66,verification,True
BUILD-0703,integration_tests,272.0,test,True
BUILD-0703,package_build,60.87,package,False
BUILD-0703,compile,53.72,build,False
BUILD-0703,dependency_install,37.06,setup,False
BUILD-0704,package_build,25.23,package,False
BUILD-0704,deployment_validation,34.91,validate,False
BUILD-0704,dependency_install,18.96,setup,False
BUILD-0704,compile,33.55,build,False
BUILD-0704,unit_tests,69.41,test,False
BUILD-0705,dependency_install,54.07,setup,False
BUILD-0705,deployment_validation,47.76,validate,False
BUILD-0705,unit_tests,90.56,test,True
BUILD-0705,compile,42.63,build,False
BUILD-0705,security_scan,68.18,verification,True
BUILD-0705,package_build,21.4,package,False
BUILD-0705,integration_tests,181.54,test,True
BUILD-0706,package_build,103.64,package,False
BUILD-0706,unit_tests,95.31,test,True
BUILD-0706,deployment_validation,44.72,validate,False
BUILD-0706,security_scan,156.49,verification,True
BUILD-0706,dependency_install,84.3,setup,False
BUILD-0706,integration_tests,193.34,test,True
BUILD-0706,compile,88.0,build,False
BUILD-0707,unit_tests,94.11,test,True
BUILD-0707,compile,27.76,build,False
BUILD-0707,integration_tests,160.15,test,True
BUILD-0707,deployment_validation,38.88,validate,False
BUILD-0707,security_scan,18.62,verification,True
BUILD-0707,package_build,23.48,package,False
BUILD-0707,dependency_install,12.83,setup,False
BUILD-0708,dependency_install,95.9,setup,False
BUILD-0708,security_scan,181.08,verification,True
BUILD-0708,deployment_validation,40.09,validate,False
BUILD-0708,integration_tests,146.62,test,True
BUILD-0708,package_build,154.4,package,False
BUILD-0708,compile,215.08,build,False
BUILD-0708,unit_tests,102.67,test,True
BUILD-0709,security_scan,25.35,verification,True
BUILD-0709,package_build,19.87,package,False
BUILD-0709,dependency_install,14.64,setup,False
BUILD-0709,unit_tests,95.43,test,True
BUILD-0709,integration_tests,173.06,test,True
BUILD-0709,compile,21.22,build,False
BUILD-0709,deployment_validation,45.5,validate,False
BUILD-0710,security_scan,27.37,verification,True
BUILD-0710,deployment_validation,45.78,validate,False
BUILD-0710,unit_tests,83.0,test,True
BUILD-0710,integration_tests,183.59,test,True
BUILD-0710,compile,44.14,build,False
BUILD-0711,deployment_validation,57.55,validate,False
BUILD-0711,integration_tests,210.19,test,True
BUILD-0711,unit_tests,137.12,test,True
BUILD-0711,package_build,26.45,package,False
BUILD-0711,dependency_install,31.5,setup,False
BUILD-0712,deployment_validation,38.67,validate,False
BUILD-0712,security_scan,32.85,verification,False
BUILD-0712,package_build,47.56,package,False
BUILD-0712,dependency_install,22.5,setup,False
BUILD-0712,integration_tests,183.5,test,False
BUILD-0712,unit_tests,66.7,test,False
BUILD-0712,compile,91.28,build,False
BUILD-0713,compile,75.98,build,False
BUILD-0713,deployment_validation,31.95,validate,False
BUILD-0713,package_build,25.01,package,False
BUILD-0713,unit_tests,92.08,test,False
BUILD-0713,dependency_install,20.35,setup,False
BUILD-0714,compile,32.26,build,False
BUILD-0714,deployment_validation,39.67,validate,False
BUILD-0714,security_scan,29.43,verification,True
BUILD-0714,dependency_install,15.31,setup,False
BUILD-0714,unit_tests,83.99,test,True
BUILD-0714,integration_tests,204.02,test,True
BUILD-0714,package_build,27.86,package,False
BUILD-0715,deployment_validation,68.15,validate,False
BUILD-0715,security_scan,92.92,verification,True
BUILD-0715,package_build,43.55,package,False
BUILD-0715,dependency_install,38.84,setup,False
BUILD-0715,integration_tests,217.78,test,True
BUILD-0715,unit_tests,148.17,test,True
BUILD-0716,compile,48.02,build,False
BUILD-0716,integration_tests,260.79,test,True
BUILD-0716,unit_tests,144.37,test,True
BUILD-0716,security_scan,45.09,verification,True
BUILD-0716,dependency_install,30.57,setup,False
BUILD-0716,package_build,38.75,package,False
BUILD-0716,deployment_validation,67.2,validate,False
BUILD-0717,integration_tests,130.84,test,True
BUILD-0717,dependency_install,14.08,setup,False
BUILD-0717,package_build,13.85,package,False
BUILD-0717,unit_tests,119.28,test,True
BUILD-0717,security_scan,68.79,verification,True
BUILD-0717,compile,26.55,build,False
BUILD-0718,dependency_install,16.84,setup,False
BUILD-0718,compile,70.8,build,False
BUILD-0718,deployment_validation,40.41,validate,False
BUILD-0718,package_build,25.97,package,False
BUILD-0718,integration_tests,193.55,test,False
BUILD-0719,unit_tests,159.1,test,True
BUILD-0719,dependency_install,33.56,setup,False
BUILD-0719,integration_tests,232.23,test,True
BUILD-0719,compile,62.01,build,False
BUILD-0719,security_scan,100.85,verification,True
BUILD-0719,package_build,95.65,package,False
BUILD-0720,compile,253.64,build,False
BUILD-0720,integration_tests,640.97,test,True
BUILD-0720,dependency_install,36.67,setup,False
BUILD-0720,deployment_validation,28.61,validate,False
BUILD-0720,security_scan,35.04,verification,True
BUILD-0720,package_build,27.73,package,False
BUILD-0720,unit_tests,84.53,test,True
BUILD-0721,package_build,34.93,package,False
BUILD-0721,security_scan,96.48,verification,True
BUILD-0721,deployment_validation,56.69,validate,False
BUILD-0721,integration_tests,315.24,test,True
BUILD-0721,unit_tests,154.78,test,True
BUILD-0721,compile,42.11,build,False
BUILD-0721,dependency_install,66.51,setup,False
BUILD-0722,unit_tests,137.45,test,True
BUILD-0722,compile,61.55,build,False
BUILD-0722,integration_tests,306.58,test,True
BUILD-0722,security_scan,56.84,verification,True
BUILD-0722,deployment_validation,58.72,validate,False
BUILD-0723,unit_tests,144.37,test,True
BUILD-0723,package_build,35.25,package,False
BUILD-0723,security_scan,108.37,verification,True
BUILD-0723,deployment_validation,59.9,validate,False
BUILD-0723,integration_tests,333.51,test,True
BUILD-0724,integration_tests,168.53,test,False
BUILD-0724,security_scan,81.11,verification,False
BUILD-0724,unit_tests,97.73,test,False
BUILD-0724,compile,42.47,build,False
BUILD-0724,deployment_validation,44.79,validate,False
BUILD-0725,deployment_validation,32.94,validate,False
BUILD-0725,compile,22.87,build,False
BUILD-0725,security_scan,74.41,verification,True
BUILD-0725,unit_tests,94.44,test,True
BUILD-0725,integration_tests,132.62,test,True
BUILD-0726,deployment_validation,40.82,validate,False
BUILD-0726,compile,40.26,build,False
BUILD-0726,integration_tests,175.03,test,True
BUILD-0726,package_build,14.53,package,False
BUILD-0726,dependency_install,16.39,setup,False
BUILD-0727,dependency_install,19.97,setup,False
BUILD-0727,deployment_validation,40.1,validate,False
BUILD-0727,integration_tests,591.51,test,True
BUILD-0727,package_build,25.79,package,False
BUILD-0727,unit_tests,87.82,test,True
BUILD-0728,package_build,100.86,package,False
BUILD-0728,unit_tests,78.93,test,True
BUILD-0728,deployment_validation,41.86,validate,False
BUILD-0728,dependency_install,67.22,setup,False
BUILD-0728,compile,188.19,build,False
BUILD-0729,compile,38.97,build,False
BUILD-0729,security_scan,88.92,verification,True
BUILD-0729,package_build,40.24,package,False
BUILD-0729,dependency_install,14.62,setup,False
BUILD-0729,deployment_validation,39.25,validate,False
BUILD-0730,dependency_install,20.91,setup,False
BUILD-0730,integration_tests,167.95,test,True
BUILD-0730,security_scan,67.89,verification,True
BUILD-0730,deployment_validation,42.21,validate,False
BUILD-0730,compile,92.49,build,False
BUILD-0730,package_build,35.34,package,False
BUILD-0731,dependency_install,20.9,setup,False
BUILD-0731,compile,31.04,build,False
BUILD-0731,package_build,62.98,package,False
BUILD-0731,integration_tests,162.84,test,False
BUILD-0731,deployment_validation,39.75,validate,False
BUILD-0731,security_scan,34.13,verification,False
BUILD-0732,integration_tests,164.04,test,True
BUILD-0732,compile,32.32,build,False
BUILD-0732,unit_tests,90.2,test,True
BUILD-0732,dependency_install,13.75,setup,False
BUILD-0732,package_build,19.93,package,False
BUILD-0733,dependency_install,41.56,setup,False
BUILD-0733,package_build,23.0,package,False
BUILD-0733,compile,151.54,build,False
BUILD-0733,unit_tests,128.94,test,True
BUILD-0733,integration_tests,851.95,test,True
BUILD-0734,compile,33.27,build,False
BUILD-0734,security_scan,59.23,verification,True
BUILD-0734,integration_tests,181.68,test,True
BUILD-0734,dependency_install,20.58,setup,False
BUILD-0734,deployment_validation,33.53,validate,False
BUILD-0734,unit_tests,92.5,test,True
BUILD-0735,package_build,123.28,package,False
BUILD-0735,compile,86.05,build,False
BUILD-0735,deployment_validation,41.75,validate,False
BUILD-0735,security_scan,161.61,verification,True
BUILD-0735,unit_tests,87.68,test,True
BUILD-0736,compile,45.64,build,False
BUILD-0736,unit_tests,95.19,test,True
BUILD-0736,security_scan,30.44,verification,True
BUILD-0736,integration_tests,154.92,test,True
BUILD-0736,deployment_validation,57.61,validate,False
BUILD-0736,dependency_install,16.99,setup,False
BUILD-0736,package_build,46.78,package,False
BUILD-0737,package_build,54.5,package,False
BUILD-0737,deployment_validation,45.75,validate,False
BUILD-0737,unit_tests,120.76,test,False
BUILD-0737,security_scan,33.89,verification,False
BUILD-0737,integration_tests,151.49,test,False
BUILD-0737,dependency_install,43.27,setup,False
BUILD-0737,compile,37.66,build,False
BUILD-0738,compile,39.65,build,False
BUILD-0738,security_scan,30.23,verification,False
BUILD-0738,integration_tests,158.5,test,False
BUILD-0738,package_build,51.26,package,False
BUILD-0738,deployment_validation,49.49,validate,False
BUILD-0739,deployment_validation,45.83,validate,False
BUILD-0739,security_scan,31.44,verification,False
BUILD-0739,package_build,45.5,package,False
BUILD-0739,integration_tests,137.91,test,False
BUILD-0739,unit_tests,106.68,test,False
BUILD-0740,package_build,117.78,package,False
BUILD-0740,deployment_validation,44.89,validate,False
BUILD-0740,compile,183.17,build,False
BUILD-0740,unit_tests,85.38,test,True
BUILD-0740,dependency_install,73.27,setup,False
BUILD-0741,integration_tests,664.31,test,True
BUILD-0741,deployment_validation,37.59,validate,False
BUILD-0741,security_scan,34.39,verification,True
BUILD-0741,package_build,16.68,package,False
BUILD-0741,dependency_install,14.25,setup,False
BUILD-0741,unit_tests,84.33,test,True
BUILD-0741,compile,377.87,build,False
BUILD-0742,compile,182.35,build,False
BUILD-0742,security_scan,82.28,verification,True
BUILD-0742,unit_tests,85.62,test,True
BUILD-0742,integration_tests,192.49,test,True
BUILD-0742,dependency_install,84.14,setup,False
BUILD-0742,deployment_validation,34.79,validate,False
BUILD-0743,integration_tests,199.82,test,False
BUILD-0743,security_scan,33.21,verification,False
BUILD-0743,unit_tests,108.8,test,False
BUILD-0743,deployment_validation,42.17,validate,False
BUILD-0743,package_build,37.92,package,False
BUILD-0743,compile,105.37,build,False
BUILD-0743,dependency_install,21.39,setup,False
BUILD-0744,compile,56.63,build,False
BUILD-0744,dependency_install,25.81,setup,False
BUILD-0744,deployment_validation,46.14,validate,False
BUILD-0744,unit_tests,120.05,test,True
BUILD-0744,integration_tests,269.82,test,True
BUILD-0744,package_build,29.1,package,False
BUILD-0745,security_scan,80.78,verification,True
BUILD-0745,unit_tests,103.54,test,True
BUILD-0745,compile,99.43,build,False
BUILD-0745,dependency_install,21.51,setup,False
BUILD-0745,deployment_validation,32.7,validate,False
BUILD-0746,deployment_validation,48.18,validate,False
BUILD-0746,integration_tests,196.15,test,True
BUILD-0746,dependency_install,11.67,setup,False
BUILD-0746,unit_tests,85.21,test,True
BUILD-0746,compile,33.85,build,False
BUILD-0747,security_scan,29.36,verification,True
BUILD-0747,integration_tests,175.43,test,True
BUILD-0747,package_build,17.71,package,False
BUILD-0747,deployment_validation,44.55,validate,False
BUILD-0747,compile,30.92,build,False
BUILD-0747,unit_tests,98.97,test,True
BUILD-0747,dependency_install,43.59,setup,False
BUILD-0748,security_scan,23.35,verification,True
BUILD-0748,dependency_install,16.42,setup,False
BUILD-0748,package_build,18.18,package,False
BUILD-0748,integration_tests,157.82,test,True
BUILD-0748,compile,27.29,build,False
BUILD-0748,deployment_validation,31.0,validate,False
BUILD-0749,unit_tests,108.88,test,True
BUILD-0749,deployment_validation,35.52,validate,False
BUILD-0749,integration_tests,231.5,test,True
BUILD-0749,dependency_install,15.89,setup,False
BUILD-0749,package_build,21.62,package,False
BUILD-0750,deployment_validation,38.92,validate,False
BUILD-0750,package_build,122.63,package,False
BUILD-0750,compile,163.48,build,False
BUILD-0750,integration_tests,167.82,test,True
BUILD-0750,security_scan,76.87,verification,True
BUILD-0750,unit_tests,96.33,test,True
BUILD-0751,security_scan,28.48,verification,True
BUILD-0751,dependency_install,16.25,setup,False
BUILD-0751,compile,28.83,build,False
BUILD-0751,deployment_validation,39.94,validate,False
BUILD-0751,package_build,16.14,package,False
BUILD-0751,unit_tests,98.1,test,True
BUILD-0751,integration_tests,192.84,test,True
BUILD-0752,dependency_install,11.62,setup,False
BUILD-0752,security_scan,29.0,verification,True
BUILD-0752,compile,27.23,build,False
BUILD-0752,integration_tests,152.85,test,True
BUILD-0752,package_build,14.94,package,False
BUILD-0752,deployment_validation,38.22,validate,False
BUILD-0753,package_build,56.84,package,False
BUILD-0753,integration_tests,161.94,test,True
BUILD-0753,deployment_validation,42.61,validate,False
BUILD-0753,compile,181.27,build,False
BUILD-0753,unit_tests,84.39,test,True
BUILD-0753,dependency_install,99.07,setup,False
BUILD-0753,security_scan,73.53,verification,True
BUILD-0754,security_scan,152.77,verification,True
BUILD-0754,compile,130.39,build,False
BUILD-0754,integration_tests,206.99,test,True
BUILD-0754,package_build,86.06,package,False
BUILD-0754,dependency_install,46.76,setup,False
BUILD-0754,deployment_validation,39.85,validate,False
BUILD-0754,unit_tests,92.74,test,True
BUILD-0755,package_build,123.34,package,False
BUILD-0755,integration_tests,83.28,test,True
BUILD-0755,compile,187.57,build,False
BUILD-0755,security_scan,146.21,verification,True
BUILD-0755,deployment_validation,42.45,validate,False
BUILD-0755,unit_tests,100.06,test,True
BUILD-0755,dependency_install,127.58,setup,False
BUILD-0756,package_build,18.02,package,False
BUILD-0756,security_scan,18.5,verification,True
BUILD-0756,integration_tests,155.57,test,True
BUILD-0756,deployment_validation,29.16,validate,False
BUILD-0756,unit_tests,91.08,test,True
BUILD-0757,deployment_validation,36.23,validate,False
BUILD-0757,package_build,16.73,package,False
BUILD-0757,dependency_install,14.12,setup,False
BUILD-0757,compile,28.18,build,False
BUILD-0757,security_scan,67.52,verification,True
BUILD-0757,unit_tests,90.33,test,True
BUILD-0757,integration_tests,114.55,test,True
BUILD-0758,dependency_install,12.69,setup,False
BUILD-0758,deployment_validation,37.07,validate,False
BUILD-0758,compile,34.67,build,False
BUILD-0758,package_build,14.24,package,False
BUILD-0758,security_scan,20.36,verification,True
BUILD-0758,unit_tests,79.38,test,True
BUILD-0759,compile,27.71,build,False
BUILD-0759,package_build,17.09,package,False
BUILD-0759,security_scan,31.31,verification,True
BUILD-0759,unit_tests,101.36,test,True
BUILD-0759,integration_tests,180.52,test,True
BUILD-0759,dependency_install,14.51,setup,False
BUILD-0759,deployment_validation,43.23,validate,False
BUILD-0760,compile,67.12,build,False
BUILD-0760,package_build,55.15,package,False
BUILD-0760,deployment_validation,39.09,validate,False
BUILD-0760,dependency_install,45.17,setup,False
BUILD-0760,integration_tests,156.12,test,True
BUILD-0760,unit_tests,89.3,test,True
BUILD-0760,security_scan,26.63,verification,True
BUILD-0761,security_scan,73.96,verification,False
BUILD-0761,package_build,47.34,package,False
BUILD-0761,dependency_install,36.23,setup,False
BUILD-0761,integration_tests,238.78,test,False
BUILD-0761,deployment_validation,33.25,validate,False
BUILD-0762,integration_tests,184.03,test,True
BUILD-0762,package_build,79.84,package,False
BUILD-0762,unit_tests,106.44,test,True
BUILD-0762,dependency_install,46.62,setup,False
BUILD-0762,deployment_validation,44.4,validate,False
BUILD-0763,dependency_install,74.83,setup,False
BUILD-0763,security_scan,76.31,verification,True
BUILD-0763,compile,117.52,build,False
BUILD-0763,unit_tests,142.21,test,True
BUILD-0763,package_build,35.73,package,False
BUILD-0764,security_scan,25.26,verification,True
BUILD-0764,unit_tests,84.7,test,True
BUILD-0764,deployment_validation,45.45,validate,False
BUILD-0764,package_build,16.43,package,False
BUILD-0764,compile,22.4,build,False
BUILD-0764,integration_tests,172.34,test,True
BUILD-0765,unit_tests,85.39,test,True
BUILD-0765,dependency_install,126.79,setup,False
BUILD-0765,compile,70.76,build,False
BUILD-0765,package_build,86.02,package,False
BUILD-0765,security_scan,136.92,verification,True
BUILD-0765,integration_tests,198.46,test,True
BUILD-0766,unit_tests,94.24,test,True
BUILD-0766,integration_tests,164.6,test,True
BUILD-0766,package_build,14.4,package,False
BUILD-0766,security_scan,24.62,verification,True
BUILD-0766,compile,23.0,build,False
BUILD-0766,deployment_validation,45.56,validate,False
BUILD-0766,dependency_install,15.53,setup,False
BUILD-0767,deployment_validation,43.94,validate,False
BUILD-0767,dependency_install,23.18,setup,False
BUILD-0767,security_scan,69.79,verification,False
BUILD-0767,package_build,44.22,package,False
BUILD-0767,integration_tests,132.1,test,False
BUILD-0768,deployment_validation,40.64,validate,False
BUILD-0768,package_build,16.59,package,False
BUILD-0768,unit_tests,104.8,test,True
BUILD-0768,integration_tests,163.45,test,True
BUILD-0768,dependency_install,15.62,setup,False
BUILD-0769,unit_tests,111.87,test,True
BUILD-0769,dependency_install,40.29,setup,False
BUILD-0769,package_build,42.84,package,False
BUILD-0769,deployment_validation,37.51,validate,False
BUILD-0769,compile,23.27,build,False
BUILD-0770,integration_tests,753.44,test,True
BUILD-0770,security_scan,34.71,verification,True
BUILD-0770,unit_tests,93.03,test,True
BUILD-0770,deployment_validation,52.0,validate,False
BUILD-0770,dependency_install,52.69,setup,False
BUILD-0770,package_build,49.24,package,False
BUILD-0770,compile,137.62,build,False
BUILD-0771,package_build,122.16,package,False
BUILD-0771,integration_tests,141.92,test,True
BUILD-0771,dependency_install,107.2,setup,False
BUILD-0771,security_scan,155.32,verification,True
BUILD-0771,deployment_validation,34.83,validate,False
BUILD-0772,dependency_install,19.43,setup,False
BUILD-0772,package_build,49.91,package,False
BUILD-0772,security_scan,39.0,verification,True
BUILD-0772,unit_tests,108.64,test,True
BUILD-0772,integration_tests,164.26,test,True
BUILD-0772,deployment_validation,42.34,validate,False
BUILD-0772,compile,89.91,build,False
BUILD-0773,package_build,20.52,package,False
BUILD-0773,dependency_install,18.63,setup,False
BUILD-0773,compile,38.08,build,False
BUILD-0773,integration_tests,191.15,test,True
BUILD-0773,unit_tests,90.83,test,True
BUILD-0774,compile,89.31,build,False
BUILD-0774,deployment_validation,65.85,validate,False
BUILD-0774,unit_tests,99.31,test,True
BUILD-0774,integration_tests,300.08,test,True
BUILD-0774,dependency_install,35.74,setup,False
BUILD-0775,integration_tests,115.62,test,True
BUILD-0775,security_scan,27.24,verification,True
BUILD-0775,compile,28.56,build,False
BUILD-0775,dependency_install,16.76,setup,False
BUILD-0775,deployment_validation,35.73,validate,False
BUILD-0775,package_build,16.49,package,False
BUILD-0775,unit_tests,89.14,test,True
BUILD-0776,package_build,21.22,package,False
BUILD-0776,security_scan,91.87,verification,True
BUILD-0776,deployment_validation,42.59,validate,False
BUILD-0776,unit_tests,76.82,test,True
BUILD-0776,integration_tests,749.79,test,True
BUILD-0777,security_scan,21.13,verification,False
BUILD-0777,unit_tests,117.79,test,False
BUILD-0777,integration_tests,198.98,test,False
BUILD-0777,dependency_install,21.87,setup,False
BUILD-0777,package_build,23.06,package,False
BUILD-0777,deployment_validation,31.71,validate,False
BUILD-0778,compile,37.56,build,False
BUILD-0778,security_scan,28.52,verification,True
BUILD-0778,integration_tests,132.53,test,True
BUILD-0778,unit_tests,77.63,test,True
BUILD-0778,dependency_install,44.3,setup,False
BUILD-0779,package_build,16.9,package,False
BUILD-0779,dependency_install,15.42,setup,False
BUILD-0779,unit_tests,96.93,test,True
BUILD-0779,deployment_validation,44.37,validate,False
BUILD-0779,security_scan,26.84,verification,True
BUILD-0780,deployment_validation,41.55,validate,False
BUILD-0780,package_build,16.4,package,False
BUILD-0780,integration_tests,182.99,test,True
BUILD-0780,compile,29.85,build,False
BUILD-0780,security_scan,22.97,verification,True
BUILD-0780,dependency_install,14.13,setup,False
BUILD-0780,unit_tests,112.44,test,True
BUILD-0781,integration_tests,159.86,test,True
BUILD-0781,compile,25.22,build,False
BUILD-0781,package_build,19.48,package,False
BUILD-0781,unit_tests,86.24,test,True
BUILD-0781,deployment_validation,34.86,validate,False
BUILD-0782,integration_tests,210.2,test,True
BUILD-0782,deployment_validation,40.08,validate,False
BUILD-0782,compile,35.03,build,False
BUILD-0782,package_build,22.13,package,False
BUILD-0782,unit_tests,113.41,test,True
BUILD-0782,dependency_install,17.97,setup,False
BUILD-0783,integration_tests,185.68,test,True
BUILD-0783,dependency_install,19.76,setup,False
BUILD-0783,unit_tests,130.64,test,True
BUILD-0783,compile,30.3,build,False
BUILD-0783,package_build,21.31,package,False
BUILD-0783,security_scan,57.06,verification,True
BUILD-0783,deployment_validation,45.71,validate,False
BUILD-0784,package_build,28.14,package,False
BUILD-0784,unit_tests,112.44,test,False
BUILD-0784,deployment_validation,38.81,validate,False
BUILD-0784,dependency_install,42.53,setup,False
BUILD-0784,security_scan,23.6,verification,False
BUILD-0785,integration_tests,197.52,test,True
BUILD-0785,security_scan,39.25,verification,True
BUILD-0785,compile,29.62,build,False
BUILD-0785,dependency_install,54.8,setup,False
BUILD-0785,package_build,20.0,package,False
BUILD-0785,deployment_validation,46.33,validate,False
BUILD-0786,package_build,55.78,package,False
BUILD-0786,security_scan,31.73,verification,False
BUILD-0786,integration_tests,130.34,test,False
BUILD-0786,deployment_validation,21.28,validate,False
BUILD-0786,compile,37.13,build,False
BUILD-0787,package_build,16.81,package,False
BUILD-0787,compile,36.48,build,False
BUILD-0787,dependency_install,16.29,setup,False
BUILD-0787,integration_tests,167.93,test,True
BUILD-0787,deployment_validation,42.02,validate,False
BUILD-0787,security_scan,22.92,verification,True
BUILD-0787,unit_tests,96.32,test,True
BUILD-0788,security_scan,31.46,verification,False
BUILD-0788,unit_tests,88.19,test,False
BUILD-0788,package_build,18.71,package,False
BUILD-0788,deployment_validation,51.85,validate,False
BUILD-0788,integration_tests,150.74,test,False
BUILD-0788,dependency_install,20.27,setup,False
BUILD-0788,compile,70.37,build,False
BUILD-0789,security_scan,80.74,verification,True
BUILD-0789,integration_tests,224.38,test,True
BUILD-0789,package_build,23.82,package,False
BUILD-0789,deployment_validation,47.01,validate,False
BUILD-0789,compile,32.09,build,False
BUILD-0789,dependency_install,40.65,setup,False
BUILD-0789,unit_tests,55.97,test,True
BUILD-0790,compile,98.48,build,False
BUILD-0790,security_scan,134.52,verification,True
BUILD-0790,package_build,120.27,package,False
BUILD-0790,dependency_install,99.12,setup,False
BUILD-0790,deployment_validation,42.3,validate,False
BUILD-0791,compile,81.09,build,False
BUILD-0791,deployment_validation,62.87,validate,False
BUILD-0791,dependency_install,32.72,setup,False
BUILD-0791,package_build,35.76,package,False
BUILD-0791,security_scan,45.58,verification,True
BUILD-0791,integration_tests,232.11,test,True
BUILD-0792,dependency_install,19.6,setup,False
BUILD-0792,security_scan,80.19,verification,False
BUILD-0792,deployment_validation,42.51,validate,False
BUILD-0792,package_build,23.24,package,False
BUILD-0792,compile,29.14,build,False
BUILD-0793,deployment_validation,41.1,validate,False
BUILD-0793,compile,75.03,build,False
BUILD-0793,integration_tests,203.14,test,False
BUILD-0793,dependency_install,20.71,setup,False
BUILD-0793,security_scan,31.95,verification,False
BUILD-0793,unit_tests,80.06,test,False
BUILD-0794,unit_tests,58.61,test,False
BUILD-0794,deployment_validation,38.99,validate,False
BUILD-0794,security_scan,29.96,verification,False
BUILD-0794,compile,84.68,build,False
BUILD-0794,integration_tests,175.84,test,False
BUILD-0795,unit_tests,81.61,test,True
BUILD-0795,package_build,18.75,package,False
BUILD-0795,deployment_validation,50.3,validate,False
BUILD-0795,security_scan,24.14,verification,True
BUILD-0795,integration_tests,188.85,test,True
BUILD-0795,compile,32.0,build,False
BUILD-0796,integration_tests,189.9,test,False
BUILD-0796,deployment_validation,35.56,validate,False
BUILD-0796,package_build,56.49,package,False
BUILD-0796,compile,36.82,build,False
BUILD-0796,dependency_install,47.01,setup,False
BUILD-0797,security_scan,126.14,verification,True
BUILD-0797,integration_tests,216.0,test,True
BUILD-0797,compile,86.98,build,False
BUILD-0797,dependency_install,104.29,setup,False
BUILD-0797,deployment_validation,43.26,validate,False
BUILD-0798,deployment_validation,23.0,validate,False
BUILD-0798,package_build,21.07,package,False
BUILD-0798,dependency_install,17.55,setup,False
BUILD-0798,security_scan,51.7,verification,True
BUILD-0798,unit_tests,86.34,test,True
BUILD-0798,compile,34.59,build,False
BUILD-0798,integration_tests,219.09,test,True
BUILD-0799,security_scan,30.67,verification,True
BUILD-0799,deployment_validation,40.5,validate,False
BUILD-0799,compile,311.1,build,False
BUILD-0799,integration_tests,875.69,test,True
BUILD-0799,unit_tests,82.52,test,True
BUILD-0799,dependency_install,39.56,setup,False
BUILD-0800,security_scan,69.53,verification,True
BUILD-0800,dependency_install,127.33,setup,False
BUILD-0800,unit_tests,85.43,test,True
BUILD-0800,deployment_validation,39.67,validate,False
BUILD-0800,compile,136.9,build,False
BUILD-0800,package_build,124.61,package,False
BUILD-0800,integration_tests,140.08,test,True
BUILD-0801,deployment_validation,31.38,validate,False
BUILD-0801,dependency_install,22.36,setup,False
BUILD-0801,compile,88.6,build,False
BUILD-0801,package_build,37.02,package,False
BUILD-0801,unit_tests,114.01,test,True
BUILD-0801,security_scan,43.3,verification,True
BUILD-0801,integration_tests,181.24,test,True
BUILD-0802,dependency_install,18.78,setup,False
BUILD-0802,compile,13.14,build,False
BUILD-0802,package_build,18.68,package,False
BUILD-0802,security_scan,22.78,verification,True
BUILD-0802,deployment_validation,33.49,validate,False
BUILD-0803,compile,81.47,build,False
BUILD-0803,unit_tests,81.45,test,True
BUILD-0803,integration_tests,170.77,test,True
BUILD-0803,dependency_install,13.37,setup,False
BUILD-0803,deployment_validation,40.29,validate,False
BUILD-0803,security_scan,22.43,verification,True
BUILD-0804,compile,42.78,build,False
BUILD-0804,unit_tests,87.91,test,True
BUILD-0804,package_build,40.49,package,False
BUILD-0804,integration_tests,175.46,test,True
BUILD-0804,security_scan,31.82,verification,True
BUILD-0805,security_scan,33.07,verification,True
BUILD-0805,integration_tests,675.66,test,True
BUILD-0805,package_build,62.83,package,False
BUILD-0805,dependency_install,21.84,setup,False
BUILD-0805,compile,100.05,build,False
BUILD-0805,deployment_validation,35.53,validate,False
BUILD-0805,unit_tests,93.5,test,True
BUILD-0806,unit_tests,94.64,test,False
BUILD-0806,security_scan,67.72,verification,False
BUILD-0806,integration_tests,181.58,test,False
BUILD-0806,dependency_install,40.92,setup,False
BUILD-0806,deployment_validation,37.94,validate,False
BUILD-0806,package_build,15.46,package,False
BUILD-0806,compile,41.26,build,False
BUILD-0807,package_build,26.82,package,False
BUILD-0807,security_scan,30.25,verification,True
BUILD-0807,dependency_install,14.77,setup,False
BUILD-0807,integration_tests,187.22,test,True
BUILD-0807,unit_tests,96.83,test,True
BUILD-0807,compile,34.13,build,False
BUILD-0807,deployment_validation,39.2,validate,False
BUILD-0808,integration_tests,183.88,test,True
BUILD-0808,package_build,18.68,package,False
BUILD-0808,security_scan,23.54,verification,True
BUILD-0808,compile,30.33,build,False
BUILD-0808,deployment_validation,28.57,validate,False
BUILD-0808,dependency_install,14.72,setup,False
BUILD-0809,package_build,19.91,package,False
BUILD-0809,compile,72.75,build,False
BUILD-0809,integration_tests,167.91,test,False
BUILD-0809,unit_tests,77.69,test,False
BUILD-0809,deployment_validation,26.75,validate,False
BUILD-0809,dependency_install,43.44,setup,False
BUILD-0809,security_scan,32.14,verification,False
BUILD-0810,integration_tests,178.49,test,True
BUILD-0810,dependency_install,42.42,setup,False
BUILD-0810,unit_tests,89.6,test,True
BUILD-0810,security_scan,34.88,verification,True
BUILD-0810,compile,37.15,build,False
BUILD-0811,integration_tests,624.93,test,True
BUILD-0811,dependency_install,26.17,setup,False
BUILD-0811,security_scan,56.92,verification,True
BUILD-0811,package_build,53.92,package,False
BUILD-0811,unit_tests,139.03,test,True
BUILD-0811,deployment_validation,41.68,validate,False
BUILD-0812,deployment_validation,39.67,validate,False
BUILD-0812,unit_tests,101.99,test,False
BUILD-0812,dependency_install,22.54,setup,False
BUILD-0812,security_scan,25.62,verification,False
BUILD-0812,integration_tests,179.28,test,False
BUILD-0812,compile,23.74,build,False
BUILD-0812,package_build,21.79,package,False
BUILD-0813,dependency_install,58.62,setup,False
BUILD-0813,deployment_validation,71.84,validate,False
BUILD-0813,security_scan,89.38,verification,True
BUILD-0813,unit_tests,116.91,test,True
BUILD-0813,package_build,34.88,package,False
BUILD-0814,security_scan,50.0,verification,True
BUILD-0814,unit_tests,98.67,test,True
BUILD-0814,dependency_install,14.36,setup,False
BUILD-0814,deployment_validation,38.88,validate,False
BUILD-0814,compile,24.93,build,False
BUILD-0814,package_build,22.68,package,False
BUILD-0815,unit_tests,135.38,test,True
BUILD-0815,compile,75.31,build,False
BUILD-0815,security_scan,32.37,verification,True
BUILD-0815,deployment_validation,36.55,validate,False
BUILD-0815,package_build,45.38,package,False
BUILD-0815,integration_tests,158.81,test,True
BUILD-0816,dependency_install,17.17,setup,False
BUILD-0816,unit_tests,101.44,test,True
BUILD-0816,package_build,16.57,package,False
BUILD-0816,deployment_validation,40.18,validate,False
BUILD-0816,integration_tests,198.85,test,True
BUILD-0817,unit_tests,85.25,test,False
BUILD-0817,compile,85.49,build,False
BUILD-0817,integration_tests,236.65,test,False
BUILD-0817,dependency_install,44.07,setup,False
BUILD-0817,package_build,24.5,package,False
BUILD-0818,unit_tests,70.1,test,True
BUILD-0818,compile,81.14,build,False
BUILD-0818,integration_tests,136.11,test,True
BUILD-0818,deployment_validation,24.96,validate,False
BUILD-0818,package_build,18.28,package,False
BUILD-0819,compile,28.59,build,False
BUILD-0819,security_scan,69.95,verification,True
BUILD-0819,deployment_validation,36.44,validate,False
BUILD-0819,dependency_install,36.52,setup,False
BUILD-0819,unit_tests,97.4,test,True
BUILD-0820,integration_tests,187.97,test,True
BUILD-0820,security_scan,67.5,verification,True
BUILD-0820,deployment_validation,37.54,validate,False
BUILD-0820,dependency_install,20.05,setup,False
BUILD-0820,unit_tests,111.77,test,True
BUILD-0821,compile,81.64,build,False
BUILD-0821,unit_tests,93.23,test,True
BUILD-0821,package_build,11.36,package,False
BUILD-0821,dependency_install,12.7,setup,False
BUILD-0821,security_scan,25.71,verification,True
BUILD-0821,integration_tests,187.89,test,True
BUILD-0822,deployment_validation,44.04,validate,False
BUILD-0822,package_build,18.07,package,False
BUILD-0822,compile,24.46,build,False
BUILD-0822,unit_tests,60.3,test,True
BUILD-0822,integration_tests,198.47,test,True
BUILD-0823,package_build,51.32,package,False
BUILD-0823,deployment_validation,32.5,validate,False
BUILD-0823,security_scan,67.22,verification,True
BUILD-0823,unit_tests,95.48,test,True
BUILD-0823,integration_tests,788.27,test,True
BUILD-0823,dependency_install,16.86,setup,False
BUILD-0824,compile,33.03,build,False
BUILD-0824,integration_tests,230.25,test,True
BUILD-0824,dependency_install,13.51,setup,False
BUILD-0824,unit_tests,69.86,test,True
BUILD-0824,security_scan,25.57,verification,True
BUILD-0825,unit_tests,104.49,test,True
BUILD-0825,compile,39.63,build,False
BUILD-0825,dependency_install,56.95,setup,False
BUILD-0825,deployment_validation,29.69,validate,False
BUILD-0825,package_build,18.44,package,False
BUILD-0825,security_scan,34.63,verification,True
BUILD-0825,integration_tests,150.15,test,True
BUILD-0826,integration_tests,230.38,test,False
BUILD-0826,security_scan,52.99,verification,False
BUILD-0826,unit_tests,89.99,test,False
BUILD-0826,compile,35.68,build,False
BUILD-0826,package_build,26.92,package,False
BUILD-0827,unit_tests,86.94,test,False
BUILD-0827,dependency_install,46.64,setup,False
BUILD-0827,compile,33.46,build,False
BUILD-0827,security_scan,34.39,verification,False
BUILD-0827,deployment_validation,34.13,validate,False
BUILD-0827,integration_tests,142.7,test,False
BUILD-0828,package_build,19.84,package,False
BUILD-0828,compile,76.86,build,False
BUILD-0828,deployment_validation,46.49,validate,False
BUILD-0828,security_scan,25.55,verification,True
BUILD-0828,integration_tests,146.56,test,True
BUILD-0828,unit_tests,108.69,test,True
BUILD-0828,dependency_install,16.07,setup,False
BUILD-0829,dependency_install,15.33,setup,False
BUILD-0829,integration_tests,162.26,test,True
BUILD-0829,package_build,15.67,package,False
BUILD-0829,security_scan,22.1,verification,True
BUILD-0829,deployment_validation,37.68,validate,False
BUILD-0830,package_build,23.2,package,False
BUILD-0830,security_scan,73.78,verification,True
BUILD-0830,integration_tests,545.88,test,True
BUILD-0830,unit_tests,113.11,test,True
BUILD-0830,dependency_install,38.38,setup,False
BUILD-0830,compile,84.64,build,False
BUILD-0830,deployment_validation,42.28,validate,False
BUILD-0831,dependency_install,15.98,setup,False
BUILD-0831,unit_tests,80.53,test,True
BUILD-0831,compile,21.06,build,False
BUILD-0831,security_scan,22.86,verification,True
BUILD-0831,package_build,20.08,package,False
BUILD-0832,unit_tests,75.18,test,False
BUILD-0832,security_scan,29.22,verification,False
BUILD-0832,dependency_install,19.82,setup,False
BUILD-0832,integration_tests,134.39,test,False
BUILD-0832,package_build,24.91,package,False
BUILD-0832,deployment_validation,38.63,validate,False
BUILD-0832,compile,28.49,build,False
BUILD-0833,compile,164.3,build,False
BUILD-0833,integration_tests,207.18,test,True
BUILD-0833,security_scan,116.83,verification,True
BUILD-0833,deployment_validation,46.49,validate,False
BUILD-0833,dependency_install,45.25,setup,False
BUILD-0833,package_build,120.18,package,False
BUILD-0834,security_scan,91.96,verification,True
BUILD-0834,unit_tests,94.5,test,True
BUILD-0834,deployment_validation,28.06,validate,False
BUILD-0834,compile,71.9,build,False
BUILD-0834,package_build,17.02,package,False
BUILD-0835,security_scan,20.46,verification,True
BUILD-0835,deployment_validation,50.03,validate,False
BUILD-0835,compile,24.21,build,False
BUILD-0835,dependency_install,16.94,setup,False
BUILD-0835,unit_tests,93.76,test,True
BUILD-0835,integration_tests,213.96,test,True
BUILD-0836,compile,34.73,build,False
BUILD-0836,unit_tests,82.27,test,False
BUILD-0836,deployment_validation,44.79,validate,False
BUILD-0836,dependency_install,14.56,setup,False
BUILD-0836,integration_tests,197.44,test,False
BUILD-0837,integration_tests,184.4,test,True
BUILD-0837,deployment_validation,33.62,validate,False
BUILD-0837,unit_tests,93.35,test,True
BUILD-0837,package_build,24.55,package,False
BUILD-0837,security_scan,36.2,verification,True
BUILD-0837,dependency_install,34.1,setup,False
BUILD-0838,security_scan,60.58,verification,False
BUILD-0838,package_build,20.59,package,False
BUILD-0838,deployment_validation,45.08,validate,False
BUILD-0838,compile,40.03,build,False
BUILD-0838,dependency_install,40.42,setup,False
BUILD-0839,unit_tests,101.51,test,True
BUILD-0839,integration_tests,374.47,test,True
BUILD-0839,security_scan,110.78,verification,True
BUILD-0839,deployment_validation,78.45,validate,False
BUILD-0839,compile,88.7,build,False
BUILD-0840,compile,221.57,build,False
BUILD-0840,package_build,91.56,package,False
BUILD-0840,unit_tests,105.99,test,True
BUILD-0840,deployment_validation,40.01,validate,False
BUILD-0840,security_scan,53.78,verification,True
BUILD-0840,dependency_install,48.33,setup,False
BUILD-0841,unit_tests,86.43,test,True
BUILD-0841,package_build,58.74,package,False
BUILD-0841,security_scan,52.5,verification,True
BUILD-0841,deployment_validation,31.03,validate,False
BUILD-0841,compile,36.74,build,False
BUILD-0841,dependency_install,45.17,setup,False
BUILD-0841,integration_tests,160.65,test,True
BUILD-0842,dependency_install,21.86,setup,False
BUILD-0842,package_build,56.44,package,False
BUILD-0842,security_scan,68.71,verification,True
BUILD-0842,integration_tests,196.27,test,True
BUILD-0842,compile,74.65,build,False
BUILD-0842,deployment_validation,52.32,validate,False
BUILD-0842,unit_tests,83.42,test,True
BUILD-0843,deployment_validation,52.63,validate,False
BUILD-0843,dependency_install,23.4,setup,False
BUILD-0843,compile,31.76,build,False
BUILD-0843,package_build,19.08,package,False
BUILD-0843,integration_tests,201.47,test,True
BUILD-0844,package_build,23.6,package,False
BUILD-0844,unit_tests,95.04,test,False
BUILD-0844,deployment_validation,50.85,validate,False
BUILD-0844,compile,35.41,build,False
BUILD-0844,integration_tests,169.79,test,False
BUILD-0844,dependency_install,37.14,setup,False
BUILD-0844,security_scan,32.16,verification,False
BUILD-0845,dependency_install,16.44,setup,False
BUILD-0845,security_scan,20.08,verification,True
BUILD-0845,deployment_validation,42.72,validate,False
BUILD-0845,unit_tests,98.32,test,True
BUILD-0845,integration_tests,207.36,test,True
BUILD-0845,compile,33.09,build,False
BUILD-0846,integration_tests,233.77,test,True
BUILD-0846,unit_tests,100.6,test,True
BUILD-0846,compile,34.68,build,False
BUILD-0846,security_scan,22.41,verification,True
BUILD-0846,deployment_validation,35.22,validate,False
BUILD-0847,deployment_validation,42.61,validate,False
BUILD-0847,dependency_install,42.34,setup,False
BUILD-0847,unit_tests,102.66,test,False
BUILD-0847,security_scan,32.95,verification,False
BUILD-0847,compile,30.61,build,False
BUILD-0847,package_build,24.25,package,False
BUILD-0848,dependency_install,36.99,setup,False
BUILD-0848,deployment_validation,48.31,validate,False
BUILD-0848,unit_tests,142.47,test,True
BUILD-0848,integration_tests,226.93,test,True
BUILD-0848,package_build,91.56,package,False
BUILD-0849,deployment_validation,34.35,validate,False
BUILD-0849,package_build,16.06,package,False
BUILD-0849,dependency_install,15.24,setup,False
BUILD-0849,integration_tests,202.6,test,True
BUILD-0849,compile,26.65,build,False
BUILD-0850,deployment_validation,30.49,validate,False
BUILD-0850,dependency_install,52.42,setup,False
BUILD-0850,unit_tests,92.31,test,True
BUILD-0850,compile,23.05,build,False
BUILD-0850,integration_tests,186.11,test,True
BUILD-0850,package_build,17.86,package,False
BUILD-0850,security_scan,31.69,verification,True
BUILD-0851,dependency_install,47.06,setup,False
BUILD-0851,security_scan,35.78,verification,False
BUILD-0851,unit_tests,93.09,test,False
BUILD-0851,compile,35.59,build,False
BUILD-0851,package_build,62.44,package,False
BUILD-0851,deployment_validation,30.19,validate,False
BUILD-0852,package_build,118.32,package,False
BUILD-0852,dependency_install,95.02,setup,False
BUILD-0852,security_scan,209.07,verification,True
BUILD-0852,compile,155.71,build,False
BUILD-0852,unit_tests,66.99,test,True
BUILD-0853,package_build,16.99,package,False
BUILD-0853,deployment_validation,37.45,validate,False
BUILD-0853,compile,38.71,build,False
BUILD-0853,unit_tests,82.31,test,False
BUILD-0853,dependency_install,15.92,setup,False
BUILD-0853,integration_tests,181.87,test,False
BUILD-0854,deployment_validation,44.92,validate,False
BUILD-0854,security_scan,27.5,verification,True
BUILD-0854,compile,32.01,build,False
BUILD-0854,package_build,20.7,package,False
BUILD-0854,integration_tests,239.45,test,True
BUILD-0855,package_build,50.82,package,False
BUILD-0855,deployment_validation,37.5,validate,False
BUILD-0855,integration_tests,180.05,test,False
BUILD-0855,unit_tests,116.84,test,False
BUILD-0855,security_scan,25.14,verification,False
BUILD-0855,compile,31.35,build,False
BUILD-0856,unit_tests,100.56,test,True
BUILD-0856,security_scan,82.43,verification,True
BUILD-0856,package_build,44.81,package,False
BUILD-0856,compile,41.38,build,False
BUILD-0856,deployment_validation,40.96,validate,False
BUILD-0857,compile,39.1,build,False
BUILD-0857,package_build,19.07,package,False
BUILD-0857,integration_tests,181.33,test,True
BUILD-0857,deployment_validation,44.33,validate,False
BUILD-0857,dependency_install,14.89,setup,False
BUILD-0857,unit_tests,129.03,test,True
BUILD-0858,dependency_install,43.16,setup,False
BUILD-0858,compile,31.49,build,False
BUILD-0858,integration_tests,209.62,test,False
BUILD-0858,package_build,56.5,package,False
BUILD-0858,security_scan,29.15,verification,False
BUILD-0858,deployment_validation,43.46,validate,False
BUILD-0858,unit_tests,73.5,test,False
BUILD-0859,dependency_install,25.53,setup,False
BUILD-0859,integration_tests,151.05,test,True
BUILD-0859,unit_tests,113.56,test,True
BUILD-0859,deployment_validation,44.43,validate,False
BUILD-0859,package_build,26.82,package,False
BUILD-0859,compile,33.6,build,False
BUILD-0860,dependency_install,45.37,setup,False
BUILD-0860,unit_tests,88.21,test,True
BUILD-0860,compile,241.57,build,False
BUILD-0860,integration_tests,811.15,test,True
BUILD-0860,deployment_validation,32.22,validate,False
BUILD-0861,security_scan,27.88,verification,False
BUILD-0861,deployment_validation,39.43,validate,False
BUILD-0861,integration_tests,176.34,test,False
BUILD-0861,compile,40.17,build,False
BUILD-0861,dependency_install,20.35,setup,False
BUILD-0862,security_scan,114.48,verification,True
BUILD-0862,integration_tests,259.76,test,True
BUILD-0862,deployment_validation,63.86,validate,False
BUILD-0862,package_build,35.58,package,False
BUILD-0862,compile,88.59,build,False
BUILD-0862,dependency_install,29.37,setup,False
BUILD-0862,unit_tests,165.33,test,True
BUILD-0863,unit_tests,86.62,test,True
BUILD-0863,deployment_validation,41.38,validate,False
BUILD-0863,security_scan,58.1,verification,True
BUILD-0863,integration_tests,189.45,test,True
BUILD-0863,compile,69.26,build,False
BUILD-0863,package_build,57.97,package,False
BUILD-0864,deployment_validation,34.84,validate,False
BUILD-0864,compile,178.39,build,False
BUILD-0864,integration_tests,160.38,test,True
BUILD-0864,unit_tests,109.83,test,True
BUILD-0864,package_build,40.51,package,False
BUILD-0864,dependency_install,98.99,setup,False
BUILD-0865,unit_tests,92.05,test,True
BUILD-0865,compile,67.63,build,False
BUILD-0865,security_scan,170.85,verification,True
BUILD-0865,integration_tests,157.4,test,True
BUILD-0865,dependency_install,48.73,setup,False
BUILD-0865,package_build,89.53,package,False
BUILD-0865,deployment_validation,39.31,validate,False
BUILD-0866,deployment_validation,55.38,validate,False
BUILD-0866,unit_tests,137.12,test,True
BUILD-0866,security_scan,145.37,verification,True
BUILD-0866,integration_tests,262.31,test,True
BUILD-0866,compile,70.98,build,False
BUILD-0866,package_build,85.03,package,False
BUILD-0866,dependency_install,63.75,setup,False
BUILD-0867,integration_tests,188.15,test,True
BUILD-0867,unit_tests,87.2,test,True
BUILD-0867,dependency_install,25.93,setup,False
BUILD-0867,compile,36.19,build,False
BUILD-0867,security_scan,27.71,verification,True
BUILD-0867,package_build,18.63,package,False
BUILD-0868,deployment_validation,40.17,validate,False
BUILD-0868,security_scan,24.58,verification,True
BUILD-0868,integration_tests,103.53,test,True
BUILD-0868,compile,32.87,build,False
BUILD-0868,dependency_install,10.7,setup,False
BUILD-0869,dependency_install,115.82,setup,False
BUILD-0869,compile,270.87,build,False
BUILD-0869,deployment_validation,37.82,validate,False
BUILD-0869,security_scan,54.95,verification,True
BUILD-0869,package_build,134.47,package,False
BUILD-0870,integration_tests,624.51,test,True
BUILD-0870,compile,256.42,build,False
BUILD-0870,unit_tests,84.78,test,True
BUILD-0870,security_scan,66.38,verification,True
BUILD-0870,deployment_validation,41.9,validate,False
BUILD-0870,package_build,20.59,package,False
BUILD-0870,dependency_install,42.03,setup,False
BUILD-0871,dependency_install,17.27,setup,False
BUILD-0871,compile,27.33,build,False
BUILD-0871,unit_tests,81.92,test,True
BUILD-0871,package_build,17.74,package,False
BUILD-0871,deployment_validation,30.61,validate,False
BUILD-0871,integration_tests,183.87,test,True
BUILD-0872,integration_tests,203.53,test,True
BUILD-0872,security_scan,19.67,verification,True
BUILD-0872,deployment_validation,29.36,validate,False
BUILD-0872,dependency_install,14.89,setup,False
BUILD-0872,package_build,21.99,package,False
BUILD-0872,compile,88.53,build,False
BUILD-0872,unit_tests,67.61,test,True
BUILD-0873,compile,75.42,build,False
BUILD-0873,unit_tests,76.18,test,True
BUILD-0873,dependency_install,16.55,setup,False
BUILD-0873,deployment_validation,38.42,validate,False
BUILD-0873,security_scan,23.92,verification,True
BUILD-0873,integration_tests,147.33,test,True
BUILD-0874,unit_tests,107.49,test,True
BUILD-0874,integration_tests,206.03,test,True
BUILD-0874,security_scan,30.06,verification,True
BUILD-0874,dependency_install,15.0,setup,False
BUILD-0874,package_build,29.09,package,False
BUILD-0875,compile,131.05,build,False
BUILD-0875,integration_tests,191.25,test,True
BUILD-0875,security_scan,172.42,verification,True
BUILD-0875,unit_tests,94.67,test,True
BUILD-0875,deployment_validation,47.67,validate,False
BUILD-0875,dependency_install,52.31,setup,False
BUILD-0876,dependency_install,13.21,setup,False
BUILD-0876,compile,79.52,build,False
BUILD-0876,security_scan,17.55,verification,True
BUILD-0876,unit_tests,69.41,test,True
BUILD-0876,package_build,13.34,package,False
BUILD-0877,integration_tests,660.88,test,True
BUILD-0877,unit_tests,73.98,test,True
BUILD-0877,security_scan,80.74,verification,True
BUILD-0877,deployment_validation,32.42,validate,False
BUILD-0877,package_build,17.87,package,False
BUILD-0877,dependency_install,20.52,setup,False
BUILD-0877,compile,273.23,build,False
BUILD-0878,deployment_validation,43.5,validate,False
BUILD-0878,dependency_install,25.05,setup,False
BUILD-0878,compile,65.46,build,False
BUILD-0878,security_scan,41.7,verification,True
BUILD-0878,integration_tests,129.74,test,True
BUILD-0878,package_build,20.8,package,False
BUILD-0878,unit_tests,102.99,test,True
BUILD-0879,dependency_install,13.64,setup,False
BUILD-0879,security_scan,52.77,verification,True
BUILD-0879,integration_tests,180.33,test,True
BUILD-0879,deployment_validation,32.82,validate,False
BUILD-0879,package_build,16.8,package,False
BUILD-0880,compile,42.48,build,False
BUILD-0880,unit_tests,94.54,test,False
BUILD-0880,dependency_install,44.41,setup,False
BUILD-0880,package_build,64.1,package,False
BUILD-0880,integration_tests,194.06,test,False
BUILD-0880,deployment_validation,38.03,validate,False
BUILD-0880,security_scan,24.76,verification,False
BUILD-0881,compile,29.65,build,False
BUILD-0881,deployment_validation,41.75,validate,False
BUILD-0881,dependency_install,14.89,setup,False
BUILD-0881,integration_tests,175.03,test,True
BUILD-0881,security_scan,15.36,verification,True
BUILD-0881,package_build,16.92,package,False
BUILD-0882,unit_tests,108.81,test,True
BUILD-0882,security_scan,27.41,verification,True
BUILD-0882,package_build,41.61,package,False
BUILD-0882,integration_tests,227.71,test,True
BUILD-0882,deployment_validation,33.61,validate,False
BUILD-0883,integration_tests,195.19,test,False
BUILD-0883,deployment_validation,43.95,validate,False
BUILD-0883,unit_tests,88.64,test,False
BUILD-0883,compile,38.01,build,False
BUILD-0883,package_build,53.72,package,False
BUILD-0883,security_scan,74.13,verification,False
BUILD-0883,dependency_install,19.02,setup,False
BUILD-0884,unit_tests,77.54,test,True
BUILD-0884,security_scan,21.41,verification,True
BUILD-0884,dependency_install,15.81,setup,False
BUILD-0884,compile,23.56,build,False
BUILD-0884,deployment_validation,29.18,validate,False
BUILD-0884,package_build,20.37,package,False
BUILD-0885,compile,75.17,build,False
BUILD-0885,integration_tests,200.49,test,True
BUILD-0885,deployment_validation,41.6,validate,False
BUILD-0885,package_build,47.1,package,False
BUILD-0885,dependency_install,16.92,setup,False
BUILD-0885,security_scan,33.12,verification,True
BUILD-0886,dependency_install,46.8,setup,False
BUILD-0886,unit_tests,97.01,test,True
BUILD-0886,security_scan,32.21,verification,True
BUILD-0886,compile,32.54,build,False
BUILD-0886,package_build,29.37,package,False
BUILD-0887,security_scan,126.62,verification,True
BUILD-0887,integration_tests,187.14,test,True
BUILD-0887,package_build,99.21,package,False
BUILD-0887,unit_tests,89.5,test,True
BUILD-0887,dependency_install,61.15,setup,False
BUILD-0887,deployment_validation,35.4,validate,False
BUILD-0888,security_scan,45.63,verification,True
BUILD-0888,integration_tests,250.39,test,True
BUILD-0888,compile,136.05,build,False
BUILD-0888,unit_tests,128.71,test,True
BUILD-0888,package_build,37.7,package,False
BUILD-0888,deployment_validation,63.64,validate,False
BUILD-0888,dependency_install,31.54,setup,False
BUILD-0889,compile,25.5,build,False
BUILD-0889,dependency_install,14.29,setup,False
BUILD-0889,unit_tests,80.18,test,True
BUILD-0889,integration_tests,198.87,test,True
BUILD-0889,security_scan,29.82,verification,True
BUILD-0889,package_build,16.67,package,False
BUILD-0889,deployment_validation,38.55,validate,False
BUILD-0890,integration_tests,193.65,test,True
BUILD-0890,deployment_validation,42.62,validate,False
BUILD-0890,dependency_install,16.63,setup,False
BUILD-0890,compile,39.67,build,False
BUILD-0890,unit_tests,81.76,test,True
BUILD-0890,security_scan,26.14,verification,True
BUILD-0891,security_scan,63.85,verification,True
BUILD-0891,package_build,48.34,package,False
BUILD-0891,dependency_install,35.27,setup,False
BUILD-0891,unit_tests,108.66,test,True
BUILD-0891,integration_tests,809.61,test,True
BUILD-0892,deployment_validation,45.87,validate,False
BUILD-0892,security_scan,61.49,verification,True
BUILD-0892,compile,90.28,build,False
BUILD-0892,integration_tests,178.15,test,True
BUILD-0892,unit_tests,95.41,test,True
BUILD-0893,deployment_validation,47.27,validate,False
BUILD-0893,dependency_install,89.12,setup,False
BUILD-0893,package_build,108.05,package,False
BUILD-0893,security_scan,153.28,verification,True
BUILD-0893,integration_tests,199.34,test,True
BUILD-0893,unit_tests,128.13,test,True
BUILD-0894,dependency_install,118.53,setup,False
BUILD-0894,integration_tests,177.14,test,True
BUILD-0894,package_build,134.24,package,False
BUILD-0894,security_scan,69.92,verification,True
BUILD-0894,compile,168.06,build,False
BUILD-0894,deployment_validation,47.84,validate,False
BUILD-0894,unit_tests,88.0,test,True
BUILD-0895,integration_tests,166.05,test,True
BUILD-0895,security_scan,148.61,verification,True
BUILD-0895,package_build,156.69,package,False
BUILD-0895,compile,156.2,build,False
BUILD-0895,unit_tests,113.78,test,True
BUILD-0895,deployment_validation,31.85,validate,False
BUILD-0895,dependency_install,88.0,setup,False
BUILD-0896,compile,35.38,build,False
BUILD-0896,unit_tests,96.2,test,False
BUILD-0896,package_build,24.83,package,False
BUILD-0896,deployment_validation,37.33,validate,False
BUILD-0896,security_scan,32.16,verification,False
BUILD-0896,integration_tests,178.78,test,False
BUILD-0896,dependency_install,17.44,setup,False
BUILD-0897,security_scan,182.6,verification,True
BUILD-0897,deployment_validation,43.74,validate,False
BUILD-0897,integration_tests,135.34,test,True
BUILD-0897,package_build,99.0,package,False
BUILD-0897,dependency_install,92.05,setup,False
BUILD-0897,unit_tests,72.43,test,True
BUILD-0898,package_build,25.28,package,False
BUILD-0898,unit_tests,94.81,test,False
BUILD-0898,compile,34.15,build,False
BUILD-0898,integration_tests,163.81,test,False
BUILD-0898,deployment_validation,28.22,validate,False
BUILD-0898,dependency_install,14.99,setup,False
BUILD-0898,security_scan,40.48,verification,False
BUILD-0899,integration_tests,786.76,test,True
BUILD-0899,dependency_install,41.54,setup,False
BUILD-0899,deployment_validation,44.1,validate,False
BUILD-0899,security_scan,38.07,verification,True
BUILD-0899,compile,170.07,build,False
BUILD-0900,security_scan,114.24,verification,True
BUILD-0900,package_build,43.84,package,False
BUILD-0900,integration_tests,168.48,test,True
BUILD-0900,unit_tests,91.31,test,True
BUILD-0900,deployment_validation,38.87,validate,False
BUILD-0900,dependency_install,113.39,setup,False
BUILD-0900,compile,172.5,build,False
BUILD-0901,integration_tests,236.67,test,True
BUILD-0901,unit_tests,75.26,test,True
BUILD-0901,dependency_install,15.82,setup,False
BUILD-0901,package_build,53.24,package,False
BUILD-0901,deployment_validation,38.46,validate,False
BUILD-0901,security_scan,19.59,verification,True
BUILD-0902,package_build,52.53,package,False
BUILD-0902,compile,164.27,build,False
BUILD-0902,integration_tests,191.84,test,True
BUILD-0902,unit_tests,119.25,test,True
BUILD-0902,security_scan,179.28,verification,True
BUILD-0903,compile,19.84,build,False
BUILD-0903,deployment_validation,39.98,validate,False
BUILD-0903,dependency_install,11.99,setup,False
BUILD-0903,unit_tests,85.53,test,True
BUILD-0903,package_build,43.23,package,False
BUILD-0903,integration_tests,201.85,test,True
BUILD-0904,unit_tests,76.68,test,True
BUILD-0904,security_scan,35.66,verification,True
BUILD-0904,deployment_validation,31.4,validate,False
BUILD-0904,package_build,23.61,package,False
BUILD-0904,compile,31.6,build,False
BUILD-0904,dependency_install,42.53,setup,False
BUILD-0905,dependency_install,48.4,setup,False
BUILD-0905,deployment_validation,42.16,validate,False
BUILD-0905,compile,28.35,build,False
BUILD-0905,integration_tests,220.02,test,True
BUILD-0905,package_build,14.79,package,False
BUILD-0905,unit_tests,92.83,test,True
BUILD-0905,security_scan,22.15,verification,True
BUILD-0906,package_build,24.3,package,False
BUILD-0906,unit_tests,85.71,test,True
BUILD-0906,security_scan,66.18,verification,True
BUILD-0906,deployment_validation,45.8,validate,False
BUILD-0906,dependency_install,24.37,setup,False
BUILD-0906,integration_tests,193.32,test,True
BUILD-0906,compile,78.34,build,False
BUILD-0907,unit_tests,102.81,test,True
BUILD-0907,deployment_validation,41.37,validate,False
BUILD-0907,security_scan,107.78,verification,True
BUILD-0907,dependency_install,117.85,setup,False
BUILD-0907,compile,145.29,build,False
BUILD-0908,integration_tests,134.95,test,True
BUILD-0908,compile,169.57,build,False
BUILD-0908,unit_tests,80.51,test,True
BUILD-0908,security_scan,90.13,verification,True
BUILD-0908,deployment_validation,37.85,validate,False
BUILD-0908,dependency_install,41.69,setup,False
BUILD-0908,package_build,91.23,package,False
BUILD-0909,dependency_install,25.81,setup,False
BUILD-0909,unit_tests,102.37,test,False
BUILD-0909,compile,74.0,build,False
BUILD-0909,integration_tests,178.28,test,False
BUILD-0909,package_build,27.27,package,False
BUILD-0909,security_scan,36.02,verification,False
BUILD-0909,deployment_validation,31.62,validate,False
BUILD-0910,dependency_install,17.52,setup,False
BUILD-0910,deployment_validation,35.4,validate,False
BUILD-0910,security_scan,29.32,verification,True
BUILD-0910,package_build,14.9,package,False
BUILD-0910,compile,37.81,build,False
BUILD-0910,unit_tests,91.11,test,True
BUILD-0910,integration_tests,206.19,test,True
BUILD-0911,security_scan,22.59,verification,True
BUILD-0911,deployment_validation,32.53,validate,False
BUILD-0911,package_build,20.49,package,False
BUILD-0911,unit_tests,78.19,test,True
BUILD-0911,compile,87.4,build,False
BUILD-0912,deployment_validation,29.91,validate,False
BUILD-0912,package_build,16.5,package,False
BUILD-0912,unit_tests,76.91,test,True
BUILD-0912,compile,27.29,build,False
BUILD-0912,dependency_install,17.17,setup,False
BUILD-0913,integration_tests,201.85,test,True
BUILD-0913,security_scan,27.49,verification,True
BUILD-0913,unit_tests,88.12,test,True
BUILD-0913,deployment_validation,43.18,validate,False
BUILD-0913,dependency_install,40.52,setup,False
BUILD-0913,compile,36.2,build,False
BUILD-0913,package_build,21.44,package,False
BUILD-0914,security_scan,45.0,verification,True
BUILD-0914,integration_tests,424.0,test,True
BUILD-0914,dependency_install,22.12,setup,False
BUILD-0914,package_build,26.0,package,False
BUILD-0914,deployment_validation,34.54,validate,False
BUILD-0914,compile,250.64,build,False
BUILD-0914,unit_tests,99.2,test,True
BUILD-0915,deployment_validation,38.29,validate,False
BUILD-0915,security_scan,27.27,verification,True
BUILD-0915,dependency_install,31.07,setup,False
BUILD-0915,package_build,19.48,package,False
BUILD-0915,unit_tests,98.39,test,True
BUILD-0915,integration_tests,153.11,test,True
BUILD-0916,security_scan,149.6,verification,True
BUILD-0916,integration_tests,218.0,test,True
BUILD-0916,package_build,112.3,package,False
BUILD-0916,compile,155.64,build,False
BUILD-0916,dependency_install,46.29,setup,False
BUILD-0917,dependency_install,21.56,setup,False
BUILD-0917,deployment_validation,43.24,validate,False
BUILD-0917,compile,94.67,build,False
BUILD-0917,security_scan,33.73,verification,True
BUILD-0917,unit_tests,83.87,test,True
BUILD-0917,integration_tests,132.9,test,True
BUILD-0917,package_build,19.39,package,False
BUILD-0918,unit_tests,101.25,test,True
BUILD-0918,compile,22.25,build,False
BUILD-0918,integration_tests,208.77,test,True
BUILD-0918,package_build,16.82,package,False
BUILD-0918,security_scan,29.16,verification,True
BUILD-0919,dependency_install,16.53,setup,False
BUILD-0919,package_build,27.31,package,False
BUILD-0919,deployment_validation,49.31,validate,False
BUILD-0919,unit_tests,107.57,test,True
BUILD-0919,integration_tests,159.44,test,True
BUILD-0919,compile,34.35,build,False
BUILD-0919,security_scan,71.53,verification,True
BUILD-0920,compile,253.66,build,False
BUILD-0920,integration_tests,183.9,test,True
BUILD-0920,security_scan,80.96,verification,True
BUILD-0920,dependency_install,47.29,setup,False
BUILD-0920,unit_tests,90.04,test,True
BUILD-0920,package_build,49.44,package,False
BUILD-0921,integration_tests,782.71,test,True
BUILD-0921,dependency_install,23.65,setup,False
BUILD-0921,package_build,23.46,package,False
BUILD-0921,security_scan,66.44,verification,True
BUILD-0921,unit_tests,94.41,test,True
BUILD-0921,compile,157.51,build,False
BUILD-0921,deployment_validation,35.19,validate,False
BUILD-0922,integration_tests,167.87,test,True
BUILD-0922,compile,28.85,build,False
BUILD-0922,security_scan,26.62,verification,True
BUILD-0922,dependency_install,14.19,setup,False
BUILD-0922,package_build,18.48,package,False
BUILD-0923,deployment_validation,38.67,validate,False
BUILD-0923,security_scan,176.57,verification,True
BUILD-0923,dependency_install,100.42,setup,False
BUILD-0923,compile,172.34,build,False
BUILD-0923,package_build,116.74,package,False
BUILD-0923,integration_tests,152.61,test,True
BUILD-0923,unit_tests,87.46,test,True
BUILD-0924,deployment_validation,34.58,validate,False
BUILD-0924,package_build,16.43,package,False
BUILD-0924,dependency_install,23.03,setup,False
BUILD-0924,compile,94.35,build,False
BUILD-0924,integration_tests,138.04,test,True
BUILD-0924,security_scan,38.9,verification,True
BUILD-0925,dependency_install,42.26,setup,False
BUILD-0925,compile,39.33,build,False
BUILD-0925,deployment_validation,42.55,validate,False
BUILD-0925,security_scan,26.29,verification,False
BUILD-0925,unit_tests,94.79,test,False
BUILD-0925,integration_tests,153.54,test,False
BUILD-0926,deployment_validation,61.43,validate,False
BUILD-0926,compile,62.17,build,False
BUILD-0926,dependency_install,31.43,setup,False
BUILD-0926,security_scan,110.8,verification,True
BUILD-0926,unit_tests,135.84,test,True
BUILD-0927,unit_tests,92.25,test,False
BUILD-0927,dependency_install,24.72,setup,False
BUILD-0927,compile,79.74,build,False
BUILD-0927,security_scan,34.84,verification,False
BUILD-0927,integration_tests,219.83,test,False
BUILD-0927,deployment_validation,38.84,validate,False
BUILD-0927,package_build,51.64,package,False
BUILD-0928,unit_tests,102.17,test,True
BUILD-0928,package_build,22.38,package,False
BUILD-0928,compile,148.04,build,False
BUILD-0928,security_scan,34.3,verification,True
BUILD-0928,integration_tests,594.33,test,True
BUILD-0929,dependency_install,52.04,setup,False
BUILD-0929,security_scan,33.69,verification,False
BUILD-0929,unit_tests,75.31,test,False
BUILD-0929,compile,37.19,build,False
BUILD-0929,integration_tests,148.92,test,False
BUILD-0930,compile,23.95,build,False
BUILD-0930,unit_tests,100.34,test,True
BUILD-0930,security_scan,23.0,verification,True
BUILD-0930,dependency_install,14.89,setup,False
BUILD-0930,integration_tests,166.41,test,True
BUILD-0931,integration_tests,102.97,test,True
BUILD-0931,compile,34.33,build,False
BUILD-0931,package_build,61.59,package,False
BUILD-0931,dependency_install,48.49,setup,False
BUILD-0931,deployment_validation,47.6,validate,False
BUILD-0931,security_scan,48.64,verification,True
BUILD-0932,compile,22.78,build,False
BUILD-0932,deployment_validation,28.96,validate,False
BUILD-0932,unit_tests,113.93,test,True
BUILD-0932,security_scan,22.65,verification,True
BUILD-0932,dependency_install,14.31,setup,False
BUILD-0933,compile,45.4,build,False
BUILD-0933,integration_tests,145.18,test,False
BUILD-0933,security_scan,31.78,verification,False
BUILD-0933,dependency_install,23.02,setup,False
BUILD-0933,package_build,23.92,package,False
BUILD-0933,unit_tests,94.15,test,False
BUILD-0934,unit_tests,166.48,test,True
BUILD-0934,dependency_install,45.06,setup,False
BUILD-0934,integration_tests,281.03,test,True
BUILD-0934,package_build,33.1,package,False
BUILD-0934,security_scan,58.13,verification,True
BUILD-0934,deployment_validation,64.5,validate,False
BUILD-0934,compile,63.97,build,False
BUILD-0935,security_scan,190.32,verification,True
BUILD-0935,unit_tests,92.76,test,True
BUILD-0935,package_build,129.04,package,False
BUILD-0935,integration_tests,196.23,test,True
BUILD-0935,compile,81.63,build,False
BUILD-0935,dependency_install,49.76,setup,False
BUILD-0935,deployment_validation,26.62,validate,False
BUILD-0936,deployment_validation,40.37,validate,False
BUILD-0936,unit_tests,71.88,test,False
BUILD-0936,compile,31.07,build,False
BUILD-0936,package_build,15.31,package,False
BUILD-0936,integration_tests,150.56,test,False
BUILD-0937,deployment_validation,39.15,validate,False
BUILD-0937,dependency_install,19.33,setup,False
BUILD-0937,compile,29.72,build,False
BUILD-0937,package_build,18.11,package,False
BUILD-0937,integration_tests,149.35,test,True
BUILD-0937,unit_tests,83.25,test,True
BUILD-0937,security_scan,21.76,verification,True
BUILD-0938,compile,34.1,build,False
BUILD-0938,security_scan,30.2,verification,True
BUILD-0938,dependency_install,42.71,setup,False
BUILD-0938,package_build,20.23,package,False
BUILD-0938,integration_tests,183.65,test,True
BUILD-0938,unit_tests,90.52,test,True
BUILD-0939,package_build,22.62,package,False
BUILD-0939,security_scan,68.77,verification,True
BUILD-0939,deployment_validation,30.52,validate,False
BUILD-0939,integration_tests,164.03,test,True
BUILD-0939,unit_tests,103.51,test,True
BUILD-0939,dependency_install,16.8,setup,False
BUILD-0939,compile,29.29,build,False
BUILD-0940,deployment_validation,38.05,validate,False
BUILD-0940,security_scan,28.57,verification,True
BUILD-0940,package_build,18.03,package,False
BUILD-0940,unit_tests,98.67,test,True
BUILD-0940,integration_tests,170.7,test,True
BUILD-0940,dependency_install,13.98,setup,False
BUILD-0940,compile,29.42,build,False
BUILD-0941,deployment_validation,43.91,validate,False
BUILD-0941,unit_tests,93.78,test,True
BUILD-0941,compile,29.58,build,False
BUILD-0941,dependency_install,13.52,setup,False
BUILD-0941,integration_tests,192.59,test,True
BUILD-0941,security_scan,24.06,verification,True
BUILD-0941,package_build,18.11,package,False
BUILD-0942,security_scan,67.09,verification,False
BUILD-0942,compile,38.62,build,False
BUILD-0942,unit_tests,89.21,test,False
BUILD-0942,dependency_install,15.42,setup,False
BUILD-0942,integration_tests,129.4,test,False
BUILD-0943,dependency_install,16.19,setup,False
BUILD-0943,security_scan,22.86,verification,True
BUILD-0943,unit_tests,70.36,test,True
BUILD-0943,deployment_validation,40.64,validate,False
BUILD-0943,compile,27.61,build,False
BUILD-0944,security_scan,51.63,verification,True
BUILD-0944,dependency_install,32.64,setup,False
BUILD-0944,deployment_validation,63.34,validate,False
BUILD-0944,compile,50.41,build,False
BUILD-0944,unit_tests,134.21,test,True
BUILD-0945,dependency_install,17.96,setup,False
BUILD-0945,deployment_validation,44.66,validate,False
BUILD-0945,compile,28.13,build,False
BUILD-0945,security_scan,21.2,verification,True
BUILD-0945,unit_tests,85.7,test,True
BUILD-0946,security_scan,22.48,verification,True
BUILD-0946,package_build,17.25,package,False
BUILD-0946,unit_tests,79.16,test,True
BUILD-0946,dependency_install,36.56,setup,False
BUILD-0946,compile,28.89,build,False
BUILD-0946,deployment_validation,35.62,validate,False
BUILD-0947,deployment_validation,33.33,validate,False
BUILD-0947,dependency_install,38.48,setup,False
BUILD-0947,package_build,133.65,package,False
BUILD-0947,security_scan,141.17,verification,True
BUILD-0947,compile,152.53,build,False
BUILD-0947,integration_tests,164.13,test,True
BUILD-0948,package_build,57.02,package,False
BUILD-0948,compile,66.58,build,False
BUILD-0948,integration_tests,211.42,test,True
BUILD-0948,security_scan,31.12,verification,True
BUILD-0948,dependency_install,22.68,setup,False
BUILD-0948,deployment_validation,39.02,validate,False
BUILD-0949,deployment_validation,33.04,validate,False
BUILD-0949,unit_tests,91.36,test,True
BUILD-0949,security_scan,82.77,verification,True
BUILD-0949,package_build,14.42,package,False
BUILD-0949,compile,138.95,build,False
BUILD-0949,integration_tests,484.76,test,True
BUILD-0949,dependency_install,49.62,setup,False
BUILD-0950,package_build,24.96,package,False
BUILD-0950,integration_tests,772.9,test,True
BUILD-0950,security_scan,31.69,verification,True
BUILD-0950,compile,245.1,build,False
BUILD-0950,dependency_install,20.89,setup,False
BUILD-0950,unit_tests,115.8,test,True
BUILD-0951,deployment_validation,46.29,validate,False
BUILD-0951,compile,27.66,build,False
BUILD-0951,security_scan,30.91,verification,True
BUILD-0951,dependency_install,17.78,setup,False
BUILD-0951,unit_tests,103.1,test,True
BUILD-0951,integration_tests,209.33,test,True
BUILD-0952,dependency_install,28.17,setup,False
BUILD-0952,integration_tests,166.52,test,False
BUILD-0952,package_build,58.98,package,False
BUILD-0952,unit_tests,83.49,test,False
BUILD-0952,deployment_validation,38.66,validate,False
BUILD-0952,compile,30.36,build,False
BUILD-0952,security_scan,39.93,verification,False
BUILD-0953,security_scan,32.42,verification,True
BUILD-0953,package_build,27.24,package,False
BUILD-0953,deployment_validation,42.91,validate,False
BUILD-0953,integration_tests,685.76,test,True
BUILD-0953,dependency_install,47.56,setup,False
BUILD-0953,unit_tests,99.14,test,True
BUILD-0954,compile,31.11,build,False
BUILD-0954,unit_tests,136.83,test,True
BUILD-0954,integration_tests,152.25,test,True
BUILD-0954,dependency_install,11.71,setup,False
BUILD-0954,security_scan,23.06,verification,True
BUILD-0955,package_build,17.46,package,False
BUILD-0955,security_scan,59.49,verification,False
BUILD-0955,unit_tests,81.86,test,False
BUILD-0955,dependency_install,17.35,setup,False
BUILD-0955,deployment_validation,43.11,validate,False
BUILD-0956,dependency_install,95.41,setup,False
BUILD-0956,integration_tests,191.14,test,True
BUILD-0956,compile,190.19,build,False
BUILD-0956,package_build,48.52,package,False
BUILD-0956,unit_tests,73.54,test,True
BUILD-0957,package_build,22.21,package,False
BUILD-0957,integration_tests,769.36,test,True
BUILD-0957,unit_tests,117.81,test,True
BUILD-0957,deployment_validation,45.45,validate,False
BUILD-0957,compile,244.85,build,False
BUILD-0957,dependency_install,20.24,setup,False
BUILD-0957,security_scan,31.44,verification,True
BUILD-0958,compile,83.57,build,False
BUILD-0958,deployment_validation,50.0,validate,False
BUILD-0958,package_build,11.92,package,False
BUILD-0958,integration_tests,191.17,test,True
BUILD-0958,dependency_install,20.8,setup,False
BUILD-0958,unit_tests,99.02,test,True
BUILD-0959,integration_tests,163.01,test,True
BUILD-0959,security_scan,176.35,verification,True
BUILD-0959,dependency_install,108.49,setup,False
BUILD-0959,compile,102.17,build,False
BUILD-0959,unit_tests,78.35,test,True
BUILD-0960,security_scan,27.18,verification,True
BUILD-0960,unit_tests,76.46,test,True
BUILD-0960,compile,27.1,build,False
BUILD-0960,package_build,20.11,package,False
BUILD-0960,dependency_install,15.16,setup,False
BUILD-0960,integration_tests,170.05,test,True
BUILD-0960,deployment_validation,40.06,validate,False
BUILD-0961,integration_tests,143.93,test,True
BUILD-0961,deployment_validation,40.35,validate,False
BUILD-0961,unit_tests,91.22,test,True
BUILD-0961,package_build,19.3,package,False
BUILD-0961,security_scan,22.95,verification,True
BUILD-0962,integration_tests,149.43,test,True
BUILD-0962,deployment_validation,33.41,validate,False
BUILD-0962,unit_tests,104.8,test,True
BUILD-0962,compile,149.81,build,False
BUILD-0962,package_build,104.44,package,False
BUILD-0962,security_scan,191.38,verification,True
BUILD-0963,unit_tests,92.15,test,False
BUILD-0963,deployment_validation,48.4,validate,False
BUILD-0963,package_build,61.54,package,False
BUILD-0963,compile,44.49,build,False
BUILD-0963,integration_tests,172.38,test,False
BUILD-0964,integration_tests,187.09,test,False
BUILD-0964,deployment_validation,29.77,validate,False
BUILD-0964,package_build,15.5,package,False
BUILD-0964,compile,26.49,build,False
BUILD-0964,dependency_install,21.04,setup,False
BUILD-0964,security_scan,29.21,verification,False
BUILD-0965,unit_tests,76.41,test,False
BUILD-0965,compile,38.38,build,False
BUILD-0965,security_scan,24.73,verification,False
BUILD-0965,dependency_install,17.71,setup,False
BUILD-0965,integration_tests,123.11,test,False
BUILD-0965,package_build,39.32,package,False
BUILD-0966,compile,35.06,build,False
BUILD-0966,security_scan,36.23,verification,True
BUILD-0966,package_build,20.93,package,False
BUILD-0966,unit_tests,93.74,test,True
BUILD-0966,dependency_install,65.11,setup,False
BUILD-0966,deployment_validation,39.33,validate,False
BUILD-0967,unit_tests,150.42,test,True
BUILD-0967,security_scan,43.37,verification,True
BUILD-0967,compile,94.24,build,False
BUILD-0967,package_build,78.8,package,False
BUILD-0967,deployment_validation,50.09,validate,False
BUILD-0968,security_scan,68.19,verification,True
BUILD-0968,deployment_validation,37.39,validate,False
BUILD-0968,compile,29.86,build,False
BUILD-0968,integration_tests,159.73,test,True
BUILD-0968,dependency_install,13.03,setup,False
BUILD-0968,package_build,17.79,package,False
BUILD-0968,unit_tests,100.5,test,True
BUILD-0969,unit_tests,108.23,test,True
BUILD-0969,compile,142.48,build,False
BUILD-0969,integration_tests,164.39,test,True
BUILD-0969,dependency_install,107.11,setup,False
BUILD-0969,deployment_validation,36.18,validate,False
BUILD-0969,security_scan,159.41,verification,True
BUILD-0970,deployment_validation,32.51,validate,False
BUILD-0970,unit_tests,106.92,test,True
BUILD-0970,integration_tests,180.32,test,True
BUILD-0970,security_scan,66.77,verification,True
BUILD-0970,package_build,18.66,package,False
BUILD-0970,dependency_install,15.99,setup,False
BUILD-0971,deployment_validation,54.77,validate,False
BUILD-0971,integration_tests,200.0,test,False
BUILD-0971,security_scan,32.1,verification,False
BUILD-0971,dependency_install,41.53,setup,False
BUILD-0971,package_build,25.72,package,False
BUILD-0972,integration_tests,133.4,test,False
BUILD-0972,security_scan,31.61,verification,False
BUILD-0972,dependency_install,56.43,setup,False
BUILD-0972,package_build,23.01,package,False
BUILD-0972,compile,34.42,build,False
BUILD-0973,compile,161.89,build,False
BUILD-0973,unit_tests,108.53,test,True
BUILD-0973,package_build,109.51,package,False
BUILD-0973,integration_tests,182.41,test,True
BUILD-0973,security_scan,177.52,verification,True
BUILD-0973,dependency_install,111.63,setup,False
BUILD-0974,security_scan,25.79,verification,True
BUILD-0974,compile,32.6,build,False
BUILD-0974,package_build,15.38,package,False
BUILD-0974,integration_tests,165.78,test,True
BUILD-0974,unit_tests,76.16,test,True
BUILD-0974,dependency_install,16.72,setup,False
BUILD-0974,deployment_validation,44.0,validate,False
BUILD-0975,deployment_validation,37.27,validate,False
BUILD-0975,compile,28.72,build,False
BUILD-0975,security_scan,27.25,verification,False
BUILD-0975,unit_tests,102.85,test,False
BUILD-0975,package_build,44.5,package,False
BUILD-0975,dependency_install,19.34,setup,False
BUILD-0976,compile,56.69,build,False
BUILD-0976,dependency_install,78.17,setup,False
BUILD-0976,security_scan,60.74,verification,True
BUILD-0976,package_build,99.08,package,False
BUILD-0976,unit_tests,116.27,test,True
BUILD-0977,compile,19.99,build,False
BUILD-0977,deployment_validation,46.07,validate,False
BUILD-0977,package_build,26.76,package,False
BUILD-0977,security_scan,19.93,verification,True
BUILD-0977,dependency_install,16.81,setup,False
BUILD-0977,unit_tests,84.92,test,True
BUILD-0978,security_scan,28.1,verification,True
BUILD-0978,deployment_validation,33.25,validate,False
BUILD-0978,package_build,49.69,package,False
BUILD-0978,unit_tests,73.99,test,True
BUILD-0978,integration_tests,205.56,test,True
BUILD-0978,dependency_install,20.42,setup,False
BUILD-0979,security_scan,26.6,verification,True
BUILD-0979,package_build,19.06,package,False
BUILD-0979,compile,26.88,build,False
BUILD-0979,dependency_install,13.44,setup,False
BUILD-0979,integration_tests,165.74,test,True
BUILD-0979,deployment_validation,35.74,validate,False
BUILD-0979,unit_tests,100.59,test,True
BUILD-0980,dependency_install,11.85,setup,False
BUILD-0980,integration_tests,161.46,test,True
BUILD-0980,package_build,20.55,package,False
BUILD-0980,unit_tests,110.23,test,True
BUILD-0980,security_scan,56.5,verification,True
BUILD-0981,integration_tests,347.01,test,True
BUILD-0981,dependency_install,82.97,setup,False
BUILD-0981,compile,58.83,build,False
BUILD-0981,package_build,74.13,package,False
BUILD-0981,security_scan,95.28,verification,True
BUILD-0981,unit_tests,141.7,test,True
BUILD-0982,package_build,15.62,package,False
BUILD-0982,security_scan,20.7,verification,True
BUILD-0982,unit_tests,91.09,test,True
BUILD-0982,deployment_validation,33.52,validate,False
BUILD-0982,dependency_install,15.8,setup,False
BUILD-0982,compile,34.67,build,False
BUILD-0982,integration_tests,176.2,test,True
BUILD-0983,deployment_validation,41.48,validate,False
BUILD-0983,integration_tests,179.74,test,True
BUILD-0983,package_build,19.81,package,False
BUILD-0983,security_scan,75.05,verification,True
BUILD-0983,unit_tests,115.61,test,True
BUILD-0983,dependency_install,14.66,setup,False
BUILD-0983,compile,26.2,build,False
BUILD-0984,unit_tests,88.89,test,True
BUILD-0984,security_scan,36.06,verification,True
BUILD-0984,integration_tests,215.1,test,True
BUILD-0984,package_build,25.74,package,False
BUILD-0984,dependency_install,32.89,setup,False
BUILD-0985,compile,32.55,build,False
BUILD-0985,unit_tests,85.9,test,True
BUILD-0985,integration_tests,173.47,test,True
BUILD-0985,package_build,20.15,package,False
BUILD-0985,deployment_validation,32.01,validate,False
BUILD-0986,compile,39.88,build,False
BUILD-0986,integration_tests,241.89,test,True
BUILD-0986,deployment_validation,44.42,validate,False
BUILD-0986,dependency_install,35.7,setup,False
BUILD-0986,unit_tests,138.27,test,True
BUILD-0986,security_scan,127.47,verification,True
BUILD-0987,compile,80.05,build,False
BUILD-0987,unit_tests,86.57,test,True
BUILD-0987,integration_tests,200.79,test,True
BUILD-0987,deployment_validation,40.93,validate,False
BUILD-0987,package_build,127.05,package,False
BUILD-0987,security_scan,119.41,verification,True
BUILD-0988,integration_tests,195.9,test,False
BUILD-0988,dependency_install,46.55,setup,False
BUILD-0988,compile,81.48,build,False
BUILD-0988,deployment_validation,35.48,validate,False
BUILD-0988,security_scan,90.41,verification,False
BUILD-0988,package_build,20.88,package,False
BUILD-0988,unit_tests,94.57,test,False
BUILD-0989,deployment_validation,38.26,validate,False
BUILD-0989,dependency_install,14.85,setup,False
BUILD-0989,security_scan,24.93,verification,True
BUILD-0989,compile,25.09,build,False
BUILD-0989,package_build,17.79,package,False
BUILD-0989,integration_tests,244.03,test,True
BUILD-0989,unit_tests,99.27,test,True
BUILD-0990,integration_tests,160.62,test,False
BUILD-0990,dependency_install,56.54,setup,False
BUILD-0990,deployment_validation,51.63,validate,False
BUILD-0990,package_build,25.38,package,False
BUILD-0990,compile,39.53,build,False
BUILD-0990,unit_tests,91.65,test,False
BUILD-0991,deployment_validation,35.97,validate,False
BUILD-0991,compile,122.87,build,False
BUILD-0991,dependency_install,100.41,setup,False
BUILD-0991,package_build,93.57,package,False
BUILD-0991,security_scan,187.57,verification,True
BUILD-0992,security_scan,28.16,verification,True
BUILD-0992,unit_tests,86.76,test,True
BUILD-0992,integration_tests,210.06,test,True
BUILD-0992,deployment_validation,45.63,validate,False
BUILD-0992,dependency_install,13.22,setup,False
BUILD-0992,compile,32.72,build,False
BUILD-0993,security_scan,118.7,verification,True
BUILD-0993,deployment_validation,38.32,validate,False
BUILD-0993,package_build,49.97,package,False
BUILD-0993,compile,161.76,build,False
BUILD-0993,dependency_install,79.21,setup,False
BUILD-0993,integration_tests,159.72,test,True
BUILD-0994,compile,28.58,build,False
BUILD-0994,unit_tests,105.19,test,True
BUILD-0994,package_build,16.89,package,False
BUILD-0994,security_scan,27.1,verification,True
BUILD-0994,integration_tests,200.98,test,True
BUILD-0995,compile,43.31,build,False
BUILD-0995,security_scan,37.86,verification,False
BUILD-0995,unit_tests,115.57,test,False
BUILD-0995,package_build,23.48,package,False
BUILD-0995,deployment_validation,40.19,validate,False
BUILD-0995,integration_tests,203.57,test,False
BUILD-0996,unit_tests,105.43,test,True
BUILD-0996,integration_tests,179.05,test,True
BUILD-0996,package_build,15.26,package,False
BUILD-0996,dependency_install,18.8,setup,False
BUILD-0996,compile,80.66,build,False
BUILD-0997,compile,93.24,build,False
BUILD-0997,package_build,45.82,package,False
BUILD-0997,integration_tests,666.2,test,True
BUILD-0997,deployment_validation,46.82,validate,False
BUILD-0997,security_scan,74.19,verification,True
BUILD-0997,dependency_install,47.1,setup,False
BUILD-0998,integration_tests,148.76,test,True
BUILD-0998,dependency_install,47.18,setup,False
BUILD-0998,unit_tests,75.56,test,True
BUILD-0998,compile,145.93,build,False
BUILD-0998,deployment_validation,43.01,validate,False
BUILD-0998,security_scan,120.18,verification,True
BUILD-0998,package_build,136.94,package,False
BUILD-0999,deployment_validation,49.17,validate,False
BUILD-0999,integration_tests,229.27,test,True
BUILD-0999,security_scan,32.27,verification,True
BUILD-0999,unit_tests,116.32,test,True
BUILD-0999,dependency_install,80.48,setup,False
BUILD-0999,package_build,34.26,package,False
BUILD-1000,unit_tests,71.78,test,True
BUILD-1000,dependency_install,17.06,setup,False
BUILD-1000,deployment_validation,28.55,validate,False
BUILD-1000,compile,31.23,build,False
BUILD-1000,package_build,20.44,package,False
BUILD-1000,security_scan,19.47,verification,True
BUILD-1000,integration_tests,188.87,test,True
BUILD-1001,dependency_install,18.89,setup,False
BUILD-1001,integration_tests,198.19,test,True
BUILD-1001,compile,20.96,build,False
BUILD-1001,security_scan,36.69,verification,True
BUILD-1001,unit_tests,95.43,test,True
BUILD-1001,deployment_validation,38.45,validate,False
BUILD-1001,package_build,25.82,package,False
BUILD-1002,integration_tests,193.11,test,True
BUILD-1002,security_scan,204.75,verification,True
BUILD-1002,unit_tests,72.87,test,True
BUILD-1002,compile,225.52,build,False
BUILD-1002,dependency_install,110.6,setup,False
BUILD-1003,dependency_install,13.89,setup,False
BUILD-1003,security_scan,28.93,verification,True
BUILD-1003,unit_tests,81.65,test,True
BUILD-1003,integration_tests,142.95,test,True
BUILD-1003,deployment_validation,47.08,validate,False
BUILD-1004,dependency_install,24.06,setup,False
BUILD-1004,integration_tests,201.62,test,False
BUILD-1004,security_scan,41.23,verification,False
BUILD-1004,deployment_validation,43.35,validate,False
BUILD-1004,compile,35.16,build,False
BUILD-1004,unit_tests,99.89,test,False
BUILD-1004,package_build,59.33,package,False
BUILD-1005,compile,39.68,build,False
BUILD-1005,integration_tests,176.27,test,True
BUILD-1005,dependency_install,30.42,setup,False
BUILD-1005,security_scan,42.17,verification,True
BUILD-1005,deployment_validation,60.72,validate,False
BUILD-1006,deployment_validation,41.2,validate,False
BUILD-1006,unit_tests,123.46,test,True
BUILD-1006,security_scan,26.86,verification,True
BUILD-1006,package_build,18.18,package,False
BUILD-1006,dependency_install,38.07,setup,False
BUILD-1006,integration_tests,178.24,test,True
BUILD-1007,package_build,37.53,package,False
BUILD-1007,security_scan,34.43,verification,True
BUILD-1007,integration_tests,161.1,test,True
BUILD-1007,dependency_install,19.57,setup,False
BUILD-1007,deployment_validation,32.45,validate,False
BUILD-1008,unit_tests,107.53,test,True
BUILD-1008,deployment_validation,28.39,validate,False
BUILD-1008,compile,27.37,build,False
BUILD-1008,package_build,11.29,package,False
BUILD-1008,integration_tests,189.55,test,True
BUILD-1008,security_scan,20.9,verification,True
BUILD-1009,compile,81.96,build,False
BUILD-1009,integration_tests,129.51,test,True
BUILD-1009,security_scan,21.13,verification,True
BUILD-1009,dependency_install,13.61,setup,False
BUILD-1009,unit_tests,114.89,test,True
BUILD-1009,package_build,17.05,package,False
BUILD-1010,integration_tests,213.68,test,True
BUILD-1010,unit_tests,83.02,test,True
BUILD-1010,compile,30.89,build,False
BUILD-1010,package_build,16.36,package,False
BUILD-1010,dependency_install,13.76,setup,False
BUILD-1011,security_scan,31.29,verification,True
BUILD-1011,compile,329.46,build,False
BUILD-1011,dependency_install,14.38,setup,False
BUILD-1011,unit_tests,95.33,test,True
BUILD-1011,integration_tests,602.2,test,True
BUILD-1011,package_build,23.15,package,False
BUILD-1011,deployment_validation,47.86,validate,False
BUILD-1012,compile,77.79,build,False
BUILD-1012,deployment_validation,43.55,validate,False
BUILD-1012,dependency_install,104.85,setup,False
BUILD-1012,unit_tests,89.44,test,True
BUILD-1012,security_scan,75.42,verification,True
BUILD-1012,package_build,83.81,package,False
BUILD-1012,integration_tests,163.5,test,True
BUILD-1013,compile,64.11,build,False
BUILD-1013,deployment_validation,34.45,validate,False
BUILD-1013,unit_tests,148.29,test,True
BUILD-1013,integration_tests,256.99,test,True
BUILD-1013,package_build,23.54,package,False
BUILD-1013,security_scan,96.66,verification,True
BUILD-1013,dependency_install,78.25,setup,False
BUILD-1014,unit_tests,62.31,test,True
BUILD-1014,deployment_validation,41.82,validate,False
BUILD-1014,dependency_install,17.71,setup,False
BUILD-1014,integration_tests,198.94,test,True
BUILD-1014,compile,31.31,build,False
BUILD-1015,compile,31.91,build,False
BUILD-1015,security_scan,23.08,verification,True
BUILD-1015,package_build,12.06,package,False
BUILD-1015,integration_tests,211.53,test,True
BUILD-1015,deployment_validation,35.35,validate,False
BUILD-1016,compile,98.64,build,False
BUILD-1016,dependency_install,35.77,setup,False
BUILD-1016,security_scan,52.37,verification,True
BUILD-1016,deployment_validation,72.61,validate,False
BUILD-1016,package_build,27.39,package,False
BUILD-1016,integration_tests,215.95,test,True
BUILD-1016,unit_tests,156.36,test,True
BUILD-1017,unit_tests,93.38,test,False
BUILD-1017,compile,41.86,build,False
BUILD-1017,dependency_install,20.37,setup,False
BUILD-1017,integration_tests,166.94,test,False
BUILD-1017,deployment_validation,38.52,validate,False
BUILD-1017,package_build,21.93,package,False
BUILD-1017,security_scan,76.34,verification,False
BUILD-1018,compile,32.99,build,False
BUILD-1018,dependency_install,13.47,setup,False
BUILD-1018,deployment_validation,37.51,validate,False
BUILD-1018,integration_tests,160.44,test,True
BUILD-1018,unit_tests,99.48,test,True
BUILD-1018,security_scan,23.18,verification,True
BUILD-1019,package_build,26.66,package,False
BUILD-1019,security_scan,96.94,verification,True
BUILD-1019,deployment_validation,71.66,validate,False
BUILD-1019,dependency_install,22.93,setup,False
BUILD-1019,unit_tests,205.21,test,True
BUILD-1019,integration_tests,243.82,test,True
BUILD-1019,compile,85.98,build,False
BUILD-1020,dependency_install,45.23,setup,False
BUILD-1020,integration_tests,177.79,test,True
BUILD-1020,deployment_validation,45.95,validate,False
BUILD-1020,unit_tests,105.65,test,True
BUILD-1020,security_scan,32.91,verification,True
BUILD-1020,compile,38.43,build,False
BUILD-1020,package_build,22.15,package,False
BUILD-1021,dependency_install,19.47,setup,False
BUILD-1021,package_build,19.49,package,False
BUILD-1021,deployment_validation,40.85,validate,False
BUILD-1021,unit_tests,118.85,test,True
BUILD-1021,compile,31.68,build,False
BUILD-1021,integration_tests,160.19,test,True
BUILD-1021,security_scan,31.78,verification,True
BUILD-1022,unit_tests,91.96,test,True
BUILD-1022,dependency_install,14.11,setup,False
BUILD-1022,security_scan,55.54,verification,True
BUILD-1022,deployment_validation,50.2,validate,False
BUILD-1022,package_build,28.37,package,False
BUILD-1022,integration_tests,565.68,test,True
BUILD-1023,dependency_install,16.95,setup,False
BUILD-1023,package_build,37.82,package,False
BUILD-1023,integration_tests,135.18,test,True
BUILD-1023,deployment_validation,52.16,validate,False
BUILD-1023,security_scan,41.23,verification,True
BUILD-1023,compile,66.55,build,False
BUILD-1023,unit_tests,94.88,test,True
BUILD-1024,integration_tests,178.45,test,True
BUILD-1024,unit_tests,94.28,test,True
BUILD-1024,package_build,17.92,package,False
BUILD-1024,dependency_install,17.31,setup,False
BUILD-1024,security_scan,59.09,verification,True
BUILD-1024,deployment_validation,50.13,validate,False
BUILD-1024,compile,29.03,build,False
BUILD-1025,deployment_validation,36.23,validate,False
BUILD-1025,compile,179.44,build,False
BUILD-1025,dependency_install,19.47,setup,False
BUILD-1025,security_scan,32.81,verification,True
BUILD-1025,integration_tests,579.13,test,True
BUILD-1025,unit_tests,80.79,test,True
BUILD-1026,package_build,17.01,package,False
BUILD-1026,compile,26.52,build,False
BUILD-1026,deployment_validation,36.28,validate,False
BUILD-1026,dependency_install,40.31,setup,False
BUILD-1026,security_scan,25.57,verification,True
BUILD-1026,integration_tests,217.2,test,True
BUILD-1026,unit_tests,94.84,test,True
BUILD-1027,integration_tests,177.94,test,True
BUILD-1027,package_build,18.38,package,False
BUILD-1027,dependency_install,14.01,setup,False
BUILD-1027,unit_tests,110.06,test,True
BUILD-1027,deployment_validation,45.8,validate,False
BUILD-1027,security_scan,27.14,verification,True
BUILD-1028,dependency_install,108.89,setup,False
BUILD-1028,package_build,99.02,package,False
BUILD-1028,security_scan,141.37,verification,True
BUILD-1028,unit_tests,129.95,test,True
BUILD-1028,deployment_validation,51.9,validate,False
BUILD-1028,integration_tests,180.32,test,True
BUILD-1029,dependency_install,17.72,setup,False
BUILD-1029,package_build,17.94,package,False
BUILD-1029,integration_tests,171.23,test,True
BUILD-1029,unit_tests,94.05,test,True
BUILD-1029,deployment_validation,42.6,validate,False
BUILD-1029,security_scan,17.13,verification,True
BUILD-1029,compile,90.48,build,False
BUILD-1030,security_scan,33.77,verification,False
BUILD-1030,integration_tests,172.41,test,False
BUILD-1030,deployment_validation,39.03,validate,False
BUILD-1030,unit_tests,105.08,test,False
BUILD-1030,dependency_install,43.26,setup,False
BUILD-1030,package_build,56.52,package,False
BUILD-1031,unit_tests,150.36,test,True
BUILD-1031,deployment_validation,66.57,validate,False
BUILD-1031,package_build,35.45,package,False
BUILD-1031,compile,45.55,build,False
BUILD-1031,dependency_install,32.94,setup,False
BUILD-1031,integration_tests,355.35,test,True
BUILD-1031,security_scan,49.71,verification,True
BUILD-1032,dependency_install,17.04,setup,False
BUILD-1032,integration_tests,730.06,test,True
BUILD-1032,security_scan,36.45,verification,True
BUILD-1032,package_build,56.48,package,False
BUILD-1032,deployment_validation,39.91,validate,False
BUILD-1033,dependency_install,18.3,setup,False
BUILD-1033,compile,92.84,build,False
BUILD-1033,package_build,19.2,package,False
BUILD-1033,unit_tests,96.74,test,True
BUILD-1033,deployment_validation,37.49,validate,False
BUILD-1033,security_scan,27.6,verification,True
BUILD-1034,unit_tests,84.8,test,True
BUILD-1034,deployment_validation,46.73,validate,False
BUILD-1034,dependency_install,18.24,setup,False
BUILD-1034,compile,33.22,build,False
BUILD-1034,security_scan,29.34,verification,True
BUILD-1035,package_build,24.04,package,False
BUILD-1035,dependency_install,11.0,setup,False
BUILD-1035,security_scan,36.33,verification,True
BUILD-1035,integration_tests,218.78,test,True
BUILD-1035,compile,30.33,build,False
BUILD-1035,unit_tests,81.14,test,True
BUILD-1035,deployment_validation,37.3,validate,False
BUILD-1036,deployment_validation,41.34,validate,False
BUILD-1036,compile,105.97,build,False
BUILD-1036,package_build,103.39,package,False
BUILD-1036,integration_tests,221.56,test,True
BUILD-1036,security_scan,113.29,verification,True
BUILD-1037,security_scan,33.18,verification,False
BUILD-1037,integration_tests,131.15,test,False
BUILD-1037,unit_tests,104.05,test,False
BUILD-1037,deployment_validation,39.29,validate,False
BUILD-1037,dependency_install,18.87,setup,False
BUILD-1038,security_scan,25.4,verification,True
BUILD-1038,package_build,20.59,package,False
BUILD-1038,compile,29.71,build,False
BUILD-1038,deployment_validation,31.75,validate,False
BUILD-1038,unit_tests,88.25,test,True
BUILD-1039,compile,39.91,build,False
BUILD-1039,unit_tests,128.76,test,True
BUILD-1039,integration_tests,217.68,test,True
BUILD-1039,dependency_install,20.98,setup,False
BUILD-1039,package_build,23.52,package,False
BUILD-1040,unit_tests,91.13,test,True
BUILD-1040,integration_tests,167.47,test,True
BUILD-1040,security_scan,28.95,verification,True
BUILD-1040,dependency_install,15.71,setup,False
BUILD-1040,package_build,21.89,package,False
BUILD-1040,deployment_validation,40.21,validate,False
BUILD-1041,integration_tests,163.76,test,True
BUILD-1041,package_build,90.58,package,False
BUILD-1041,security_scan,191.54,verification,True
BUILD-1041,dependency_install,71.29,setup,False
BUILD-1041,compile,139.69,build,False
BUILD-1042,package_build,42.84,package,False
BUILD-1042,dependency_install,50.82,setup,False
BUILD-1042,compile,199.13,build,False
BUILD-1042,integration_tests,802.27,test,True
BUILD-1042,security_scan,25.5,verification,True
BUILD-1042,deployment_validation,34.74,validate,False
BUILD-1043,package_build,23.41,package,False
BUILD-1043,integration_tests,204.16,test,True
BUILD-1043,unit_tests,76.78,test,True
BUILD-1043,deployment_validation,38.28,validate,False
BUILD-1043,security_scan,28.58,verification,True
BUILD-1043,dependency_install,16.88,setup,False
BUILD-1044,deployment_validation,45.66,validate,False
BUILD-1044,dependency_install,42.73,setup,False
BUILD-1044,unit_tests,116.7,test,True
BUILD-1044,integration_tests,158.79,test,True
BUILD-1044,package_build,144.63,package,False
BUILD-1044,compile,166.06,build,False
BUILD-1044,security_scan,142.76,verification,True
BUILD-1045,deployment_validation,37.33,validate,False
BUILD-1045,package_build,26.57,package,False
BUILD-1045,dependency_install,20.69,setup,False
BUILD-1045,security_scan,73.93,verification,True
BUILD-1045,compile,40.87,build,False
BUILD-1045,unit_tests,107.05,test,True
BUILD-1045,integration_tests,170.76,test,True
BUILD-1046,deployment_validation,42.74,validate,False
BUILD-1046,package_build,51.6,package,False
BUILD-1046,compile,77.56,build,False
BUILD-1046,unit_tests,98.01,test,True
BUILD-1046,security_scan,90.66,verification,True
BUILD-1047,integration_tests,212.58,test,True
BUILD-1047,security_scan,63.49,verification,True
BUILD-1047,dependency_install,92.1,setup,False
BUILD-1047,deployment_validation,59.66,validate,False
BUILD-1047,unit_tests,102.7,test,True
BUILD-1048,compile,39.21,build,False
BUILD-1048,package_build,27.25,package,False
BUILD-1048,security_scan,33.43,verification,True
BUILD-1048,deployment_validation,44.9,validate,False
BUILD-1048,dependency_install,37.85,setup,False
BUILD-1048,integration_tests,206.57,test,True
BUILD-1049,integration_tests,198.14,test,True
BUILD-1049,unit_tests,70.56,test,True
BUILD-1049,package_build,131.72,package,False
BUILD-1049,deployment_validation,26.55,validate,False
BUILD-1049,security_scan,139.68,verification,True
BUILD-1049,compile,115.36,build,False
BUILD-1049,dependency_install,99.52,setup,False
BUILD-1050,dependency_install,39.8,setup,False
BUILD-1050,compile,222.55,build,False
BUILD-1050,package_build,78.07,package,False
BUILD-1050,unit_tests,51.81,test,True
BUILD-1050,security_scan,185.96,verification,True
BUILD-1050,integration_tests,132.3,test,True
BUILD-1051,security_scan,29.06,verification,False
BUILD-1051,unit_tests,74.71,test,False
BUILD-1051,package_build,20.83,package,False
BUILD-1051,compile,28.41,build,False
BUILD-1051,dependency_install,46.1,setup,False
BUILD-1052,security_scan,28.77,verification,True
BUILD-1052,integration_tests,201.12,test,True
BUILD-1052,dependency_install,15.56,setup,False
BUILD-1052,package_build,14.9,package,False
BUILD-1052,unit_tests,97.27,test,True
BUILD-1053,dependency_install,102.34,setup,False
BUILD-1053,integration_tests,133.69,test,True
BUILD-1053,compile,202.55,build,False
BUILD-1053,unit_tests,95.47,test,True
BUILD-1053,security_scan,215.39,verification,True
BUILD-1053,package_build,119.65,package,False
BUILD-1054,compile,89.31,build,False
BUILD-1054,package_build,16.23,package,False
BUILD-1054,dependency_install,18.67,setup,False
BUILD-1054,deployment_validation,38.47,validate,False
BUILD-1054,security_scan,22.82,verification,True
BUILD-1054,integration_tests,192.83,test,True
BUILD-1055,unit_tests,109.56,test,True
BUILD-1055,security_scan,26.51,verification,True
BUILD-1055,deployment_validation,33.7,validate,False
BUILD-1055,dependency_install,38.86,setup,False
BUILD-1055,package_build,55.7,package,False
BUILD-1055,compile,72.6,build,False
BUILD-1056,dependency_install,18.41,setup,False
BUILD-1056,security_scan,69.66,verification,True
BUILD-1056,integration_tests,422.56,test,True
BUILD-1056,compile,257.62,build,False
BUILD-1056,deployment_validation,52.67,validate,False
BUILD-1056,unit_tests,82.74,test,True
BUILD-1057,integration_tests,583.66,test,True
BUILD-1057,compile,150.71,build,False
BUILD-1057,security_scan,76.52,verification,True
BUILD-1057,package_build,57.11,package,False
BUILD-1057,unit_tests,90.64,test,True
BUILD-1057,dependency_install,16.49,setup,False
BUILD-1058,compile,149.45,build,False
BUILD-1058,deployment_validation,50.38,validate,False
BUILD-1058,integration_tests,119.37,test,True
BUILD-1058,package_build,131.58,package,False
BUILD-1058,dependency_install,57.95,setup,False
BUILD-1059,package_build,48.31,package,False
BUILD-1059,integration_tests,548.9,test,True
BUILD-1059,dependency_install,41.23,setup,False
BUILD-1059,unit_tests,90.55,test,True
BUILD-1059,compile,120.14,build,False
BUILD-1059,deployment_validation,36.24,validate,False
BUILD-1059,security_scan,37.31,verification,True
BUILD-1060,integration_tests,192.45,test,True
BUILD-1060,security_scan,24.58,verification,True
BUILD-1060,dependency_install,10.37,setup,False
BUILD-1060,unit_tests,93.24,test,True
BUILD-1060,compile,26.43,build,False
BUILD-1060,deployment_validation,42.95,validate,False
BUILD-1061,dependency_install,13.21,setup,False
BUILD-1061,compile,16.35,build,False
BUILD-1061,deployment_validation,38.92,validate,False
BUILD-1061,security_scan,30.84,verification,True
BUILD-1061,unit_tests,96.74,test,True
BUILD-1061,package_build,55.65,package,False
BUILD-1061,integration_tests,182.7,test,True
BUILD-1062,deployment_validation,34.78,validate,False
BUILD-1062,security_scan,24.22,verification,True
BUILD-1062,dependency_install,12.13,setup,False
BUILD-1062,package_build,19.57,package,False
BUILD-1062,integration_tests,184.32,test,True
BUILD-1062,compile,22.88,build,False
BUILD-1062,unit_tests,83.57,test,True
BUILD-1063,unit_tests,108.17,test,False
BUILD-1063,dependency_install,54.99,setup,False
BUILD-1063,integration_tests,176.38,test,False
BUILD-1063,security_scan,55.67,verification,False
BUILD-1063,compile,82.86,build,False
BUILD-1063,deployment_validation,50.71,validate,False
BUILD-1063,package_build,37.83,package,False
BUILD-1064,unit_tests,97.51,test,True
BUILD-1064,deployment_validation,42.71,validate,False
BUILD-1064,package_build,49.45,package,False
BUILD-1064,dependency_install,17.85,setup,False
BUILD-1064,security_scan,80.67,verification,True
BUILD-1065,security_scan,23.02,verification,True
BUILD-1065,compile,104.32,build,False
BUILD-1065,dependency_install,13.64,setup,False
BUILD-1065,deployment_validation,32.5,validate,False
BUILD-1065,package_build,18.48,package,False
BUILD-1065,integration_tests,145.29,test,True
BUILD-1065,unit_tests,76.44,test,True
BUILD-1066,security_scan,126.28,verification,True
BUILD-1066,dependency_install,91.44,setup,False
BUILD-1066,package_build,92.87,package,False
BUILD-1066,integration_tests,217.54,test,True
BUILD-1066,compile,194.79,build,False
BUILD-1066,unit_tests,122.49,test,True
BUILD-1066,deployment_validation,40.28,validate,False
BUILD-1067,security_scan,32.96,verification,True
BUILD-1067,unit_tests,97.97,test,True
BUILD-1067,integration_tests,527.94,test,True
BUILD-1067,compile,71.39,build,False
BUILD-1067,deployment_validation,43.82,validate,False
BUILD-1068,dependency_install,90.11,setup,False
BUILD-1068,compile,154.98,build,False
BUILD-1068,security_scan,80.41,verification,True
BUILD-1068,deployment_validation,37.84,validate,False
BUILD-1068,package_build,140.83,package,False
BUILD-1068,unit_tests,93.0,test,True
BUILD-1068,integration_tests,165.82,test,True
BUILD-1069,package_build,20.05,package,False
BUILD-1069,unit_tests,107.44,test,True
BUILD-1069,integration_tests,189.8,test,True
BUILD-1069,compile,20.77,build,False
BUILD-1069,deployment_validation,37.85,validate,False
BUILD-1069,dependency_install,12.86,setup,False
BUILD-1070,security_scan,147.95,verification,True
BUILD-1070,package_build,105.19,package,False
BUILD-1070,dependency_install,45.2,setup,False
BUILD-1070,integration_tests,162.72,test,True
BUILD-1070,unit_tests,116.14,test,True
BUILD-1071,security_scan,55.31,verification,True
BUILD-1071,package_build,33.85,package,False
BUILD-1071,compile,354.42,build,False
BUILD-1071,integration_tests,469.55,test,True
BUILD-1071,deployment_validation,31.43,validate,False
BUILD-1072,integration_tests,887.69,test,True
BUILD-1072,deployment_validation,39.83,validate,False
BUILD-1072,package_build,27.1,package,False
BUILD-1072,dependency_install,49.47,setup,False
BUILD-1072,unit_tests,83.27,test,True
BUILD-1072,compile,189.25,build,False
BUILD-1073,security_scan,33.37,verification,False
BUILD-1073,dependency_install,46.15,setup,False
BUILD-1073,package_build,19.64,package,False
BUILD-1073,compile,39.28,build,False
BUILD-1073,unit_tests,84.23,test,False
BUILD-1073,integration_tests,177.25,test,False
BUILD-1073,deployment_validation,48.68,validate,False
BUILD-1074,compile,388.3,build,False
BUILD-1074,deployment_validation,29.84,validate,False
BUILD-1074,package_build,18.84,package,False
BUILD-1074,unit_tests,89.82,test,True
BUILD-1074,dependency_install,18.3,setup,False
BUILD-1074,security_scan,73.33,verification,True
BUILD-1074,integration_tests,503.8,test,True
BUILD-1075,package_build,49.67,package,False
BUILD-1075,compile,110.91,build,False
BUILD-1075,integration_tests,688.52,test,True
BUILD-1075,security_scan,29.53,verification,True
BUILD-1075,deployment_validation,27.82,validate,False
BUILD-1076,deployment_validation,40.07,validate,False
BUILD-1076,unit_tests,116.45,test,True
BUILD-1076,package_build,14.66,package,False
BUILD-1076,security_scan,25.1,verification,True
BUILD-1076,integration_tests,220.37,test,True
BUILD-1077,integration_tests,190.64,test,True
BUILD-1077,unit_tests,83.57,test,True
BUILD-1077,security_scan,64.7,verification,True
BUILD-1077,compile,159.77,build,False
BUILD-1077,dependency_install,87.06,setup,False
BUILD-1077,deployment_validation,56.33,validate,False
BUILD-1077,package_build,111.03,package,False
BUILD-1078,security_scan,75.59,verification,True
BUILD-1078,unit_tests,78.7,test,True
BUILD-1078,deployment_validation,41.48,validate,False
BUILD-1078,dependency_install,18.82,setup,False
BUILD-1078,integration_tests,156.77,test,True
BUILD-1078,package_build,15.17,package,False
BUILD-1078,compile,30.99,build,False
BUILD-1079,security_scan,30.4,verification,True
BUILD-1079,package_build,27.48,package,False
BUILD-1079,integration_tests,156.41,test,True
BUILD-1079,unit_tests,117.01,test,True
BUILD-1079,compile,34.19,build,False
BUILD-1080,unit_tests,79.02,test,True
BUILD-1080,deployment_validation,27.59,validate,False
BUILD-1080,compile,28.38,build,False
BUILD-1080,security_scan,22.87,verification,True
BUILD-1080,dependency_install,15.77,setup,False
BUILD-1081,deployment_validation,41.31,validate,False
BUILD-1081,compile,33.45,build,False
BUILD-1081,dependency_install,11.58,setup,False
BUILD-1081,integration_tests,169.02,test,True
BUILD-1081,package_build,15.2,package,False
BUILD-1081,unit_tests,73.47,test,True
BUILD-1082,unit_tests,94.1,test,True
BUILD-1082,dependency_install,16.89,setup,False
BUILD-1082,package_build,20.34,package,False
BUILD-1082,deployment_validation,38.0,validate,False
BUILD-1082,security_scan,30.09,verification,True
BUILD-1083,security_scan,16.65,verification,True
BUILD-1083,dependency_install,16.27,setup,False
BUILD-1083,compile,35.02,build,False
BUILD-1083,deployment_validation,43.43,validate,False
BUILD-1083,unit_tests,103.96,test,True
BUILD-1084,unit_tests,81.83,test,True
BUILD-1084,deployment_validation,36.56,validate,False
BUILD-1084,security_scan,81.73,verification,True
BUILD-1084,integration_tests,124.63,test,True
BUILD-1084,compile,153.97,build,False
BUILD-1084,dependency_install,36.02,setup,False
BUILD-1085,security_scan,29.51,verification,False
BUILD-1085,deployment_validation,43.76,validate,False
BUILD-1085,unit_tests,93.45,test,False
BUILD-1085,compile,61.45,build,False
BUILD-1085,package_build,17.44,package,False
BUILD-1085,integration_tests,179.84,test,False
BUILD-1085,dependency_install,39.79,setup,False
BUILD-1086,deployment_validation,38.71,validate,False
BUILD-1086,package_build,61.57,package,False
BUILD-1086,security_scan,36.2,verification,True
BUILD-1086,dependency_install,22.99,setup,False
BUILD-1086,unit_tests,87.88,test,True
BUILD-1087,integration_tests,652.02,test,True
BUILD-1087,package_build,48.53,package,False
BUILD-1087,unit_tests,100.84,test,True
BUILD-1087,compile,130.76,build,False
BUILD-1087,deployment_validation,48.96,validate,False
BUILD-1087,dependency_install,43.92,setup,False
BUILD-1088,dependency_install,35.27,setup,False
BUILD-1088,compile,65.01,build,False
BUILD-1088,integration_tests,203.2,test,True
BUILD-1088,security_scan,53.75,verification,True
BUILD-1088,deployment_validation,69.06,validate,False
BUILD-1088,unit_tests,157.81,test,True
BUILD-1089,security_scan,20.41,verification,True
BUILD-1089,dependency_install,15.29,setup,False
BUILD-1089,package_build,18.93,package,False
BUILD-1089,integration_tests,179.45,test,True
BUILD-1089,unit_tests,81.06,test,True
BUILD-1089,deployment_validation,35.62,validate,False
BUILD-1089,compile,30.96,build,False
BUILD-1090,integration_tests,213.85,test,True
BUILD-1090,package_build,33.78,package,False
BUILD-1090,unit_tests,156.36,test,True
BUILD-1090,compile,60.12,build,False
BUILD-1090,dependency_install,26.58,setup,False
BUILD-1091,dependency_install,40.54,setup,False
BUILD-1091,integration_tests,152.54,test,True
BUILD-1091,compile,33.27,build,False
BUILD-1091,unit_tests,114.41,test,True
BUILD-1091,deployment_validation,37.81,validate,False
BUILD-1091,package_build,66.51,package,False
BUILD-1091,security_scan,21.76,verification,True
BUILD-1092,security_scan,83.9,verification,True
BUILD-1092,compile,191.47,build,False
BUILD-1092,package_build,98.23,package,False
BUILD-1092,unit_tests,95.98,test,True
BUILD-1092,dependency_install,49.81,setup,False
BUILD-1092,integration_tests,173.81,test,True
BUILD-1092,deployment_validation,40.9,validate,False
BUILD-1093,deployment_validation,43.95,validate,False
BUILD-1093,integration_tests,278.27,test,True
BUILD-1093,compile,121.68,build,False
BUILD-1093,unit_tests,128.83,test,True
BUILD-1093,package_build,22.07,package,False
BUILD-1093,dependency_install,33.22,setup,False
BUILD-1094,package_build,42.08,package,False
BUILD-1094,compile,101.59,build,False
BUILD-1094,dependency_install,19.2,setup,False
BUILD-1094,deployment_validation,38.31,validate,False
BUILD-1094,unit_tests,104.14,test,False
BUILD-1094,integration_tests,230.87,test,False
BUILD-1095,unit_tests,80.73,test,True
BUILD-1095,security_scan,24.82,verification,True
BUILD-1095,deployment_validation,36.81,validate,False
BUILD-1095,compile,30.96,build,False
BUILD-1095,dependency_install,17.63,setup,False
BUILD-1095,package_build,21.79,package,False
BUILD-1096,deployment_validation,31.56,validate,False
BUILD-1096,package_build,14.09,package,False
BUILD-1096,dependency_install,18.85,setup,False
BUILD-1096,integration_tests,199.26,test,True
BUILD-1096,security_scan,20.73,verification,True
BUILD-1097,deployment_validation,43.64,validate,False
BUILD-1097,package_build,17.18,package,False
BUILD-1097,dependency_install,19.2,setup,False
BUILD-1097,unit_tests,116.93,test,True
BUILD-1097,security_scan,25.26,verification,True
BUILD-1097,integration_tests,153.61,test,True
BUILD-1097,compile,35.3,build,False
BUILD-1098,compile,158.27,build,False
BUILD-1098,security_scan,73.6,verification,True
BUILD-1098,dependency_install,89.2,setup,False
BUILD-1098,package_build,91.76,package,False
BUILD-1098,unit_tests,99.96,test,True
BUILD-1099,compile,198.66,build,False
BUILD-1099,integration_tests,212.62,test,True
BUILD-1099,dependency_install,33.15,setup,False
BUILD-1099,package_build,159.37,package,False
BUILD-1099,unit_tests,95.82,test,True
BUILD-1099,deployment_validation,46.44,validate,False
BUILD-1099,security_scan,130.25,verification,True
BUILD-1100,unit_tests,94.48,test,True
BUILD-1100,security_scan,49.95,verification,True
BUILD-1100,package_build,130.22,package,False
BUILD-1100,compile,177.92,build,False
BUILD-1100,dependency_install,110.74,setup,False
BUILD-1100,deployment_validation,44.52,validate,False
BUILD-1100,integration_tests,181.01,test,True
BUILD-1101,unit_tests,75.9,test,True
BUILD-1101,integration_tests,171.36,test,True
BUILD-1101,deployment_validation,40.87,validate,False
BUILD-1101,dependency_install,11.42,setup,False
BUILD-1101,compile,24.5,build,False
BUILD-1101,security_scan,22.0,verification,True
BUILD-1101,package_build,15.41,package,False
BUILD-1102,integration_tests,185.18,test,True
BUILD-1102,dependency_install,19.11,setup,False
BUILD-1102,package_build,15.34,package,False
BUILD-1102,security_scan,16.77,verification,True
BUILD-1102,unit_tests,116.3,test,True
BUILD-1102,compile,56.32,build,False
BUILD-1102,deployment_validation,45.79,validate,False
BUILD-1103,compile,169.94,build,False
BUILD-1103,security_scan,140.43,verification,True
BUILD-1103,deployment_validation,43.02,validate,False
BUILD-1103,package_build,128.5,package,False
BUILD-1103,dependency_install,87.61,setup,False
BUILD-1104,unit_tests,108.26,test,True
BUILD-1104,package_build,126.52,package,False
BUILD-1104,dependency_install,79.28,setup,False
BUILD-1104,deployment_validation,45.61,validate,False
BUILD-1104,security_scan,167.59,verification,True
BUILD-1105,compile,75.59,build,False
BUILD-1105,dependency_install,125.99,setup,False
BUILD-1105,deployment_validation,40.69,validate,False
BUILD-1105,package_build,115.94,package,False
BUILD-1105,integration_tests,170.78,test,True
BUILD-1105,unit_tests,80.75,test,True
BUILD-1105,security_scan,93.03,verification,True
BUILD-1106,security_scan,29.14,verification,True
BUILD-1106,dependency_install,21.1,setup,False
BUILD-1106,compile,41.32,build,False
BUILD-1106,package_build,24.68,package,False
BUILD-1106,unit_tests,127.94,test,True
BUILD-1107,compile,175.42,build,False
BUILD-1107,package_build,102.6,package,False
BUILD-1107,security_scan,136.96,verification,True
BUILD-1107,integration_tests,178.16,test,True
BUILD-1107,deployment_validation,34.11,validate,False
BUILD-1108,deployment_validation,42.22,validate,False
BUILD-1108,integration_tests,145.88,test,True
BUILD-1108,security_scan,36.07,verification,True
BUILD-1108,package_build,43.91,package,False
BUILD-1108,unit_tests,78.14,test,True
BUILD-1109,unit_tests,69.95,test,True
BUILD-1109,integration_tests,195.92,test,True
BUILD-1109,dependency_install,25.84,setup,False
BUILD-1109,security_scan,150.42,verification,True
BUILD-1109,compile,222.34,build,False
BUILD-1109,deployment_validation,35.88,validate,False
BUILD-1110,unit_tests,113.15,test,True
BUILD-1110,deployment_validation,35.24,validate,False
BUILD-1110,package_build,25.08,package,False
BUILD-1110,integration_tests,211.7,test,True
BUILD-1110,compile,85.74,build,False
BUILD-1110,dependency_install,15.86,setup,False
BUILD-1111,unit_tests,135.83,test,True
BUILD-1111,dependency_install,38.91,setup,False
BUILD-1111,deployment_validation,56.95,validate,False
BUILD-1111,security_scan,23.2,verification,True
BUILD-1111,package_build,15.94,package,False
BUILD-1112,integration_tests,188.83,test,True
BUILD-1112,dependency_install,15.54,setup,False
BUILD-1112,compile,25.11,build,False
BUILD-1112,security_scan,24.27,verification,True
BUILD-1112,package_build,13.92,package,False
BUILD-1112,unit_tests,74.83,test,True
BUILD-1113,integration_tests,215.13,test,True
BUILD-1113,deployment_validation,43.51,validate,False
BUILD-1113,compile,26.87,build,False
BUILD-1113,dependency_install,46.12,setup,False
BUILD-1113,security_scan,28.4,verification,True
BUILD-1113,package_build,14.37,package,False
BUILD-1113,unit_tests,80.57,test,True
BUILD-1114,integration_tests,735.18,test,True
BUILD-1114,compile,129.81,build,False
BUILD-1114,package_build,22.09,package,False
BUILD-1114,unit_tests,75.9,test,True
BUILD-1114,dependency_install,18.77,setup,False
BUILD-1115,compile,29.92,build,False
BUILD-1115,integration_tests,190.5,test,True
BUILD-1115,security_scan,25.95,verification,True
BUILD-1115,package_build,58.34,package,False
BUILD-1115,dependency_install,20.03,setup,False
BUILD-1115,unit_tests,96.22,test,True
BUILD-1115,deployment_validation,38.33,validate,False
BUILD-1116,dependency_install,22.63,setup,False
BUILD-1116,package_build,52.51,package,False
BUILD-1116,integration_tests,195.25,test,True
BUILD-1116,compile,77.45,build,False
BUILD-1116,deployment_validation,43.25,validate,False
BUILD-1116,unit_tests,90.19,test,True
BUILD-1117,package_build,21.57,package,False
BUILD-1117,unit_tests,88.48,test,True
BUILD-1117,compile,71.73,build,False
BUILD-1117,integration_tests,192.63,test,True
BUILD-1117,dependency_install,24.23,setup,False
BUILD-1117,deployment_validation,47.03,validate,False
BUILD-1118,integration_tests,214.81,test,True
BUILD-1118,package_build,21.43,package,False
BUILD-1118,deployment_validation,43.6,validate,False
BUILD-1118,dependency_install,38.88,setup,False
BUILD-1118,security_scan,32.17,verification,True
BUILD-1118,unit_tests,99.47,test,True
BUILD-1118,compile,27.98,build,False
BUILD-1119,dependency_install,103.89,setup,False
BUILD-1119,integration_tests,175.28,test,True
BUILD-1119,package_build,114.29,package,False
BUILD-1119,security_scan,130.86,verification,True
BUILD-1119,deployment_validation,45.1,validate,False
BUILD-1119,compile,112.24,build,False
BUILD-1120,compile,97.95,build,False
BUILD-1120,integration_tests,172.32,test,True
BUILD-1120,unit_tests,66.9,test,True
BUILD-1120,deployment_validation,41.73,validate,False
BUILD-1120,security_scan,24.68,verification,True
BUILD-1120,dependency_install,21.6,setup,False
BUILD-1120,package_build,23.89,package,False
BUILD-1121,deployment_validation,34.35,validate,False
BUILD-1121,package_build,17.56,package,False
BUILD-1121,integration_tests,224.67,test,True
BUILD-1121,security_scan,26.37,verification,True
BUILD-1121,compile,32.85,build,False
BUILD-1122,compile,26.86,build,False
BUILD-1122,integration_tests,142.48,test,True
BUILD-1122,package_build,21.05,package,False
BUILD-1122,deployment_validation,52.6,validate,False
BUILD-1122,security_scan,69.57,verification,True
BUILD-1122,dependency_install,20.85,setup,False
BUILD-1123,security_scan,104.5,verification,True
BUILD-1123,integration_tests,213.28,test,True
BUILD-1123,compile,65.59,build,False
BUILD-1123,deployment_validation,46.0,validate,False
BUILD-1123,package_build,36.61,package,False
BUILD-1123,unit_tests,132.9,test,True
BUILD-1124,unit_tests,109.68,test,True
BUILD-1124,package_build,47.15,package,False
BUILD-1124,dependency_install,19.02,setup,False
BUILD-1124,integration_tests,210.59,test,True
BUILD-1124,deployment_validation,49.58,validate,False
BUILD-1124,security_scan,34.55,verification,True
BUILD-1124,compile,32.46,build,False
BUILD-1125,deployment_validation,40.48,validate,False
BUILD-1125,package_build,52.41,package,False
BUILD-1125,dependency_install,17.25,setup,False
BUILD-1125,unit_tests,105.3,test,True
BUILD-1125,compile,109.3,build,False
BUILD-1125,integration_tests,532.94,test,True
BUILD-1125,security_scan,27.11,verification,True
BUILD-1126,package_build,16.18,package,False
BUILD-1126,dependency_install,38.83,setup,False
BUILD-1126,security_scan,24.43,verification,True
BUILD-1126,unit_tests,83.62,test,True
BUILD-1126,compile,28.93,build,False
BUILD-1127,dependency_install,47.19,setup,False
BUILD-1127,deployment_validation,43.48,validate,False
BUILD-1127,security_scan,28.94,verification,True
BUILD-1127,unit_tests,94.65,test,True
BUILD-1127,integration_tests,224.25,test,True
BUILD-1128,security_scan,155.27,verification,True
BUILD-1128,deployment_validation,53.26,validate,False
BUILD-1128,integration_tests,188.83,test,True
BUILD-1128,package_build,87.58,package,False
BUILD-1128,unit_tests,118.55,test,True
BUILD-1128,dependency_install,148.3,setup,False
BUILD-1128,compile,181.46,build,False
BUILD-1129,compile,35.07,build,False
BUILD-1129,unit_tests,105.18,test,False
BUILD-1129,dependency_install,24.13,setup,False
BUILD-1129,security_scan,34.2,verification,False
BUILD-1129,integration_tests,182.75,test,False
BUILD-1129,package_build,61.24,package,False
BUILD-1129,deployment_validation,38.12,validate,False
BUILD-1130,unit_tests,83.58,test,False
BUILD-1130,package_build,19.3,package,False
BUILD-1130,dependency_install,15.87,setup,False
BUILD-1130,security_scan,29.41,verification,False
BUILD-1130,compile,83.74,build,False
BUILD-1130,integration_tests,174.38,test,False
BUILD-1131,unit_tests,108.93,test,True
BUILD-1131,security_scan,44.96,verification,True
BUILD-1131,dependency_install,104.82,setup,False
BUILD-1131,compile,125.71,build,False
BUILD-1131,package_build,105.14,package,False
BUILD-1131,deployment_validation,21.17,validate,False
BUILD-1132,package_build,18.65,package,False
BUILD-1132,compile,80.72,build,False
BUILD-1132,integration_tests,136.12,test,False
BUILD-1132,dependency_install,20.5,setup,False
BUILD-1132,deployment_validation,37.51,validate,False
BUILD-1132,security_scan,85.77,verification,False
BUILD-1132,unit_tests,115.11,test,False
BUILD-1133,deployment_validation,44.71,validate,False
BUILD-1133,dependency_install,12.08,setup,False
BUILD-1133,unit_tests,75.0,test,True
BUILD-1133,package_build,17.28,package,False
BUILD-1133,compile,37.47,build,False
BUILD-1133,integration_tests,174.54,test,True
BUILD-1134,unit_tests,74.45,test,True
BUILD-1134,compile,41.11,build,False
BUILD-1134,integration_tests,205.74,test,True
BUILD-1134,security_scan,35.23,verification,True
BUILD-1134,deployment_validation,36.22,validate,False
BUILD-1135,deployment_validation,32.24,validate,False
BUILD-1135,compile,156.02,build,False
BUILD-1135,dependency_install,73.27,setup,False
BUILD-1135,package_build,88.27,package,False
BUILD-1135,unit_tests,88.96,test,True
BUILD-1136,deployment_validation,55.68,validate,False
BUILD-1136,security_scan,51.42,verification,True
BUILD-1136,integration_tests,301.32,test,True
BUILD-1136,compile,56.38,build,False
BUILD-1136,dependency_install,33.42,setup,False
BUILD-1137,package_build,22.86,package,False
BUILD-1137,deployment_validation,40.9,validate,False
BUILD-1137,integration_tests,533.18,test,True
BUILD-1137,security_scan,36.2,verification,True
BUILD-1137,dependency_install,39.05,setup,False
BUILD-1138,unit_tests,96.29,test,True
BUILD-1138,package_build,22.25,package,False
BUILD-1138,integration_tests,190.78,test,True
BUILD-1138,security_scan,22.3,verification,True
BUILD-1138,compile,86.8,build,False
BUILD-1139,dependency_install,15.03,setup,False
BUILD-1139,security_scan,79.06,verification,True
BUILD-1139,package_build,21.13,package,False
BUILD-1139,integration_tests,218.36,test,True
BUILD-1139,unit_tests,93.23,test,True
BUILD-1139,deployment_validation,48.64,validate,False
BUILD-1140,compile,41.26,build,False
BUILD-1140,package_build,20.84,package,False
BUILD-1140,deployment_validation,42.12,validate,False
BUILD-1140,security_scan,23.34,verification,False
BUILD-1140,dependency_install,19.86,setup,False
BUILD-1140,unit_tests,73.85,test,False
BUILD-1140,integration_tests,149.14,test,False
BUILD-1141,dependency_install,28.14,setup,False
BUILD-1141,deployment_validation,49.92,validate,False
BUILD-1141,integration_tests,218.28,test,True
BUILD-1141,compile,62.02,build,False
BUILD-1141,security_scan,43.56,verification,True
BUILD-1142,security_scan,31.7,verification,False
BUILD-1142,integration_tests,251.19,test,False
BUILD-1142,package_build,58.65,package,False
BUILD-1142,dependency_install,23.78,setup,False
BUILD-1142,compile,38.35,build,False
BUILD-1142,unit_tests,97.37,test,False
BUILD-1143,integration_tests,239.3,test,True
BUILD-1143,deployment_validation,43.43,validate,False
BUILD-1143,unit_tests,135.78,test,True
BUILD-1143,compile,37.34,build,False
BUILD-1143,security_scan,95.99,verification,True
BUILD-1143,dependency_install,30.21,setup,False
BUILD-1143,package_build,65.19,package,False
BUILD-1144,unit_tests,89.71,test,True
BUILD-1144,compile,146.41,build,False
BUILD-1144,package_build,57.97,package,False
BUILD-1144,integration_tests,127.97,test,True
BUILD-1144,dependency_install,83.31,setup,False
BUILD-1144,security_scan,158.27,verification,True
BUILD-1145,security_scan,68.19,verification,True
BUILD-1145,compile,30.94,build,False
BUILD-1145,dependency_install,46.62,setup,False
BUILD-1145,integration_tests,158.18,test,True
BUILD-1145,unit_tests,96.04,test,True
BUILD-1145,deployment_validation,33.05,validate,False
BUILD-1145,package_build,48.63,package,False
BUILD-1146,compile,74.9,build,False
BUILD-1146,package_build,22.06,package,False
BUILD-1146,integration_tests,174.53,test,True
BUILD-1146,security_scan,32.32,verification,True
BUILD-1146,deployment_validation,42.81,validate,False
BUILD-1146,dependency_install,21.03,setup,False
BUILD-1146,unit_tests,98.98,test,True
BUILD-1147,package_build,22.84,package,False
BUILD-1147,unit_tests,91.95,test,True
BUILD-1147,integration_tests,551.52,test,True
BUILD-1147,dependency_install,62.76,setup,False
BUILD-1147,compile,114.28,build,False
BUILD-1147,security_scan,26.87,verification,True
BUILD-1148,security_scan,25.14,verification,False
BUILD-1148,dependency_install,18.75,setup,False
BUILD-1148,unit_tests,73.88,test,False
BUILD-1148,compile,79.39,build,False
BUILD-1148,deployment_validation,30.51,validate,False
BUILD-1148,integration_tests,190.49,test,False
BUILD-1148,package_build,24.8,package,False
BUILD-1149,security_scan,64.13,verification,True
BUILD-1149,deployment_validation,42.8,validate,False
BUILD-1149,compile,155.55,build,False
BUILD-1149,integration_tests,166.38,test,True
BUILD-1149,dependency_install,80.32,setup,False
BUILD-1149,package_build,120.8,package,False
BUILD-1149,unit_tests,89.5,test,True
BUILD-1150,compile,30.41,build,False
BUILD-1150,deployment_validation,42.62,validate,False
BUILD-1150,security_scan,27.9,verification,False
BUILD-1150,dependency_install,19.82,setup,False
BUILD-1150,package_build,25.46,package,False
BUILD-1150,unit_tests,106.27,test,False
BUILD-1151,security_scan,24.42,verification,True
BUILD-1151,unit_tests,119.88,test,True
BUILD-1151,deployment_validation,44.34,validate,False
BUILD-1151,dependency_install,13.97,setup,False
BUILD-1151,compile,27.52,build,False
BUILD-1152,deployment_validation,35.15,validate,False
BUILD-1152,unit_tests,91.45,test,True
BUILD-1152,integration_tests,203.66,test,True
BUILD-1152,package_build,18.31,package,False
BUILD-1152,dependency_install,18.49,setup,False
BUILD-1152,compile,26.17,build,False
BUILD-1152,security_scan,29.14,verification,True
BUILD-1153,dependency_install,15.32,setup,False
BUILD-1153,package_build,26.82,package,False
BUILD-1153,compile,80.09,build,False
BUILD-1153,deployment_validation,45.52,validate,False
BUILD-1153,integration_tests,182.69,test,True
BUILD-1153,unit_tests,94.9,test,True
BUILD-1154,security_scan,31.37,verification,True
BUILD-1154,unit_tests,114.4,test,True
BUILD-1154,compile,36.31,build,False
BUILD-1154,deployment_validation,44.09,validate,False
BUILD-1154,dependency_install,22.24,setup,False
BUILD-1154,package_build,19.08,package,False
BUILD-1154,integration_tests,203.14,test,True
BUILD-1155,compile,34.6,build,False
BUILD-1155,unit_tests,124.89,test,True
BUILD-1155,security_scan,76.27,verification,True
BUILD-1155,integration_tests,162.76,test,True
BUILD-1155,deployment_validation,40.39,validate,False
BUILD-1155,dependency_install,20.36,setup,False
BUILD-1156,package_build,110.37,package,False
BUILD-1156,integration_tests,239.62,test,True
BUILD-1156,unit_tests,76.52,test,True
BUILD-1156,dependency_install,103.75,setup,False
BUILD-1156,security_scan,130.06,verification,True
BUILD-1156,compile,176.24,build,False
BUILD-1157,security_scan,28.14,verification,False
BUILD-1157,package_build,62.98,package,False
BUILD-1157,compile,97.07,build,False
BUILD-1157,unit_tests,100.74,test,False
BUILD-1157,integration_tests,167.19,test,False
BUILD-1157,deployment_validation,35.9,validate,False
BUILD-1158,unit_tests,87.78,test,True
BUILD-1158,compile,206.95,build,False
BUILD-1158,package_build,158.81,package,False
BUILD-1158,integration_tests,124.72,test,True
BUILD-1158,deployment_validation,38.68,validate,False
BUILD-1158,dependency_install,89.77,setup,False
BUILD-1158,security_scan,52.65,verification,True
BUILD-1159,compile,186.7,build,False
BUILD-1159,unit_tests,101.4,test,True
BUILD-1159,deployment_validation,45.53,validate,False
BUILD-1159,security_scan,142.4,verification,True
BUILD-1159,package_build,46.76,package,False
BUILD-1159,dependency_install,122.6,setup,False
BUILD-1160,unit_tests,105.48,test,True
BUILD-1160,dependency_install,81.91,setup,False
BUILD-1160,compile,57.82,build,False
BUILD-1160,package_build,71.04,package,False
BUILD-1160,security_scan,160.3,verification,True
BUILD-1161,dependency_install,17.13,setup,False
BUILD-1161,deployment_validation,42.58,validate,False
BUILD-1161,compile,24.84,build,False
BUILD-1161,security_scan,30.15,verification,True
BUILD-1161,unit_tests,91.11,test,True
BUILD-1161,integration_tests,234.28,test,True
BUILD-1161,package_build,13.21,package,False
BUILD-1162,compile,35.19,build,False
BUILD-1162,security_scan,69.57,verification,False
BUILD-1162,unit_tests,105.21,test,False
BUILD-1162,package_build,75.49,package,False
BUILD-1162,deployment_validation,42.73,validate,False
BUILD-1162,integration_tests,180.65,test,False
BUILD-1162,dependency_install,37.6,setup,False
BUILD-1163,integration_tests,681.97,test,True
BUILD-1163,package_build,27.32,package,False
BUILD-1163,dependency_install,23.66,setup,False
BUILD-1163,deployment_validation,41.37,validate,False
BUILD-1163,security_scan,29.97,verification,True
BUILD-1163,compile,120.79,build,False
BUILD-1163,unit_tests,87.61,test,True
BUILD-1164,dependency_install,19.81,setup,False
BUILD-1164,security_scan,24.43,verification,True
BUILD-1164,unit_tests,85.77,test,True
BUILD-1164,deployment_validation,32.28,validate,False
BUILD-1164,package_build,15.54,package,False
BUILD-1164,compile,32.35,build,False
BUILD-1165,package_build,51.29,package,False
BUILD-1165,unit_tests,103.37,test,True
BUILD-1165,security_scan,58.11,verification,True
BUILD-1165,compile,31.7,build,False
BUILD-1165,dependency_install,21.19,setup,False
BUILD-1166,package_build,22.87,package,False
BUILD-1166,unit_tests,77.01,test,False
BUILD-1166,compile,60.2,build,False
BUILD-1166,dependency_install,22.49,setup,False
BUILD-1166,integration_tests,207.73,test,False
BUILD-1167,compile,40.36,build,False
BUILD-1167,security_scan,17.59,verification,False
BUILD-1167,package_build,19.11,package,False
BUILD-1167,dependency_install,23.12,setup,False
BUILD-1167,integration_tests,184.09,test,False
BUILD-1167,deployment_validation,33.86,validate,False
BUILD-1168,deployment_validation,50.42,validate,False
BUILD-1168,compile,158.91,build,False
BUILD-1168,security_scan,92.57,verification,True
BUILD-1168,integration_tests,334.6,test,True
BUILD-1168,package_build,70.64,package,False
BUILD-1168,dependency_install,79.26,setup,False
BUILD-1168,unit_tests,201.79,test,True
BUILD-1169,compile,150.38,build,False
BUILD-1169,integration_tests,462.22,test,True
BUILD-1169,security_scan,54.17,verification,True
BUILD-1169,dependency_install,21.64,setup,False
BUILD-1169,deployment_validation,48.81,validate,False
BUILD-1169,unit_tests,96.83,test,True
BUILD-1169,package_build,20.5,package,False
BUILD-1170,dependency_install,14.24,setup,False
BUILD-1170,compile,26.89,build,False
BUILD-1170,integration_tests,155.63,test,True
BUILD-1170,package_build,24.58,package,False
BUILD-1170,unit_tests,98.45,test,True
BUILD-1171,unit_tests,82.87,test,True
BUILD-1171,dependency_install,16.43,setup,False
BUILD-1171,security_scan,25.19,verification,True
BUILD-1171,compile,30.31,build,False
BUILD-1171,integration_tests,177.03,test,True
BUILD-1172,compile,128.59,build,False
BUILD-1172,dependency_install,19.57,setup,False
BUILD-1172,package_build,18.49,package,False
BUILD-1172,unit_tests,115.57,test,True
BUILD-1172,security_scan,22.66,verification,True
BUILD-1172,integration_tests,655.81,test,True
BUILD-1173,compile,161.43,build,False
BUILD-1173,integration_tests,180.65,test,True
BUILD-1173,dependency_install,100.66,setup,False
BUILD-1173,deployment_validation,44.85,validate,False
BUILD-1173,unit_tests,106.23,test,True
BUILD-1173,security_scan,162.61,verification,True
BUILD-1174,deployment_validation,40.9,validate,False
BUILD-1174,dependency_install,17.43,setup,False
BUILD-1174,integration_tests,207.85,test,True
BUILD-1174,package_build,18.52,package,False
BUILD-1174,compile,23.92,build,False
BUILD-1175,deployment_validation,31.88,validate,False
BUILD-1175,security_scan,23.26,verification,True
BUILD-1175,dependency_install,18.62,setup,False
BUILD-1175,unit_tests,94.79,test,True
BUILD-1175,integration_tests,187.02,test,True
BUILD-1176,package_build,31.05,package,False
BUILD-1176,deployment_validation,36.84,validate,False
BUILD-1176,dependency_install,19.58,setup,False
BUILD-1176,integration_tests,182.0,test,False
BUILD-1176,security_scan,31.96,verification,False
BUILD-1176,compile,84.52,build,False
BUILD-1177,integration_tests,139.3,test,False
BUILD-1177,package_build,45.82,package,False
BUILD-1177,unit_tests,101.11,test,False
BUILD-1177,dependency_install,50.2,setup,False
BUILD-1177,deployment_validation,53.16,validate,False
BUILD-1177,security_scan,80.03,verification,False
BUILD-1177,compile,35.69,build,False
BUILD-1178,dependency_install,22.12,setup,False
BUILD-1178,integration_tests,149.9,test,True
BUILD-1178,package_build,21.87,package,False
BUILD-1178,deployment_validation,44.8,validate,False
BUILD-1178,unit_tests,103.4,test,True
BUILD-1179,integration_tests,148.74,test,True
BUILD-1179,dependency_install,17.09,setup,False
BUILD-1179,unit_tests,100.46,test,True
BUILD-1179,deployment_validation,49.76,validate,False
BUILD-1179,compile,28.99,build,False
BUILD-1179,security_scan,23.08,verification,True
BUILD-1180,compile,83.0,build,False
BUILD-1180,package_build,31.69,package,False
BUILD-1180,dependency_install,43.76,setup,False
BUILD-1180,unit_tests,92.07,test,True
BUILD-1180,integration_tests,143.16,test,True
BUILD-1180,security_scan,27.11,verification,True
BUILD-1180,deployment_validation,44.86,validate,False
BUILD-1181,compile,28.97,build,False
BUILD-1181,security_scan,28.15,verification,True
BUILD-1181,dependency_install,16.82,setup,False
BUILD-1181,package_build,13.67,package,False
BUILD-1181,unit_tests,96.79,test,True
BUILD-1181,deployment_validation,55.92,validate,False
BUILD-1181,integration_tests,212.11,test,True
BUILD-1182,security_scan,34.89,verification,True
BUILD-1182,package_build,39.38,package,False
BUILD-1182,unit_tests,75.46,test,True
BUILD-1182,integration_tests,178.18,test,True
BUILD-1182,compile,38.98,build,False
BUILD-1182,deployment_validation,44.87,validate,False
BUILD-1182,dependency_install,22.76,setup,False
BUILD-1183,integration_tests,182.52,test,True
BUILD-1183,compile,115.98,build,False
BUILD-1183,unit_tests,148.76,test,True
BUILD-1183,deployment_validation,63.32,validate,False
BUILD-1183,dependency_install,77.76,setup,False
BUILD-1184,deployment_validation,41.88,validate,False
BUILD-1184,compile,25.39,build,False
BUILD-1184,security_scan,36.96,verification,False
BUILD-1184,dependency_install,44.25,setup,False
BUILD-1184,package_build,24.89,package,False
BUILD-1184,integration_tests,117.75,test,False
BUILD-1184,unit_tests,118.67,test,False
BUILD-1185,security_scan,50.14,verification,True
BUILD-1185,deployment_validation,61.64,validate,False
BUILD-1185,unit_tests,178.65,test,True
BUILD-1185,package_build,58.77,package,False
BUILD-1185,integration_tests,288.15,test,True
BUILD-1185,dependency_install,29.59,setup,False
BUILD-1186,package_build,91.89,package,False
BUILD-1186,compile,194.01,build,False
BUILD-1186,deployment_validation,36.7,validate,False
BUILD-1186,unit_tests,87.73,test,True
BUILD-1186,security_scan,182.87,verification,True
BUILD-1186,dependency_install,51.37,setup,False
BUILD-1186,integration_tests,163.85,test,True
BUILD-1187,security_scan,76.44,verification,True
BUILD-1187,integration_tests,179.12,test,True
BUILD-1187,compile,89.97,build,False
BUILD-1187,unit_tests,82.09,test,True
BUILD-1187,deployment_validation,29.32,validate,False
BUILD-1187,package_build,20.7,package,False
BUILD-1187,dependency_install,17.92,setup,False
BUILD-1188,dependency_install,92.12,setup,False
BUILD-1188,package_build,127.99,package,False
BUILD-1188,security_scan,122.27,verification,True
BUILD-1188,integration_tests,184.06,test,True
BUILD-1188,unit_tests,97.25,test,True
BUILD-1188,compile,188.48,build,False
BUILD-1188,deployment_validation,39.86,validate,False
BUILD-1189,security_scan,61.65,verification,True
BUILD-1189,integration_tests,217.78,test,True
BUILD-1189,compile,146.36,build,False
BUILD-1189,package_build,95.0,package,False
BUILD-1189,deployment_validation,41.13,validate,False
BUILD-1190,compile,39.59,build,False
BUILD-1190,dependency_install,59.91,setup,False
BUILD-1190,integration_tests,158.76,test,True
BUILD-1190,deployment_validation,41.99,validate,False
BUILD-1190,package_build,16.58,package,False
BUILD-1190,unit_tests,101.47,test,True
BUILD-1190,security_scan,27.32,verification,True
BUILD-1191,compile,30.05,build,False
BUILD-1191,unit_tests,105.43,test,False
BUILD-1191,dependency_install,51.8,setup,False
BUILD-1191,package_build,22.58,package,False
BUILD-1191,deployment_validation,34.81,validate,False
BUILD-1191,integration_tests,222.92,test,False
BUILD-1192,compile,100.43,build,False
BUILD-1192,security_scan,24.9,verification,True
BUILD-1192,package_build,27.15,package,False
BUILD-1192,dependency_install,21.57,setup,False
BUILD-1192,integration_tests,580.42,test,True
BUILD-1192,deployment_validation,30.47,validate,False
BUILD-1193,compile,39.51,build,False
BUILD-1193,package_build,20.2,package,False
BUILD-1193,security_scan,24.22,verification,False
BUILD-1193,deployment_validation,39.54,validate,False
BUILD-1193,dependency_install,18.83,setup,False
BUILD-1193,unit_tests,88.94,test,False
BUILD-1194,package_build,10.67,package,False
BUILD-1194,security_scan,29.75,verification,True
BUILD-1194,compile,32.19,build,False
BUILD-1194,dependency_install,16.25,setup,False
BUILD-1194,unit_tests,92.95,test,True
BUILD-1195,security_scan,28.48,verification,True
BUILD-1195,deployment_validation,51.48,validate,False
BUILD-1195,package_build,14.02,package,False
BUILD-1195,compile,103.8,build,False
BUILD-1195,dependency_install,17.54,setup,False
BUILD-1195,integration_tests,191.26,test,True
BUILD-1195,unit_tests,80.97,test,True
BUILD-1196,unit_tests,84.69,test,True
BUILD-1196,dependency_install,97.32,setup,False
BUILD-1196,integration_tests,153.78,test,True
BUILD-1196,deployment_validation,39.32,validate,False
BUILD-1196,package_build,88.48,package,False
BUILD-1196,compile,153.17,build,False
BUILD-1197,unit_tests,102.63,test,False
BUILD-1197,deployment_validation,47.25,validate,False
BUILD-1197,compile,58.64,build,False
BUILD-1197,package_build,26.09,package,False
BUILD-1197,integration_tests,247.65,test,False
BUILD-1197,dependency_install,18.88,setup,False
BUILD-1198,compile,22.24,build,False
BUILD-1198,unit_tests,90.64,test,True
BUILD-1198,package_build,20.25,package,False
BUILD-1198,integration_tests,157.37,test,True
BUILD-1198,security_scan,22.29,verification,True
BUILD-1198,deployment_validation,43.56,validate,False
BUILD-1199,dependency_install,125.35,setup,False
BUILD-1199,deployment_validation,41.43,validate,False
BUILD-1199,package_build,115.69,package,False
BUILD-1199,compile,163.42,build,False
BUILD-1199,unit_tests,98.3,test,True
BUILD-1199,integration_tests,154.96,test,True
BUILD-1200,security_scan,63.34,verification,False
BUILD-1200,package_build,26.31,package,False
BUILD-1200,compile,77.2,build,False
BUILD-1200,deployment_validation,41.21,validate,False
BUILD-1200,integration_tests,166.64,test,False
BUILD-1200,dependency_install,38.14,setup,False
